conventional,0.2848280239529122,-7353.584226970931,2460.7039929613047,2408.742331986285,2565.5598871996003,2795.4222879170657,811.4642782319969,1309.2490034319592,1119.8184588527408,2622.6488376660336,784.0089090740186,1882.0169785235548,1835.6961987846346,561.2403207074792,2214.7074712979515,2198.876164099507,1593.5972207184236,2206.43611641188,1755.5716250784856,500.55210394628614,617.9368450804237,234.44824306461325,2511.3737738232294,966.7944049875447,1377.056781055136,81.58323314398423,1532.618622172002,2072.4421687859713,1247.0199477773933,21.013244038635744
conventional,0.14394053207647062,-7731.259951316427,537.4424201059219,299.3993987960245,1244.1828730670613,2656.723864969293,1734.6799960716032,2210.0100626173025,698.6306885819946,1571.2691429138106,2128.449926014911,2474.677006746444,2421.56647464419,697.692030819409
conventional,0.828897294207326,-2242.166259871443,2405.8958135723396,1665.7008115161939,558.2992512057926,1766.2372463762165,1555.199917876497,2876.0288478022608,125.57612633223413,493.2507080188297,2949.894666789386,2496.7824526657187,451.6671254788758,688.1097983928936,1617.8756865826147,471.7855101499939,971.9584162348033,148.9083498463701,2135.3202041528834,236.6096778133004,2983.818148094667,2761.788945453428,2366.6977878221555,2317.445265511361,1103.889148651338,2036.4398126680971,2284.015042114207,1442.8479887316032,185.51361573814907,1878.6857422730366,977.9567358284564,1830.6571234555577,1263.0645547500988,2857.6398183396423,605.5822540037107
conventional,0.10108559234831471,-5609.973685306525,241.0587860881108,495.69018156545076,2901.878650079157,692.696944039713,491.4655524648996,865.5987217149395,1611.8244670532392,1559.3204013516392,10.992102172062959
conventional,-0.15131886672013561,-6611.074718170301,2657.9313170267537,2505.9543059981984
conventional,0.5458100071330132,-2716.358970114253,2250.32001373923,199.28332489408075,2254.6162075580937,1383.134921563699,546.6307938811187,2756.8850147913518,553.778928911685,1119.3679131721485
conventional,0.2864650909844082,-4008.27387244059,534.7736243334338,2040.1247060567614,1555.2805355719959,747.5727973102083,1240.3388820298278,2075.9580357013633,975.5671333843201,204.05023035835043,1382.048638805382,585.9983824253329,1864.3162867809342,606.4663144849196,405.94222747799614
conventional,0.43831327045806523,-3369.851762219173,877.6234131973779,1615.2385947516232,2080.452597784835,2013.320361774866,2395.3834346275657,780.548542878418,1281.2010611301362,1092.5169006205324,1550.5444316206103,1722.5647186233966,1888.2354748600953,204.79401622983752,1114.2808230232108,2125.9831770791648,106.94653544213709,2238.9682208807867
conventional,0.3245383369318977,-4077.734378291802,1348.0646223761933,793.7578071149752,2211.925976492695,1441.7358782443596,796.1233331801669,89.02866942946561,1035.8693259065901,2763.0550807498626,2028.7585929245452,1877.1817997093635,2801.70880709102,92.78436250292859,1807.7668027025254,564.664348900168,1191.435875304739,546.3243202388064,1048.040218259779,2704.2338748659618,2176.4514384463487,2539.028723146368,227.37565879477785,903.229283681871,2352.697745442901,122.31333337243218,569.9777386219656
conventional,0.6221345373566973,-1514.161624713292,920.2302697711154,999.1643875200378,603.5149300065226,450.5565058058949,2855.168494242987,95.54695883497813,2991.482341466392
conventional,0.25789474101702337,-3261.5500582619534,123.3956198307283,299.7485245945132,446.39614323223253,619.5671636700934,1709.9766024316748,1077.3214052766527,2933.2035455330097,853.0457634404348,2568.982284147157,276.23094826834784,1583.2866090593939,1648.8735008619526,1972.2307982446346,1230.9986435858468,1572.443501194018,2333.659641917436,455.65398660103125,1595.3266766052643,1764.6561269893625,2345.309561648209,491.9698697028026,1244.344452093562,74.68330270709328,1988.0054894613493,2604.2204942175263,1061.2291253044045,2448.981188291206
conventional,4.516754911771877,-268.6816339228396,1411.2497158236222,138.1713203915856,940.3529609966595,2402.1166016542,377.2549919096644,1696.5432165709644,171.09975045328505,330.3667951526824,2856.5407153663996,290.1257350499851,523.1681662034038,2820.2853361710404,927.2438434300377,650.2550872914345,290.2705226084431,1498.2818703489154,177.61467215899071,660.9401357931705,667.133200796224,2235.6931140045654,487.2289010228129,1764.8250225878126,725.8323167545734,2981.469604152543,2971.9240287783537,2771.6372141694856,2700.350546726568,1661.5282811340078,2792.6360074797185,1919.940067957513,479.0130233363338,2197.3134571976802,2548.0101980368368,44.34009663889956,585.5624105599873,2353.116232448958,2304.38128144426,1682.1814051919553,367.807595769288,796.4944075344349
conventional,0.5899850257244883,-2214.546270726473,833.5926265995867,1493.513350605937,2202.838356550109,1340.7532139631787,1211.235443823153,748.1507031424287,1352.3542627480165,2511.444148786012,1513.79885532135,1554.8776263695563,1539.1185303394325,1621.0637380621267,2042.9788662610251,717.2607204295075,1480.1543985981102,248.17226830948803,1397.2071705831027
conventional,0.531356889431357,-2567.291001958575,911.8556784128785,1699.022550342198,514.4618736704819,2186.1711224836154,2909.3972043251324,1155.1488083109693,1711.373999845622,1909.1026971136864,2394.14643493172,1887.7112162693736,1550.044281391668,2161.7867228431296,72.24130483133375,2819.4391897728096,2695.999423321828,2081.759244113768,605.6556198323076,1877.187017048443,85.34366026254521,1193.700667557914,646.8930180118122,1684.1514382963771
conventional,0.7816526999059479,-2381.419054519983,2760.172930663813,612.8809471693893,2754.9258825597994,18.542816218949813,454.8538146303891,1746.523400105234,2786.376974539408,400.7893389227957,640.3561552247675,2512.9679109217227,1869.3354790003295,1531.0951729131007,87.95650074730042,1286.7745172125997,2764.7140925372723,1743.5534552874321,2373.126433340426,1921.613756230064
conventional,0.37193934731849665,-5750.831518087169,2970.9600023974535,1506.7186013097062,1612.0133876452762,1975.31550620799,2913.943372227793,2106.138940521771,2750.5843440825784,476.82945488472757,1266.5722984408462,2110.8377799681252,2198.4146384893797,2490.2266847683777,799.8059453724492,944.8343878676889,1238.7563971811971,1177.7090172018359,279.0024869448957,1169.892028059574,1927.522712829656,2218.671403812389,690.3970637308408,1862.4120043060059,2253.561769374355,467.41202272620797,43.95377960430717,481.21465480962127,2037.1120575913462,2740.0472566499334,1162.3997072878437,936.6816807328975
conventional,0.30970557041816416,-3230.2550372189294,118.59231475880634,736.605632211404,1802.0250346741773,1373.9438791363582,1041.3499903025986,1177.0985716355021,412.219500284967,2302.4436223915604,1122.72361308706,2070.23278961737,1703.8084003740105,2700.4350325072105,2389.540368697689,397.73427482836854,1354.820331268664,34.4285224478774,2265.5167898716472,693.0427488979236,2929.788728519671,677.0574241541732,1525.1289355518677,1475.2728549402352,2482.16609010663,1785.9199927565269,2643.4137892936774,959.6006356522785,293.35507803911685,557.9553563889839,139.80541296388998,2122.3973507133965,2058.492341813225,2264.2299543299637,2342.8503598390266,376.3510087144083,193.39183713513302,1977.579155802741,4.438431045754747,1011.8466683942141,1763.3999418076505,1957.6358329375053
conventional,0.11766996047736522,-9498.981935331834,2923.891334970168,932.3019320650696,945.6614507192007,65.25048609422474,364.06286001603166,1315.0848246017608,1925.5070610065882,707.8059538162265,299.2016634080686,2055.146068442935,2016.984851661601,1501.6527448586382,423.7101173024204,591.5363049128712,805.0323096645034,2558.5333871347693,2778.525270454511,142.4391640404574,2810.3434594208566
conventional,0.1360221960134893,-7949.370273479919,700.6022539095164,2901.003752856325,2426.182107698107,418.9718425869017,108.3169525840515,1134.6124196700657,1739.090675123913,74.93011331087435,2863.9082546165355,2018.7272471828223,1550.5277316847216
conventional,0.13321009499262293,-8217.162162341283,1069.9653202711722,225.5344472963852,468.7107488010909,216.5033331374054,2552.1924593570066,397.3000232313389,1083.1975334276274,2880.0462861610335,884.3193061744621,1624.9777522779646,1217.8981876606704,995.350121783778,754.627281346088,2792.5518365579414,509.5764360505048,2147.286816380012,1154.5655276239163,1333.5813552738857,2651.99892367817,769.2744482970892,2311.247360686235,464.31966060353966,2203.432466921341,759.322832798766,2075.085643922815,870.1482551913267,7.851084069166127,1694.292090589157,2134.6660070112835,1659.7130449479953,1130.7752719998587,2700.6272296692355,327.8494237163593
conventional,1.0296214473891956,-1781.5146579805191,2409.536318569881,554.9919345151419,1987.1245838436141,1760.3493396348629,2390.5324007144827,1237.350771897225,2865.6688195033707,2157.5430005213266,1348.1082166708816,364.0829657548391,775.0487974326301,397.9127839315077,1563.9662828987218,2417.757217195398,2226.7947545705943,1911.5873671145102,1281.1275060305557,836.1143143439573,2411.8335713004576,2013.9644677547026,1991.1519984448305,1675.089151831424,2372.168848487491,1767.0435479967841,790.7457944622406,1121.247493946073,929.9061471873017,875.7192292519946,2695.3640088780853,2134.9618746613737,1841.2663374275178,1353.2660562618232,1456.675873314012,316.3175760050339,1424.1862511795564,1763.864921972638
conventional,0.6715460287570274,-1828.9411993444196,569.8161411052367,657.1807760526158,2253.2043415605535,2709.9060769984303,2959.2298196155425,1748.7840172506005,2587.1754737869396,1664.4058601614038,533.1201593050681,526.9150046195534,14.971412217673265,2641.6955956730026,387.84300489075264,2734.5422445236895,2271.8653066989173,177.03219755781092,366.97209210186617,1599.8202246908384,2870.49089816003,2443.6078436889075,1445.1168277603585,1754.3669487241023,1016.0312932875129,280.32904614633145
conventional,-0.524018284481065,-6507.535791234909,300.2680477878516,1331.4160555658345
conventional,3.1040336258073538,-827.2883049966663,2855.9110764177094,1354.1029373227593,2923.8293049053286,2219.6330178281864,432.06431498533715,2488.8950410789976
conventional,0.15095166628833678,-8542.217527779805,1233.045377860809,433.30544649271866,2056.159126149767,1072.1618301449578,2804.3748193718025,1171.1767635699007,42.53136673336534,1032.221217776655,2878.983379092583,1434.4820019709794,2468.7297734579665,1104.5034581144005,1825.641306173801,228.68176996356655,608.2333519155113,312.99630970220244,1208.1303714848664,970.9748646201374,1673.8595127157319,1946.657046874026,720.5505005903777,805.2052816621302,74.72581887797405,365.87526317179174,1144.960011976747,2697.7989605125613
conventional,0.1830788416207958,-7301.502677330704,1971.7513355944689,564.5668769758393,1341.091590493944,1507.723090009889,1691.0095582762399,1261.1220616170333,2759.157441041161,162.71862164987272,1968.5907959264073,2149.597814943451,2922.879682298806,292.00837010075753,1329.6940041919872,923.3356466663182
conventional,0.2721742348105236,-4669.304896539454,1636.1830453478908,1967.7290970812428,2435.0014874147237,1554.3116547876134,1303.833186185325
conventional,0.1351683837544908,-9025.319653111696,257.4160511721949,2434.538343741318,1316.9117497240172,2849.014609493233,1315.641590425931,2944.3563091855685,2574.4995486105877,980.8833701430812,1031.135046023218,1684.7081364982475
conventional,0.4431811857379562,-2714.0937871278898,970.1053686628301,240.16185684687872,2349.019012254263,1467.4366714904615,2194.449037647424,1716.9264144352856,267.8959745027104,807.2645788263775,961.1822291779213,2349.6777271879087,1040.108034588751,2896.9520068187844,2390.2597601878674,2072.577354236491,1595.245701513448,2077.441892473648,1016.8303126006498,307.58305814103596,2574.9235320205603,1379.1713207725907,2874.797751562791,2196.2034655757398,1723.5578574899275,1281.8025511094515,2058.7001843618596,727.8903112940478,1060.228297356699,959.5966476707547,2455.864187793324,2849.544056542743,292.4409202903166,74.49052374228759,1058.7244879234547
conventional,0.13674825810805924,-8488.332167450451,68.44087967651738,2403.741196253819,729.1674405603396,114.06441818430432,1120.3288797924718,2556.895089679817,1.5874804663711661,2431.9239694153607,873.143998458652,1189.5566646144603,1504.1849455786698,541.50145978576,2070.2880925488275,994.8885815700304,2500.063674558699,1267.4103605415232,735.2767748352993,580.8414608501388,1401.2614924782802,2498.28915041009,700.2804406359545,2670.190923489595,2523.9530710585414,2380.0443645372256,1330.6785322001151,530.4030180599893,123.99667461823414,2816.416503849,2513.5842414148574,2797.022122919776
conventional,1.2677144814921188,-1444.8571064791104,1550.28888286145,2846.2411195597087,1843.0570490097161,967.1487855819108,296.4279992245498,403.3249141755824,368.71811849584105,2132.34239554887,985.9448830234555,1304.3862693403782
conventional,0.1194949417285649,-7784.650641453944,1525.1002233387721,633.1962903624127,258.8217810545328,593.7523389478014,622.5204501490775,479.7935087359381,528.6734090458343,1116.7927063765255,2407.838565195782,373.8333571332051,1932.732689958026,428.65320659859213,2788.68165401484,667.9698196952136,2568.268578328946,2891.970262478892,1434.7375501858687,89.18282371647743,835.1200658522954,998.4532890807538,2.083985981658834,984.8800048417166,2248.7836067248068
conventional,0.1901040570833139,-6616.425106334591,79.30464682350627,1097.8054549284138,2127.4789069143267,729.6005702574662,189.8456978012639,1782.3355426429903,2305.2475506000424,2988.427341062178,2184.9066517936953,1346.6471195903384,97.09227315382819,2040.0453383179106,2677.328367296923,1554.4990256003846,1688.4188756953124,277.5162520016617,963.0558072324619,1776.698240047318,2408.9274698082068,974.3420718048699,2495.432030882554,1765.0117441030122,1665.2900831219965,603.6205426803691,2085.608867655253,411.8034166598671,1261.9224411189368,2659.649566312091,2603.887644865892,2833.5791092091313,581.741082685223,2713.5497139353015,1406.7516064947692,494.1814844437723
conventional,0.21450617470386968,-9507.41051371151,2919.665215248991,1076.019241670246,675.5216301939581,2774.121308915235,2138.649602803316,2776.571487198023,2188.5193571229356,2953.917748162391,2190.325621784438,2459.831816549368,2768.6498286705378,1289.789492549659,2759.614780390773,1241.718940143649,2883.063457518673,1626.9797840303577,1922.9507220762869,30.285447100302143,1018.8980902301221,825.6792899436283,36.98071454943472,939.7954941353295,772.3316019808162,327.2052213144846,767.5582324698084
conventional,0.23852526549613629,-5503.874200796905,23.01010980994958,2412.9929694103557,1950.209331762404,1122.7046488308088,478.9397901912128,1975.8973701112868,1208.3663107146294,1525.2940048118894,2090.430113018922,1359.7039911268448,1779.762573209791,2903.0258288512564,1142.122683967593,2731.9034716039823,2140.602655232904
conventional,0.31547069087734125,-5714.023517532933,1262.2952665665227,2025.6398915823047,2576.1317609564762,1673.4237693932223,2796.46627670957,2689.2907139252566,491.26065869225584,171.8182179857873,594.761425105599,1524.2253656047008,2085.2277276601226,2563.1358944259155,2193.5051354366,1963.3601742668473,1803.3296786753685,1962.6605313989603,1200.930828456074,1988.7351499364381,2508.94551589059,2569.5254181776445,2156.0977323993707,2027.170267279063,217.94273489992054,984.5646029155918,1367.3763126414722,921.8609733363994,595.5776180045794,1124.644750343092,2500.601137179129,802.3755321277625,2806.667955909222,19.977798484733313,1266.4487320081553,2164.181187079733,2264.7488191919206,36.78718684789128,346.3463924839473,213.31305364549033
conventional,0.28610251314482316,-7628.431974632124,2671.7612314203516,2263.9782047599656,2514.6520558545776,1923.9945772566614,2209.328585431725,279.6355363988848,2842.847647201038,1250.437620301736,2807.255604122341,1615.531912368556,2259.949500484234,1835.9831881595655,1010.7318392809387,2921.114459997246,2507.6664951651483,1228.902605014425,1977.1554382444483,947.6822272043722,800.2926069253202,2898.276227011037,997.9076410259871,2036.9706545112595,900.1884633774596,1456.9622559589013,548.0652706919985,1158.0479936882953,865.9122757164919,2692.216811561761,546.1139115049203,2538.852121576163,2248.807588563905,2424.9528150590418,2966.652264536515,2207.4420972167227,1565.402709006869,2533.1714867134647,2987.5034947052873,33.664077760970265
conventional,0.21024817098425386,-8790.554070902614,2544.1597868922627,1162.2812308108369,2666.841932084358,222.24231340869014,2766.7010678416077,2876.81829362171,1914.6520575381853,2542.6129417618486,700.7089489005972,453.9769674045929,2853.7314473616175,2262.47403098418,595.7806688039936,556.0564542048126,1058.4909213558985,958.659140161526,712.8919114559135,2325.534628925143,1072.5994252869234,236.34666486818566,590.7188068784853,1640.9599789045026,1952.743087452265,2259.8855109815127,1267.951255724507,605.0970377585231,2461.408700599,2431.095296024867,1757.7505019785685,1392.5936360369974,1216.3981436936556,1099.488699403994,1548.9705828272927,2275.544669964975
conventional,0.1676238590227197,-9198.50777605603,1253.7908389580136,2942.934750010965,273.33085850088855,2513.3543939218434,2552.5631904901725,757.502306435049,831.2203843413195,816.6299897736404,410.6556210677404,2433.5014011943313,2095.4313762325814,2364.2627615367464,1926.6961256124134,784.9431993343652,262.3467261857716,776.1416113845964,2365.152822992596,59.90271357808135,1600.7854362134194,964.9452665767482,866.2433994071323,1004.9399072392223,1775.3153416339594,507.63640820811037,477.98264274420484,2548.8546693679714,2263.694540297889,1079.9109976139753,747.100828918258,1754.099999641341,2797.517068790026,2364.5686013510744,1329.8530262852703,1904.074333864597,1078.379668709851,2128.202757087058,1554.226081494799,82.53010666104599,2022.1560722406875,2614.8662213944026
conventional,2.5039289278663825,-940.0875760945778,2550.9476130665,1809.5962933896112,1989.9606107548698,2190.4674184137775,1607.98704075629,663.141057404461,2421.703134252307,1616.651713195083,2624.4847684892366,468.1807586250254,253.01667853994013,1075.9518547586292,2595.121218164671,64.73782609127377,538.3102617463973,1693.493209773694,2941.1573116607988,157.234590607039,268.688423769795,2222.6010291439143,555.3531583134593,2247.07301892664,2123.069324284634,2869.593227019607,2447.8356085766495,2750.026571774169,237.59942520634195,2444.6095892681683,1147.5981331430473,1322.5903807636084,2586.8719412811083,1280.68072521965,765.9660260232882
conventional,1.660521313763216,-1374.8054533608665,2485.5968575180664,2023.7323659858766,1638.380261545726,2695.2184905720487,1216.3679756087645,1162.02588123705,165.22752394325715,2087.5683044518646,1865.540501655168,2842.537997919431,24.512499574641748,1239.2066802974662
conventional,0.2451436877640656,-7994.738788990678,477.3939866193732,2980.834783367877,2944.180788627801,2389.0367527894364,2835.4477534836196,1616.8124800209223,1476.8650095313528,1415.2795258712135,686.4694852455597,2388.5028499506625,2938.508211401525,1158.0219329525391,1881.5199631256482,850.1055911652713,2596.7316987540003,1226.40208060185,2640.153950536101,2818.2493225233193,1017.573568101781,2307.33863158198,1709.3299419769323,335.6242284318627,2409.750319086969,2341.8233663430633,2953.933484102872,1180.6373371105763,2154.165504881775,772.3973425753524,389.8973157603255
conventional,1.1968019857627135,-1503.581104921813,1677.8502840347242,2693.6907883303747,792.0026994126764,630.8152164817969,2153.463572388445,2383.1452619938705,2825.1966010133547,1958.0128343020967,162.49358650966764,2463.6970593027886,858.6233746574547,1690.9889072797305,2162.938346234555,2934.4757973709675,1654.5901976198672,435.19103428083486,1535.6979511983895,1665.2202536804048,2256.5342955543283,573.985110698439,1655.3172370189284,149.89342849190575,2955.0584141685786,68.84383664301268
conventional,3.7504307546645776,-528.342764290029,1883.7748285008545,2353.290015230582,2231.4205608294214,2818.52036529834,2676.394005422706,259.8252201086794,1185.1596647901733,2897.4195311246344,692.5508787241215,761.3434070768237,1558.8797321543002,2801.258272442039,2132.575819885927,2210.8863783368274,971.897939814784,1899.034915736164,1278.9240099896406,146.00244508868855,150.94130347258596,201.66279331464736,2975.1627694462672,2423.988094665396,1568.6994374804046,853.3585031868859,1523.952143793638,2219.0535299109715,2749.2959685036817,144.07867645953053,1720.0559124979743,232.3062522775259,2367.5515111924574,143.38265900776344,344.9878976579842,2159.181802709771,1027.3359961482313,971.8278060652118
conventional,-0.011984631877261398,-8272.587808242974,633.7581243249707,110.91764883781191,2605.9954381306547,2260.017021453347,2300.87535749878
conventional,0.19047326793018127,-9481.988737846914,2377.8246816762803,2003.777961049314,516.3911406096784,61.39603613605891,2341.8933578241285,2977.3217075865123,2786.3580669121066,1681.637806301173,1968.8319423178725,1323.7620261792765,2640.2636778196334,2728.1628528070364,939.5245137950885,2382.253967024161,1709.3091260189765,2355.098055192283,1934.5116256079762,1479.0517342926528,2242.615141023166,1219.1843004906352,2827.3997584137123,1331.0621391280692,2220.371372468456,2463.02826932308,1501.1101961682266,2548.0421001708205,1581.7107635286259,791.0919747097265
conventional,2.344406924062319,-922.6074581482796,2178.8254987902856,2598.637342920116,242.83703727123245,2905.9364439122537,2852.421774012849,2522.3010261016,1406.557113341158,1862.651734877483,1429.898809632102,881.5338705582998,449.00348748215094,725.6094361032855,2203.192048165418,839.9979333017443,161.27962610870253,2262.007632076748,2032.1993066149028,841.7646117092138,2089.1778567528218,2066.6425380424007,1473.7959660389197,190.48785212172783,1633.1369536925768,1872.461435314509,2039.6422747682038
conventional,1.123113331042167,-1167.3177794163435,1296.8795858392575,1926.7294881566443,1234.9337576875905
conventional,3.5721261582755153,-498.88815330052813,1701.5637605088125,1884.7046275135554,2750.727514760402,2868.2862964196656,1767.7869832676251,2930.1155643441284,347.48232669468683,1711.4624761439297,1914.4916844884722,1570.7431413486981,997.3064709047112,226.02303225651414,35.75719974386037,140.18496316801125,2450.268390436397,1997.179846591791,930.7820201434872,2056.650888284057,1875.43661324963
conventional,-0.32731801723886134,-5496.75135982387,1250.0154938194135,1646.422860667877
conventional,0.22469674774086834,-6972.529976137901,2369.248477289314,10.501256582612271,716.4605392569641,1788.014394508537,2213.008303950059,2742.5659958212973,2002.6100579212318,1889.5398677949056,2456.8538346899977,2432.1710422055553,1824.7324220525402,116.26102463449868,1893.2963557842686,1148.0429131352828,426.62094054485556,655.5095829451868,199.3702225610433,1156.411656527642,1738.8950480738538,2946.2074452290594,547.0826166436843,1735.776274817815,2391.4665409383883,2093.094968040442,1380.0950230326398
conventional,0.5793665112062429,-3709.0135596113696,2722.307719249631,2990.2930303234234,959.493575841313,802.6220745796975,808.7411495074742,2352.1998140630863,2726.4316811492267,579.2560109545354,315.1317125344871,998.8763637967127,2490.80915816973,2542.2810074040126,2850.303062453131,1260.8751954876818,130.81338919166083,138.4709000055293,2419.7218661728743,1124.9421776734143,511.90417154866594,846.1907462312715,301.18405171511546,2748.9835994233536,1291.0828648158445,1515.0840834685553,600.6258900674493,1568.5046682176712,761.8210485712286,2817.2520262767603,2595.805797265615,2156.01657175244,1693.146491511208,2191.8174901161583,255.03532741513968
conventional,0.6290143092330962,-1845.4356053730587,264.0818364518228,2279.9139305551253,365.4182378081748,1784.5617930214285,2777.395758542792,2132.0958001483555,364.2835232041275,2392.7753808448315,2271.0787713027557,2456.9492946858472,2666.68353923495,2124.8016455947686,440.40252625957186,978.4209243402735,2278.431692685458,11.496931695197238,1620.0969883747382,2552.3933762242004,2134.9599468698516,849.6064933928714,559.8770097010878,2239.7260000368697,1815.0987729585343,1364.2754440786425,1784.4245731527576
conventional,1.0917512313178324,-1340.2226163068908,1166.0358414801738,2746.314128105702,461.9869298449553,1226.9157524282864,954.0050795986044,789.4006425486165,778.7864659009091,746.378302300904,152.4166258824187,249.6415401486023,975.9229680934401,178.05761831672234,576.4903292126978,1493.3484091453256,1743.8894684986205,2949.1856788527443,1441.4861992547126,230.0816138785875,2384.8266165515956,197.0751525623961,741.9279658641968,609.1426400037217,2301.382485774303,436.9415090470466,840.5685218040481,2521.099806865509,1745.734290961097,2416.4897035924887,122.75773594341172,1755.0810620603252,347.066319961248,2959.075274870324,284.5266093509453,1435.4944294345498,2748.9557329295767,1782.4424832355303,813.9734193494016,2708.251958583708,2942.5669955253256
conventional,0.45455654660558253,-2056.4121779093384,116.77865001305848,1598.1714982310857,263.35703172408546,923.1923190418299,2756.3998314451846,2228.4290228647124,961.1390870388659,2129.543646810314,1526.6749313403132,33.62016874488937,1397.2056031287523,9.017299975905654,188.42433887711672,304.7649287407109,1269.2708025329407,2124.1506456657185,1185.9861642805172,1248.7886943416609,819.8809934331194,742.5639870532431,2105.3940935086907
conventional,0.13113236572296638,-9015.504696541584,223.0947361185143,2005.1111263566195,225.25412210525357,1060.1131117550551,382.9837855057515,1898.1248769802062,373.2925718861856,264.67120015797656,2207.995514346586,2035.2529614447417,2538.0756752129664,2726.69421862191,2138.916795223565,2486.3429787630184,865.7594597116178,1373.4442393167085,1636.375087400504,1193.7645115043595,1387.3063669297771,1445.3475539043575,1552.834976116943,116.8372161891295,446.0088836826059,2315.643843654791,2596.0739426460436,622.4955899877112,337.45573239927126,702.4448680708815,2636.591027342422,1330.385955234506,2937.832061652896,1489.8097871703314,349.17720428379204,2295.5110305880085
conventional,0.2631694384260861,-7116.24431903085,2242.9691796567918,2675.8862411439477,2302.4994395187123,2660.394311281327,729.851609266723,1471.220381006277,1735.7996836363627,1698.6011965395264,2347.662095414874
conventional,0.2103381908713844,-7604.950932635287,2914.8366516131355,2611.874234452159,1006.8551691870748,1337.1276385467863,6.131136810308944,2232.2840730601697,1248.0370565944402,1787.4347141863448,914.0344283936525,1871.9827577203698,898.8874817487722,382.87622608180345,964.7361444856243,1784.2909287904972
conventional,0.5723756447416923,-1597.6875091487477,110.92286497446058,2001.9552278863816,813.0800579966678,2144.8348289076507,196.35116227901213,400.8307999883305,948.7597677557283,1556.8153549914853,721.0520967920045,380.13078238608455,335.932201437082,1100.2394894122244,187.67709498935278,1625.4716987700865,88.99943505783497,1561.2823033951192,951.411191687811,119.46112585325092,67.31152646269682,1746.5554044398232
conventional,0.6991855491429131,-1883.4624157241276,1713.522507567867,256.07525319921365,1397.788143163291,2449.820272865164,568.0427751524605,1394.7153024478969,2709.3881231354626,804.5077736502485,2347.904462189164,234.0155093911224,822.8735238483907,2329.952422189039,2603.4130540255037,873.4444691624284,1234.043337627495,995.2666332404337,577.8329934082798,989.5564210084129,2517.59086321476,1722.7683734784644,2531.281340605771,1712.5774844840882,2032.077435519072,1664.9401251900576,637.5170255662306,1472.1669960517556,1033.9979343563048,687.6610205262434,948.5338671672665,2759.385254467977,2888.400526731508,2903.93155342183,1634.5021981753862,827.146424869578,1095.9528071017241
conventional,0.3141879112480035,-5594.201779554396,945.2541471814335,2394.2140624184985,2704.567033162617,2401.7686381786525,818.6441507753894,2344.240722250373,1156.6039010525315,1017.2579124571943,2685.3115962795764,148.58553691666503,70.44765708064274,2412.7568470165834,1377.4631674444586,947.9514736626787,2807.6527854020874,2989.642086124854,2756.709413162719,2634.1381448153084,2832.6234771437457,712.6035508594646
conventional,0.3373304614788324,-2959.5905664408656,291.89748633058815,396.7423648169349,1300.8325475448635,2844.9225730336384,713.3305556169068,1629.4733192032459,1319.7387730259725,512.1267335484123,2085.972255467964,913.070047883213,136.92710884636415,2548.986408406865,2286.4278005981055,141.0438465479573,1357.6209020487302,957.6763851408356,1969.2711376456912,941.581797056139,2098.327776745706,138.23799622550848,2723.629376460666,1940.8085504371898,1195.5593779538422,2454.7169731940116,2221.556223972687,940.7195499257426,270.508533188419,1916.1587680139326,1274.0378085949376,2602.419231059548,450.76097206990624,2492.622776386112,2531.5663011734723,615.8679810147161,767.5443932446829,1842.3783364349354
conventional,1.5159289581733244,-762.9519754499448,220.09206596385488,2754.7895786514873,2684.3996256672463,2590.7343938270665,311.7894011919234,173.38622454425368,1363.669037246348,1139.4062146017025,1504.6595658689755,246.79485870291683,38.51517029470987,1056.813288166838,1213.3125893821775,1889.3047976174817,723.6168039652181,378.61015711232807,2232.10370936521,1967.2202515575634,1988.100437011699,1428.467767591355
conventional,0.6015479559692065,-1963.9881340474194,126.35185494411242,2028.1982244825535,1408.3737731859078,2877.917850175377,9.53284096866473,2426.2025426403125,1798.7422218300692,1800.2639656453678,1600.6958253939104,2842.2615712730326,413.0476817170821,910.1509909547035,310.5428029666336,2196.26042930988,2209.031559427648,296.4564458826759,2013.7883816248848,163.0046850797649,2184.7873718812334,2257.6566149323667,2492.527073957089
conventional,0.32163964408072765,-4057.1403291153374,1271.7841252754338,90.40113688190013,324.4505528380192,2225.6672142448956,2064.772372385011,2366.7561432558873,2906.770854469305,2665.503352759634,902.8106161262095,1971.4117666556078,1978.6816223847652,682.6693098746582,2279.5860946266707,2728.890783496093,1773.6338998550877,2344.6953816232462,843.5922546905432,2533.9116273654936,993.2088614830324,912.8155840899792,1692.75332191523
conventional,2.3650821715441843,-984.636388233243,2681.167761481357,1547.3489072683826,993.7380866627926,2938.5554649020805,161.19264519808598,2117.7630775730286,1479.1970938462412,946.3542520381717,1815.6481254002576,1054.4562581564296,1124.59189652339,2093.831555766448,22.14115566089511,451.35605915089104,453.2046487784902,2600.8646400112784,2281.1990674843455,2913.919849370882,2003.7691726698636,519.1394965430767,506.4280673549716,1948.1691354473148,294.60140350280165,1751.045191444184,2887.721987106106,2133.9885432648707,2737.685499379115,1648.0591951131596,557.6932142104315,1492.1881086163721,1101.500582288745
conventional,0.4030684080151732,-2917.1681057567835,2183.313769849819,2.7472019015670965,2820.9356298982902,276.65188761647124,217.60471153499822,1731.4915390801805
conventional,0.20435768381518238,-5034.302098156755,560.7616052117395,1029.607260386134,1257.2084384325415,1870.2294791328798,1368.8397150628784,1391.1716412189646,553.0018459100962,421.1392391516249,1801.6814964740447,82.78130905400812,748.595871377443,279.6526458258351,669.0839398275759,618.3970964213199,2661.190921957351,635.4889902300374,2163.6662256863756,559.1227571298112,1565.5362646039794,2977.6401522692454
conventional,0.2445713398779008,-5815.643408035027,2764.8011472030576,207.599377834823,1558.9238555827492,2059.668722367424,2538.6997504731685,1427.8281790555372,1887.1403156505703,867.079461298252
conventional,0.12107595828919515,-5827.20550536363,2969.92553675032,1585.0924644245538,578.3394742203483,2379.4130484874413
conventional,0.18246251799659752,-8623.775073110539,1379.540966235446,2406.6974762251925,542.1641683843617,2622.873213865721,881.7115275970992,339.632379270414,1061.8690465542475,328.8848893318031,2926.0733695803274,2962.23694859993,2728.994235010857,1932.7038986242453,2449.046942001023,83.26002304140347,753.4432675958593,2766.232054325214,2962.6264208312205,2471.231839093969,226.53929729229515,2974.2357978176324,1955.0013339199413,2045.0319250529387,2803.5831495025873,2417.2397684766324,2584.222022495647,2900.713470871162,1030.110130410175,106.72282865063086,1032.0096488647039,628.5147221633564
conventional,0.2935383144694932,-5238.693561530434,710.5347625663372,2957.6546942903906,1451.113218293028,355.89054655250607,2523.461229102683,1097.8747719137805,2853.347383082392,92.45125733706543,2285.6385218985893,2039.1599397775221,2146.315340729496,111.05912119769152,1513.4323280232172,1513.3819723097458,898.5908555767139,266.78829213402264,1840.3098626579956,1098.5611014963242,2956.305598695811,703.0922178668156,1172.792522622336,1975.6380703985249,403.64991882206243,451.2241770988418,266.76959302626625,2543.6518611265724,2357.9134974258936
conventional,3.0547508524488283,-786.091370737083,2981.4350593591103,141.54825197765294,2362.0541983161656,1428.281512173932,1421.425470025185,191.6928676799038,1546.3179689695767,2821.878419608859,2107.353959432158
conventional,0.6574423816342305,-1825.2236553409016,1396.967783163642,758.5631461185562,970.1617479056933,997.1797533640828,2727.9747958803678,559.0643197778898,1187.3804385441701,2345.91831562901,239.69827830925064,2333.4362459151116,2714.9832987513983,1859.7389693531447,2775.7356881761993,1365.1993158111059,2336.01270052986,2988.414780468806,1485.9515095319105,1360.1028505182633,2857.972497453778,2087.6195087756614,1513.7725284997207,1188.4066154122772,2151.7588223308394,2917.0999559592346,1511.5041335482572,1392.2078082439577,1522.7520684699812,123.77855401994995,2471.579753680421,2172.3500585419415,1882.815693030028,2092.5575344753893
conventional,15.350491063640682,-168.0812125040811,2716.1508437479615,394.7829304215489,2089.8944211263743,399.24448220976666,338.55194941337027,1160.1946411980628,389.42524940602283,1419.739808739009,1815.5174944914875,1285.1780390625527,425.3778760156136,2824.9998102987875,2874.5185824182277,2307.9777321290057,1670.7422838409755,2395.256276784926,1544.191964934473,2961.3041884108025,2358.3266248131245,1123.823190200561,2850.6814636970853,2181.7096591658283,195.02794204492514,367.77017172205126,2301.7726536194045,129.39932143148775,175.97663270213243,2134.6741215675647,1985.8874173670058
conventional,0.19407206144058642,-7097.360432977367,471.48687345262454,2878.184503655059,388.8563333473611,2899.831099689363,2392.732897568409,418.6853403011157,153.85143086201754,2026.3673743187023,275.78565052036504,930.0097419099873,308.5386634085617,1672.611336643755,200.78197377369315,1721.5213246587282,2702.556174170723,1649.9711990583703,2718.771578329789,2432.8478073787996,980.8184401155332,49.364625873357454,506.04449511855336,2147.8540775099154,1964.3201936836883,274.5081526776235,1870.2917382307567,1124.902934943912,1129.0417655095516,1827.193824035491,1759.0284866777451,2336.447780076312,301.0980972964781,2578.2567020611623,2220.12715234324,1473.365511601028
conventional,0.4317409638466223,-3799.651247105731,181.02281241718458,2094.1332034897523,2655.215522403929,2727.874053124015,2945.844918435806,143.88229071668056,2921.0515835287665,2702.058756456348,2671.9801396953403,24.779910767581843,2013.4368410525383,593.3599289466,2702.9474497812444,827.2827414043534,172.34872890049067,1762.273045569207,2077.660486541931,1599.8202800939341,1235.4268851000413,204.94345764354935,2170.272949753693,25.9013382263904,1737.756273026131,293.69326612575003,1366.772846940859,1746.6530270415371,739.5224309866119,2263.5796417518923,768.9111634669706,2598.2869504317696,1178.9589138469846,2061.1602947904867,1354.2260896573257,960.2471226310539
conventional,0.11132206351154661,-5199.3345801204105,1301.5443988862778,149.04320675227325,974.4734761002235,2780.299383350828,578.4908709166319,303.6944371000102,1826.0839378207427
conventional,0.5396890165567081,-3141.338625191364,1784.7040175169502,1892.0229652688136,2167.1507323867177,1875.802896310562,190.3957172240128,430.99381878578754,2365.9781666886734,787.7069343806515,1705.6629109050734,160.78763821464977,1743.8902379715814,864.488094526848,126.62555673957749,45.802456514287876,716.6077224351286,1548.3645991199278,2257.051723778746,92.92159812787759
conventional,0.2520410116953362,-8150.916250183968,2987.2947144208288,2841.168772152595,1717.8162210543644,503.806395769458,1757.8495220016719,2965.9526553110595,908.6200628765545,2803.2784590247607,2917.394213703434,283.720398523269,1351.6287110191406,2098.250870531366,462.13264833786656,84.7437642155702,766.4714717594369,990.8493073132963,362.56151980808613,394.57714152369516,676.2048504330573,776.1096409963502,909.7291333959305,2915.5836418908766,2887.7312444060576,2869.982681303335,2258.830506058934,2778.25631130443,1582.4333976307214,2929.9498637783945,732.0857755877984,2851.551840861725,1112.3664658349544,1663.2373011954817,2054.3967330141872,1288.9527533991593
conventional,1.7486999873753675,-1220.9407548116128,2269.4000038849326,1899.7888971930815,2260.828013386669,1322.1058842509071,527.6923564383516,2227.6122520696913,2617.244786831259,2675.910519252788,2166.5929668746794,377.2943408260302,879.9422537925996,2071.335353000595,121.31277519857582,849.9707584562243
conventional,0.3944564583728587,-4234.042069199271,351.7741352864853,2685.6945253846065,2525.798986699436,2279.052417115416,1379.1060200026814,1721.8180981735647,2221.9845043555238,1167.9416407762692,2830.293639020752,305.01988316694286,901.6384547965273,50.40257159847112,1678.3940921151418,2816.320185539293,2314.1516626585335,882.674523576892,2698.857002362192,1827.9770620898055,2730.4247159468364,659.6820648820285,2955.7388882704613,2870.5614416285425,617.8956054273108,2209.1276903195103,539.2402230686445,1254.1957427152463
conventional,0.5182417350426853,-2928.5975604106184,1415.380995454462,2600.5811613530977,488.7653586101923,2685.637523677388,286.46901915124226,524.0157456008548,672.8684042959972,1614.5995616190455,931.3997984004947,1411.515341448474,179.6897652370644,905.304846013394,16.26657997184327
conventional,0.16176202435124787,-7733.076536784248,1610.5702253819213,2842.4696514395755,1265.6900112642534,1832.0419286098536,1901.977087467875,876.7279561998118,1129.793761157288,2158.7971593751395,487.67126691401484
conventional,0.22145760354733413,-7407.335677850775,1595.6627707645082,1188.6010355250337,2567.1961813258713,2914.3334881697915,2902.550175473899,7.686849906522628,645.5594926054198,2689.4458457573537,2043.9509992365483,517.6853639190772,952.9513130107258,337.92022202701634,834.7339878211828,312.13753081937614,75.20612131236942,228.60097747444595,1642.203176996232,1732.1471966280874,3.1214891708344736,438.8244688676022,515.0541173556845,1861.34118618957,2681.4067421489017,1092.7705249403966
conventional,0.17946710934531285,-6998.42905343791,1206.0619620928983,1828.914244631544,1380.0217382221756,14.440345410280635,288.6865368956732,1775.9135601953146,1176.1097876783133,2406.1342063592083,1165.966135476606,296.73649666821177,2532.0164635525257,1142.5692584819615,999.0650050830621,862.9474981963068,901.569444711846,1713.3332358097723,2866.742270246509,2816.913502269993,2204.2688163695893,1785.1173124881989,29.047293549040354,2405.2921255399187,208.15629764375245,2356.544256837995,2569.984666402244,1005.6564986759743,1831.1755994344796,300.2345395289343,725.0774304356153,2310.44194333817,1348.24416435281,2839.622375747076,561.4008883190136,503.58691678912396,296.9628001176881
conventional,0.13401071588965463,-9048.522089004598,615.1880990326608,1487.2733496488856,2699.033847222537,558.9321971634579,129.2444936696841,1273.6608500897105,524.6245596674894,102.43036974544344,1182.7763347540458,1906.397358448957,1933.563152841174,2569.4580946214205,845.6726284434732,830.150740500043,2710.118265914229,166.73514449186277,1787.0837518515782,410.4804262084952,2276.0831348090323,350.08442172586206,2509.1543006728975,874.9603404153809,2793.942948979007,1894.8510800362621,2310.998866738807,609.6771110177277,2015.7992884281834,1970.1858895202988,1201.3045081269822,1665.0772955390555,1610.5168394588488,2525.0430333405434,2993.907164114646,2459.616904296597,1495.7369600576255,303.70108245699413,1897.2364570028067,2918.3963604245628,645.1767170243224,405.26997361599007
conventional,1.8518701579963706,-1132.9593135844193,2838.98237902762,32.601714315064086,2222.8974121175233,1698.1640104260164,1133.8298431980859,1939.3017162299316,2643.414393327846,1739.6836534145116,1969.1694168354275,1842.2970154662905,589.7912461850235,2817.151627492252,21.49980483677756,2024.9387748404622
conventional,1.0104498317866608,-1883.7921953228677,1312.6390787138778,2700.643184112845,2979.0706027675483,2127.0834022671484,986.3686395287433,987.8080644725981,2777.9923662243955
conventional,2.3961653672195844,-1009.0566368357196,2872.11351557258,1449.950136437305,493.7452681900294,2340.167053196002,2487.241685716032,2327.931106069848,1445.331979135114,2119.1260032970645,1177.0422728340052,2357.4502419511214,2888.627205230294,2565.478530514015,1185.719122329335,699.627410703386,2946.556493164367,1249.678636576648,2438.4200031309783,2205.58166516027,119.93249967779569
conventional,0.46616847418202756,-3386.4699348556906,766.2039526010512,2138.3400275506815,2340.763473622359,927.0887914469934,2513.142286909875,1052.9836323033835,2497.1695080788927,2105.016831653713,1501.3791639849505,2305.825774937671,2366.7029864022734,662.1538991260333,2695.2716211412458,1026.5247333138236,188.21871200702438,2975.3171186253785,2976.51037672165,1990.1772664189455,131.62374325644424,37.28220628253717,2344.5080006438184,2074.3755395696126,2525.4951526278633
conventional,0.2632729131224729,-6310.0368299740185,2438.1804585518225,1098.2400886227222,1219.7531682977524,1851.0264615388087,924.5704119029797,1963.816878679453,2648.237393045031,1343.4787687918283,2670.338686061953,2290.9938710499914,783.3130959449877,204.68094965241144,948.6430017106521,1787.7554698888491,1744.3525029219907,487.2985738381322,2056.0707733187746,956.1321275730086,1151.4658743139917,339.33607363818896
conventional,0.14827336016147075,-2568.4194739987392,609.4108142317639,2686.772316789999
conventional,0.7126675637995297,-2674.417598507061,1850.4660323429862,2871.750907544073,1863.420148301222,457.875682069417,1317.5063430098546,562.6440296927805,1774.5888745572263,1055.1852449932417,1159.3928837057979,2136.9811661801664,112.82467916543263,792.457102122908,2221.853191076528,446.23383070454537,1538.9904808015476,1515.0783870730097,195.3049745954933,2135.15817753944,562.6411753823471,233.86948461591842,305.5769506852764,602.7257975576523,298.18500207422943
conventional,2.1818147553882605,-330.93793648382984,716.2186322973405,170.66198124536874,1665.1985407814864,2941.780434843084,2260.305165795253,908.9393607524283,1511.1353634241405,2895.8549244022274,1046.6926509757543,1142.4398637651793,826.4936735140883,1278.8894821791066,2882.8522869004073,2774.679763627993,940.8278406495466,1700.084418271055,1069.0680328803217,2811.490561031783,1647.0321361076421,2988.846326709399,1884.2721898238615,3.781391427326036,1394.8552579476084,2926.607763752501,2284.6381584565993,616.9318850656906,1427.774980145414,152.39177247982713,2541.034073504016,2005.0534097699108,2924.3637881623686,378.9361820639049,1503.0379487792525,2589.765788208097,2425.1953609707957,394.6761831215261,1853.291132189398,40.0944540485669,2755.9620786522387,1035.457084856626
conventional,0.26069863994496756,-4912.622770410908,547.964628580251,1701.543636780563,1422.5204499002302,3.8191507615203184,789.8108609926129,1152.715376114442,2197.3670685090865,2919.329965688722,2933.429092687135,1704.1313641086122,1059.4254300168168,2572.582532691849,2399.6432187848613,2880.669500032193,766.1167651639829,2993.2073280503723,1777.955858250746,1934.4315621785763,703.5271893071051,2766.9974743799385,434.77721269077944,2070.7586183698004,2778.911756698846,2408.367829126731,640.8425804117179,2939.907777185411,2523.872632881954,2986.757433682656,2402.1675409985464,2847.5001525992298,655.3959189577653,637.7780095771194,717.9902719085015,1427.3268136194,539.5456462330897,2710.748499638818,2501.4376504367365,1026.2067514886592,769.4708982626794,408.37765134556673
conventional,1.173122764958523,-1537.0780162778765,1350.5276940078215,2701.3700607661617,2698.307023915167,797.018380979113,198.0586347141315,2556.411416520726,1815.1143823439293,2561.486654638022,2151.7190023371354,2472.7256612649217,989.1603778296752,1926.694785371675,216.46333029915138,2032.837418457945,1931.7712354880528
conventional,0.24322852604348055,-3586.6156987753366,650.8718232219039,1381.0965736551148,159.78863066679608,62.17477786859804,2144.043036418225,2834.596392212406,1317.1808050857583,1619.7210523285207
conventional,0.12163553691630757,-9460.15300129391,215.5482643135229,440.82686466031134,1047.6775551291983,1851.6030314303769,2179.7858954638514,110.54553720811472,2811.6529735192657,885.7765239611033,1287.5569282293134,2456.1524479223663,1047.5480295585553,2288.390414462447,1690.185399339075,1286.8560265988274,2996.9196426870462,2080.686475636002,50.965973547117876,2132.004687486579,1145.7740695459215,856.0773328619518
conventional,0.6172441092757139,-4002.815485666834,2745.110289045804,2603.1305812156443,2975.792916398971,1676.4545380862173,1134.5136703579317,1769.916571601528,1227.2533797131537,2897.7840995352603,791.5484683458385,2479.779476369938,2361.294462856438,837.6260056425441,2340.533396683862,2078.214058404502,2391.028190033201,1549.8823353717937,428.62487183167235,1448.2132814955223,2864.9054527553417,2721.2862304184696,958.9404978178488,1946.1896069054246,87.3869161270468,2161.6670694268655,1747.9527966404626,1166.5813619995345,814.693784244676,250.19271958713932,716.8623359691277
conventional,0.19832226294939725,-7213.559656619629,1016.8548707572393,324.1181517442798,18.09280205200251,2927.992397366254,1980.6429395220173,2490.9343520967254,2952.1471042494995,2213.6228122235952,2377.2298020748594,878.0461942182214,1895.9111429720087,437.7820878036576,1093.7143278593405,2948.682311548852,1495.895893416492,1781.2467370579368,34.83022368254163,212.23206903831013,1944.1710854411767,565.4449471984171,2793.8996299860205,390.6547220798315,1147.9986937228707,2958.25394859212,354.6117233584055,1999.7146229243426,2434.845841959969,502.3203008313433,149.38084517384362
conventional,0.6030420936385177,-2628.8254172095017,2060.0602617378904,796.3547332050292,1116.5248748435931,1843.4468030738356,2309.6791859038913,1485.887442290515,2791.461583324196,1963.2573192531227,106.98198386941876,1844.7690120983725,106.09734716577859,724.7743920245368,1605.2331757028858,1227.082750527791,2058.3675982200375,1224.2081348646964,2429.5900305598516,1659.4725070438571,1779.1133427559705,1844.2444484418147,1507.4817384523715,1598.5734062543243
conventional,-0.2801890306745102,-7667.168394293057,1385.9027289296844,2974.985347648687
conventional,0.7653357804462564,-2002.1072632857674,2077.4117231289556,1327.6448838332549,485.4354876710513,1965.3581676392323,529.9549711261843,899.6358478468367,602.437112361666,2033.76763751545,1512.6326885539972,40.84258752241911,2118.039470292204,539.0405358986967,784.6834506534581,309.8144217444086,1788.9861128022162,1670.1439472830248,754.5311881718999,2986.0472783496084,1196.9105479820482,401.3356909543554,2402.7079283923495,1538.0398239021938,1396.3716965631177
conventional,0.7214753496288264,-2306.4366354711724,1996.3006602234084,1499.4684320842441,1679.498883432201,311.15273947844554,2105.312050498314,1646.1851151668968,1051.885564958771,1243.46551488258,1962.3284466352843,1315.3965331539057,2750.0323419390807,1764.9305812946277,2593.0359320507105,1287.5402935615016,410.11697513565645,2699.3369519575926,2765.6779043067095,2509.330266645669,1454.5353360960885,60.762456302047596,609.0778058399823,2197.7379824036943,790.116952362266,231.32639468091725,1022.8059321884847,2333.92367382109,1147.1867455499882,2336.254231338672,250.8277136069821,983.0468596503309,1255.0986267085973,2453.7952056125882,629.0088874312843,2576.0850198226135,305.3606177570214,408.9531644121489,1559.829447982239,2165.524329499053,2963.7652223778045,348.3575178464818
conventional,0.24392619182428987,-5348.042665847434,481.0043404530248,68.27559783454993,2680.3669141457176,435.6284403685442,1635.0191272610361,2979.2739436955476,1684.9632446750984,1918.4884325410437,2623.19535745997,1861.3946653062294,1338.0279710150382,1345.0322136981981,2534.2893074978247,1088.2341100878039,706.2595153587729,2072.5148572413664,1504.6161699887675,2073.343050380242,2204.7385532011795,119.25145797836473,2774.5946952743484,2427.332546505095,96.4818377846152,554.2090666761719,1059.1308007920034,2462.7079495182347,2229.912032134537,1708.27436151661,465.0751052030392,2972.5288075003286,2776.957639634368,2549.6764484993146,1827.8524193615367,1926.7938759857304,2154.9551156754087
conventional,0.06934278589521181,-9515.75296994699,1591.7595937310966,282.7146496677015,1103.2723367445926,1060.206113839838,454.3765188410018,1878.2398116729419,1659.1933668129766,2110.6392988486723,2722.7160304435597,637.0250559028237,833.2776895994291
conventional,0.18990248824435962,-7405.315595716086,2069.396210900939,163.86959652449448,2366.3861895872046,728.4346155902115,219.42822228637243,2903.1924588674788,343.9646265945719,2840.4519534657757,639.3309583882249,619.3381004978052,2741.916891513926,2187.0969230361525,2875.2909720744938,119.19768364365657,2047.5724609091744,1303.2972178420328,830.9864405586573,1281.1811489267243,2406.0373671930115,1399.893918922568,2793.6194866555497,2811.8701479106476,1815.2818754093582
conventional,0.18488467259704833,-6420.390913673681,2780.080057298744,743.130816295616,699.688579936774,1144.4044543391224,2309.6247476924473,804.6370770406286,2703.3269266053812,1135.8331487009843,677.1441218914215
conventional,0.1595774994180268,-9387.446964110166,821.9812033702462,1722.2626028354612,1885.9550457478367,1814.7396715687864,1012.1222573358707,1648.2311791428808,2763.4149653842496,1654.733212933208,506.4578580061349,1714.4268789904795,2234.884047016429,233.34056539625436,2587.22015818226,1427.129174336366,644.3338982288412,669.2766883026793,241.77423548654156,2549.5967961571055,2457.9653958458994,1243.4301645851356,2958.5901358662572,669.1054868465786,10.96125000848588,2489.322262111589,2281.993760548754,546.1954528198471,958.7829129602549,241.36314257856895,1670.545470292779,1596.203716713489,1896.8855841866355,2527.698759051136,2541.4091225936704,1030.6525848957117,1259.4387527437655,457.4995791213627
conventional,0.3783513588476881,-3156.3175554452337,1780.371155981344,337.6986010097259,141.69814424102248,2469.6083455130242,547.1443753337704,2391.131074188131,892.0578126381405,1652.9615489376731,2223.8823090595633,341.6918410514123,332.39579012119873,1181.3472024916443,1272.1409431648024,2766.0777423696995,1223.0359586243396,1426.6500673846608,2482.0373325989617,756.8560206082367,2029.3776140693171,2139.780047914485,415.6765131829903,2486.9060349044053,1119.9736565891635,2521.93901177915,1340.9495104975867,536.4902567185723,2971.56418008248,1565.6326288978257,1358.8351645171851,2258.691057952963,1054.8305008698385,1436.2655757658224,36.313652107374224,1274.9775880686364,1950.1641349489685,1797.7944398934812,703.8068444365354,1240.7431987058212,1173.3106087152028
conventional,0.2790013994152418,-3951.918059256631,546.492100213203,1062.3607603660237,2752.2784517795217,2489.0066121108275,482.4723708901716,1664.1984630150419,423.45462513707344,235.22980370271262
conventional,0.4238746637720676,-4372.08712653855,1840.798004396074,798.9483326426766,2220.808106519526,2205.288504291994,2787.3862346230417,2818.262847467532,2235.3445635376906,2824.1968047328787,2339.2384049898656,1160.8625318335544,74.501002264962,647.8429916506078,2834.690637142005,1984.3842943896402,2454.3939611519477,171.81232081053867,2357.675366570491,841.5540202342952,885.4082769588744,1309.1720136993908,2501.3535302217606,2124.9999994903637
conventional,-0.19297179750273685,-3107.6029369565667,694.3266788930188,1463.6235504004335
conventional,0.4145798807665322,-3953.6644995961055,2692.819647833617,1527.356699913838,457.3168755408562,1163.7621125456253,1190.406497895035,858.09009885853,300.20340706187255,2512.5167236260313,2097.105022226895,2918.04680819338,2068.545799230424,1496.784157707504,2763.4982798264477,1843.5814765512916,2656.074828169854,2665.641822989249,1453.2284342260718,636.8552370366461,1033.0112597054278,2648.884096941141,1255.041299255788,1183.930079770032,664.0155482679887,2314.607832540118,5.887495680550755,2601.3658209229225,485.162196321271,642.465997846866,826.9388337266374,1280.7960859928653,1747.374921220597,2248.15315364584,1446.5616234099837,2024.1831022814945,120.58563575977253,1847.8999555636337
conventional,0.9062824747587419,-944.8325987223558,314.4492914865418,2038.6309627943713,764.5442365646568,209.7582709500967,333.6149855261773,2158.3400616926533,2039.1294885003158,595.1528264247876,905.2358668456964,1476.9932229267615,2702.77029715158,580.1424352532255,2994.066850382849,2309.6059266616176,936.7742600860726,1709.1524892310265,2223.5877255534747,2141.3267918684987,2275.5348280876224,761.0092843936648,1124.3011973165935,1166.2040654481914,1069.1124008010756,2702.3080229069983,2296.444440883798,2627.280588562399,155.02302724442768,1986.7240616281279,1123.5954664541223,2933.5280998615362,1318.674759000414,1836.0273596044929,2291.0771860846467,1198.482267855669,2589.2894306042185,1508.3985706219705,2052.5193300120245,793.4336583745934,553.8172711769826
conventional,0.2378415044316846,-5333.924190658808,590.789752137219,563.0472640478848,1150.4996888681644,1219.1740291701155,2233.5588887299177,2087.4059828095287,2414.79293289439,2334.223760703523,1201.5054513505218,1047.7385834310778,1141.4442738435976,1573.3710450620395,1449.3215686098426,1705.53443106675,2748.9349805305433,1073.370397573542,1683.7904031478427,575.2044572746619,1709.701306166767,1746.7525129964436,2028.5487493433322,1351.328194036952,413.9840580912439,1052.896036392518,825.590234573736,562.5834070355203,2777.1172571070574,2107.0472525749688,2825.5046983915486,2828.505086364765,818.5131311514505,911.7274910804691,1488.7103632081207,1222.8236473949698,1259.2744878289725,253.66135195406162,2770.6253468454447,2578.9620958585565,1749.9292358056327
conventional,0.4047054899929394,-3507.511005649351,1606.633540724587,682.959104753011,644.3831238242244,2372.5896923991254,1555.6261452538017,2675.8813049343985,1513.8735882240926,1608.22596609094,2262.658283946112,836.9825526266862,2523.505245154788,1182.3188961411167,2274.1562157212597,1694.105783797196,2363.2627176771653,2843.669667791323,556.9251652454946,245.09280380280458,2444.6660141435746,1659.0762692641965,2553.9117508110057,2780.391965532901,2038.524581221465,1962.3693972360713,1622.7670552442291,1978.8711626030463
conventional,0.28144942613992874,-7849.245659243205,2236.133235135703,2653.601578554653,2510.893970242153,764.3028496307076,2722.9979329891826,2917.4693142830297,1773.3257691647477,1735.3093800718668,2498.8894452929203,2416.181729192026,2697.2628803601574,1404.741259882046,2611.316346707377,1322.5205182233365,1334.1578730954175,1483.9129171593097,1792.3137858711668,84.6856808835268,688.1610250887435,2542.639046475391,102.19386860337808,2664.3469728490686,2779.861266001275,1401.530867812902,2663.1483600288007,2710.833754325477,1152.3683600972497,2327.1589938628026
conventional,0.16322817288801228,-7723.459001012308,1237.7667113549855,1138.7796050253376,2059.583280164552,285.56631589999364,2445.049772479906,870.454581862899,2495.3209984970076,1780.4046553652072,1866.652391748934,515.0421734934656,1433.1147745966312,971.387369709456,995.0352020888781,2170.294763428536,327.68366629767814
conventional,0.15214461649967514,-9306.322887992887,455.849867204144,1095.0047540344576,500.14100637916954,2153.408422679548,1479.624805803984,1461.5672514898013,2698.2314075637664,1770.694587122082,1535.7015397241962,2584.5075275765753,1764.0458081443392,2699.370067830326,1934.6877960809206,2174.4374753106513,1586.1052847764072,341.8072530107176,1753.2111112683906,2632.2382134391933,2262.077677719844,2872.091312207807,768.0942871327254,2581.9648563510077,499.96566202293377
conventional,-0.22751376727583705,-5276.3758687601485,2325.1216131220895,1352.4736116431616
conventional,0.05108738792136913,-7860.762475178364,1528.7380358648372,2622.039789665619,1086.9215887774185,450.31405495406386,864.3500515289049,576.8967215543156,2305.225073378546
conventional,2.142086388942312,-587.3438668997205,1275.6148435287137,1099.0444925536892,1328.5560724547836,2020.5700326086865,1115.6979329514504,2388.887757967805,700.0595949428931,1093.511162682858,76.6631119776052,485.278768129707,1586.994493004308,1893.6767659049203,229.78339970354713,948.583830005582,884.7226035197954,221.25893040730978,433.3083397319055,585.9467476861711,222.61638703011545,135.15006536254162,1445.9303702641369,2567.6156020533044,851.6624373329074,896.4275746758473,1739.2995106222095,1751.1742108314315,1202.5852938473229,935.2391572349663,1026.7722723883448,2259.4087077870477,857.003700519247,62.90896621526085,1185.9522987199607,1762.094019411457,1705.123814131375,348.8842464326629
conventional,0.5623276373306678,-2289.1045351942084,1602.8249399845163,122.35534221184864,1941.5508500589297,1805.8425239817623,1934.416516498053,123.68632473251877,1637.824048089948,1089.7916349945863,692.6541133831988,2963.0779456274845,1570.9931485136535,2121.4960482375986,1482.0111028841734,2673.297577579511,494.96429385842947,1456.462507013324,2104.200277983527,518.6341725638312,432.7331558759582,1467.1938559611149,1611.0753484308552,2618.5569178738556,1928.6406741854305,706.2257878109498,986.8056606275004,2499.8849078187986,489.9543656469805,937.6355699210629,963.3357473441249,1803.9735338500634,2148.171798633814,464.0732581595694,1304.4561624130429,2582.4716685216686,1972.0653090923413,2583.2183634217276,2557.1849633510724,1578.1264253835002,826.1179255617667
conventional,0.8048184979188779,-2502.9453033596837,2908.380359965164,2002.5670238874002,238.25708661461772,127.92150107351394,2131.3369944500428,784.3754111379471,2810.7499622236037,1922.362470552759,2819.7409480220163,2530.670555754676,2445.2094618082356,2296.22564294062,996.5033410448273,1606.0835242467292,2683.161800103456,1750.530044928127,2387.8565823187514,2902.096047767255,860.56398281098,2196.5803806584186,795.9642582021607,2620.8049473475844
conventional,0.30186138977207366,-5709.725471377301,1035.716822513121,2420.2244345543972,1636.5268564761852,2787.704875439761,1032.1847206817085,1332.528512241927,2497.7223537884615,925.2796147063674,2293.0789918657633,2343.793120223925,1970.086265588314,1806.6583568868725,2608.271862068094,522.5585594752844,2875.7599906088635
conventional,0.1295529089512848,-9623.471149995547,1260.8859880855236,1156.5873032049983,603.0565061666533,1415.9035520958919,1939.2798774517762,186.01451423872382,137.60225768189935,2278.4065366335817,1898.8644177449498,1827.6849058305463,948.6991821266898,1500.8009643773983,1456.996612612116,2015.5581159329142,1652.9242348111843,1221.4523226607091,2069.97165789986,2512.401901298608,1840.254651998144,2769.627121701275,474.5117639406127,1832.8336806325908,2224.894314567485,2062.293599690156
conventional,1.774238137504645,-1480.4580502258293,2804.878905724126,2932.1789830186135,1134.683894436739,1362.6087856092952,803.9772180498371,2040.9402724823933,2722.8846147754484,1757.6215322252365,2121.6718743089327,34.65856801506381,2582.9152766827856,1656.7266619155928,124.0320605804027,1005.8829447570324,2213.9954300956288,617.356155373325,2411.570237462076,1840.8445695148348,1931.1668381754894
conventional,0.4014866286996215,-3225.6207155257503,413.5888982769221,2086.7757536979348,2244.18980547772,823.6942416392959,1224.059941383043,2554.0930531098543,501.42405331188803,295.77378849703734,2819.2871874990797,33.7068074467991,634.2689776714368,63.66318696155645,1357.2980747322526,2086.094602324155,664.2387318779164,383.94759717129637,1508.1998597768832,641.9069480681765,1710.5687768437604,1285.5360072183691,794.8474934250079,2449.787747674576,795.2727569887853,1677.5842111939132,118.90536135274601,2613.4617755705185,553.1419222767701,1981.77582835662,2978.5159205863015,664.4331437328225,2083.2334410593808,213.37710026473698,2765.0434544113336,1983.5066506950147,2125.90634507861,125.97967755180126,1151.5588863749063
conventional,0.48176465851671857,-4367.892708117302,2817.594629998494,2036.7914013044633,2252.015203738997,581.1250307959164,1180.7322259160435,2755.719209677146,2130.494929976636,198.7102804691766,1171.7503569897742,2421.734937014584,2125.545274356748,1985.6366378371665,741.9049950991179,2850.6742658903604,1434.7254604780762,362.09202945425415,2755.5169146770872,2908.6866940401246,1413.7205899681926,68.97840597221527,460.65371923601094,1807.3162361444959,2360.5078337214204,2827.1620394257643,1287.0042810584168,2868.4977628496886,2471.9605114701562,300.7146607427408,1694.9871410357368,494.2252529282908,564.2260667635343,2917.194069971108,411.9530308418612,2149.7443788660667,2177.7598517671872,373.1776827408843,2833.6822198244727,1442.2486822271196,516.3682905068653,1374.5453853901113
conventional,0.22963969509243287,-5568.033702793533,1461.6953421527728,1686.6676324095279,329.3856206844535,1697.5564886798365,2136.132116917634,8.329650739913482,559.7450118145983,2784.0843307184573,1479.7373774357147,792.6568234643404,1834.4360673132423,1183.5695084498684,154.50530102177893,2862.2857925351495,1040.3205339523336,1396.1129091425476,1082.7533821875986
conventional,0.43943235942878855,-3676.1508811376925,1006.5108695839959,1354.7485609983025,2921.8823521250356,2702.5185387593083,162.70240419381054,2791.575810714632,1793.6511072759827,434.0269695944242,984.8058090559289,2021.9112877832713,2805.3077415955445,2344.035834744483,1028.8456064397815,1455.961471274972,2313.3295225439456,1773.1709614331237,1606.3234618358908,178.1583472821608,508.2351898486552,400.461974328678,672.7135947044198,2087.3481480736837,1645.2395329834785,1436.995372483847,1668.0321317993546,492.21521407037073,502.5236560398407,1850.2426469785082,2916.9357073880255,565.0138723633689,1597.5586117795572,610.2585888305781,182.74928262494797,2938.990541312549,2338.015960523034,2424.2972871887655
conventional,1.9755580354620355,-791.547017051833,1070.2619641975082,2956.624797979044,1434.6429017296916,2132.8494318986604,2877.781777132258,2139.5339682311937,544.7370538504045,2736.2846253249754,2217.3975550580967,719.5265962282919,126.08368424246164,970.3140587270409,1278.515657131119,748.1946330590355
conventional,0.15863222778286823,-9243.778587402114,367.68752022654746,2973.697862026593,2220.480290609153,567.6181098012911,1525.8643594423418,1769.4660580150055,2529.1308653009514,1272.8320123954845,1478.0063048148493,979.6835942038726,274.03644220606407,14.746653090535602,2264.7218111476523,315.19761398534797,1885.328853489394,1594.7087190417808,2007.2230095330324,1261.2570994801624,2543.1259784962767,1173.9573166313469,2646.5234823950036,1543.7223728673434,1654.7111693872855,827.0247236980883,2917.006372493483,52.2919029527191
conventional,0.27359121052887825,-4927.321332448818,1389.2127799059,1999.4708142238048,600.7250485955211,1767.6453588671945,742.7707972984048,1199.805873746633,674.9207649576783,2470.2125068226605,1544.5692625555819,49.38814018663372,1444.415413939874,2546.004337118302,318.3308673010065,2526.1698277654823,2008.7891499421837,2242.5667591610486,2214.527812446816,94.75316380496824
conventional,0.40217866506654065,-3739.5531159850775,827.5430320689762,1996.7663448227593,2750.2927056938383,908.2131110763661,722.0510556973537,2776.150447164145,1409.6273954961434,44.001361192586906,2010.9421380124786,1310.9409227915498,1517.3192790098828,909.7061262122464,2046.396331560807,1926.7535705432786,1029.8958958512283,2916.475774946346,1168.4329253252945,1010.2361013594799,517.9655443003327,1051.6233530131083,1000.6088968492962,1942.0612566301718,2801.417958345792,1437.1528923863098,2557.780195146718,212.0413718803784,795.7118895469371,2604.202033767406
conventional,1.6048687309247809,-1338.386417357649,2460.1258071062202,1738.8576466344364,1079.040343123608,1994.938461329678,2956.3934004904113,2432.926563954645,231.5791530681664,626.7196291701756,61.70840561834126,2744.4855942320537,2568.862230318242,969.5878629227703,1234.72014471202,913.0065678626839,1637.6045009332713,801.8345391253888,1511.951507558736,769.2408180657516,560.833345563295,1285.672261065345,2386.363052345656
conventional,0.5119334288828896,-2130.8645873909027,961.6011398443089,1543.418924265313,274.31696093116574,614.1481001824841,2249.067363400558,37.350790201891535,2942.077779228649,1444.392334814854,1297.557821327514,2710.2464356616283,988.0465964592983,2320.232115732691,976.4698143696907,775.5234750088867,2124.394692833058,1042.312282400881,1354.482685771315,2966.2122255627896,2182.7160904412126,1977.918982234473,935.5151355898606,2006.837672467285,2544.343812005081,801.6319559274783,2807.977557411046
conventional,0.12914126918222157,-9292.08558016404,1844.367758882548,2736.6663915691383,951.854070138447,948.9920782521099,1706.6361394836201,175.08788007032302,1568.8991163354615,309.55976489201515,1773.8110939923129,2842.194525558711,57.43976941905147,1012.0927553642084,52.01717881879162,1033.9518159445413,1022.2559713240863,16.207765037124116,433.6276679852184,1864.1546763340598,1455.0571358147095
conventional,0.5018016317059804,-3631.09252126168,2138.5767345112044,1921.8351254526976,2317.5968368620047,899.4433617133201,1472.1597697318527,219.72672407346792,956.8622187155544,1508.0987103540313,2482.015266357353,2782.1128640312636,2214.986058086748,846.4317859722263,1207.8410370231347,2255.8905554122416,2683.721542058552,2804.844870379436,1115.9789867282773
conventional,0.18063763478174555,-8817.422824169846,1466.1245927986358,888.10106950735,2564.527426073409,1066.3155233577445,2828.035327070292,959.8244725848691,2606.054833746813,925.9398650429129,2833.4620310473892,893.2899793570401,129.59008641768577,2178.2461964167073,1504.0924741154997,1001.7008318201099,2920.3559618169943,862.3077383922121,2195.3926771808315,1970.1735835185257,776.4168434848073,2956.0010794927816,2789.269424447738,700.0365773427021,614.432393879252
conventional,0.7717516393841553,-1585.7764677515434,1002.523904435574,2173.484460963037,90.96802795424583,901.7798582700838,1359.695699389881,1351.3788519521702,2711.929495510508,2553.1994727522756,2493.9529752842786,9.74849665472876,2099.42204703264,1381.0747049756706,2063.584447601801,2569.914760842147,546.8423079177821,263.0817597674244,2585.6298958936113,1949.1636518586422,1627.1183964846593,757.0671739149319,122.49952715599868,434.4578380030822,1461.5400182196192,1914.9222921751207,2659.3441278432656,2940.5638681395653
conventional,4.301482026845841,-538.3002916759458,2481.7340477517982,1357.8325074991392,2753.048226498315,2438.542524789126,708.9169355012939,2592.8473654966297,1572.2921982645312,2800.2771412830493,524.900934364746,2275.494910577962,2708.1173128668784,1821.8949670817472,127.6119227473604,1157.4442631090772,243.54298209264067,1921.0286586867533,321.6503891021336,1237.1325516924624,185.94243709181876,541.1838407928279,1071.8041667849575,1658.0297799105883,2039.152301729273,1208.3826649243092,2664.8902501316943,1998.6468101165992,2319.9119682351397,2786.0280320473726,112.6950816580726,2272.3804450853,334.1182455554714,177.67931901421915,639.9809599545341,2918.2499845662983,2325.788881649728
conventional,0.21227650665366804,-7607.523573323188,1336.8509796770134,760.9239334342996,482.1325480717022,2258.8328447370877,2764.3848633727853,2622.814481328723,2367.4449262299718,2888.811438617632,2918.017040896634,1612.4177557056335,2182.6059226644875,244.84031192047289,93.9146323053183,330.8143855247215,1876.6741828462457,2847.9625111561286,1423.0916386304323,2744.977493949219,590.1572799102065,2087.58884316227,1916.3029375853005,408.29984582299073,929.8954829957078
conventional,0.16099296789308748,-9840.326620345983,692.5137722380238,2615.0841643182957,1286.4222638587898,2481.817800800914,1503.6908280953114,388.93154818641557,1086.9588888529036,2916.3824559126133,1527.4322140907755,1231.4689661346117,2684.9522537626112,1645.2963432278236,2100.213164681473,39.98503275504546,2679.1865138771814,1713.91242372299,2460.1423697742557,2423.1378109374286,295.6767056891824,719.2619760331097,394.83176242496916,683.8684453868952,2380.37480158331,284.41741013591206,2265.538823712954,1757.2115915709107,2209.6813224438583,1052.8581931531887,1243.7119661734087,47.88762688862595,506.69724303564226,2707.3828908336163,2323.2003825332968,1517.3366438818618,338.7189195323723
conventional,0.34285530059213287,-6533.110860828592,2985.012625204454,2207.1093345259055,1317.7476869464192,2950.3643624100587,1559.4188684130413,2915.790949307683,1702.1195088043983,2328.228056734844,2106.5017161211567,72.43278416687474,363.9540194010455,2658.9590741223046,159.23058310763398,1309.2840045525504,1639.3804115882708,2579.5994978430795,658.4071905990522,1004.918804840021,2542.288178176229,1297.5077587711876,2229.6547975622393,425.069562005328,2131.7035077682876,1467.427682933924,2870.504266319974
conventional,0.2904847620611024,-5744.553358649276,504.20039401866734,2225.095270714301,1746.4161216222162,2557.1138074486644,2744.823777286258,345.9085460117333,2439.982210757091,1483.499395519873,2985.548788460197,1912.8653225897117,944.5470363896014,2128.1824752413077,2561.7643677337624,841.8302314619427,528.382545206157,1822.5297027442573,426.0499176261759,2600.7012236306423,201.0205251478169,860.7980243568575,1882.6681378501764,2228.7839564419905,1103.6198999143874,2400.366348309692,1608.3349061068573,2676.9836099545187,952.5570727793722,270.99519665210323,1994.7774713209187
conventional,0.4367129767886553,-4903.356340712853,2259.9223750798114,2522.493616045601,2457.2026085332022,1499.0135410180387,2244.321370601806,2957.605955662365,2842.8984487030248
conventional,0.19611928815837798,-8414.72506965322,1359.02763738882,1669.1299188845246,2842.1767404565508,1937.7048127988285,1616.5685954589424,2742.7943261798273,1236.816523999329,1098.8930587620632,134.23849076307928,572.4124028785974,21.56701613219874,509.6919191053105,2848.641447168709,2283.6236219677944,2666.6884383805136,293.4284426125064,2912.570326551357,758.2222014728121,2705.017542375969,2251.48283756934,546.3223954576121,22.824361921304927,1001.9900265242776,1810.2230365303963,2350.942777977993,38.55594059110621,104.79531105847278,1444.628182533445,320.7804650244681,223.19155822379042,2806.8545985942305,2230.9524602540746,2494.154702991091,1567.3614803103592,406.58317100899274
conventional,0.21430763243065498,-4671.251259237412,1026.4130548285318,200.2389195787019,640.2998938162508,1258.3443102540216,696.6619219585564,1701.0486154381645,1058.877316020366,1927.5416990823965,629.8621932233607,1731.8008506349634,1735.886546554718,2822.571387521119,2270.614013961737,2633.867779804019,1586.08400618509
conventional,0.15712790247943498,-9262.112453831118,2717.241317884709,2806.8976735717906,1422.8715543756064,552.0201292704892,177.16848042912616,911.9982808083371,719.2120830956484,221.7392770217717,1098.206734300068,1150.975141590103,2818.296678274393,1399.6753282596144,1076.3416470038921,722.5812865791294,464.60854126907014,1924.921952951799,318.1686692940194,1761.7988491778424,2583.000751300484,2992.412219765,1913.6476801505987,865.5127929434349,37.910209839290765,2190.393351161144,1925.7673709857868,2540.4831011337014,1716.3494659028886,1447.855435209464,205.13316225499833,366.5078108428187,485.06904167783733,2980.394885742521,2879.4432329385722,2588.0333902476605,2311.629403684236,318.9430201290294,344.5899643497126
conventional,0.18349858549021625,-7554.49063033104,1315.5156193477078,1977.5428106879122,2026.3276098751896,2059.2549720643074,661.8703316159565,2876.365639828707,2264.27787349345,1339.8328602563379,1744.3542004201474
conventional,0.32268493270376064,-4832.611143212432,2683.9244859599185,1048.2210067135645,3.949778648174795,2405.0156599302195,490.476226517186,707.5051565110213,2316.2832157180983,1762.3154349881606,2634.3589760017444,2449.677950995571,66.97817032596137,1880.9317590442472,2352.406709575892,1707.9251202243495,2341.5836533760826,2098.408356140944,1580.2438061183968,2597.8057129173035,2063.6006226558575,760.1989753573588,1707.4452231600817,2673.128345455981,1938.777444515712,2647.832952610691,289.15665674589593,689.5389251138943,1052.1713787219785,1785.9531491999082
conventional,0.16151570384572733,-7852.304105362628,1420.2966574740908,415.0214266073927,2334.03144347572,1251.605286088133,2638.600395597372,1971.8128868179745,1077.2887545159128,1578.9766977143493,814.6247419450895,121.87055488159159,1026.2555721564322,2655.7573957197556,1646.8693172940436,208.35883289506296,958.8702113983476
conventional,0.3329992828603303,-4620.439775840588,2898.482872515045,340.07758089248085,2167.676108950058,430.0556687329393,774.5757530298492,740.3240955951691,2020.3989812777284,1893.8540142124086,843.3455286771324,1568.9390733181629,2454.2252552032533,161.84204748990737,1275.6418157399496,1064.4394027311057,2292.859540725175,2571.1232493554257,2458.9486580647563,1164.5621982743753,2679.1816382941806,2270.221506799716,1610.2141513912952,2726.04650025978,218.57843766055197,1013.7817656679499,2233.3737573331764,1982.2571652286751,2869.599360223423,2620.030816508765,1942.3070651782625,1285.1832146657487,1268.7632425609904,2832.9461375646342,783.1020408518815
conventional,0.37945364193772635,-4020.317146467285,736.9259464901368,1944.7926538280478,1765.6082294609582,1336.5010441972402,2333.9669972285924,2954.0967202838865,1362.3683264000986,736.6115011278687,2319.738887701336,2049.01981477596,2160.3438459510626,772.5921903876671,355.2686549009891,1244.9656196420622,1328.3468167103317,341.71267333313307,53.102439127085916,1753.8703745936393
conventional,4.407207660028181,-569.6551715617185,2870.833922666968,639.791634284771,2050.863862560207,2769.425278061405,2609.4727861008046,1728.214923429303
conventional,0.19694298279697753,-7821.608759308639,1126.7573455957963,208.10459079939983,2481.8869389605516,2983.0420357199523,449.23700197191823,1044.7954665084744,2075.426638283372,1426.4155748294972,2390.0837365007496,2901.9014592806575,1987.2550938240388,2752.876396814223,2673.054314623566,826.6942517532137,1333.8323148929874,455.2315767574756,1762.8377170453898,580.4835565122091,2819.113391360062,2651.656738474428,146.13648714523873,2077.592744190978,317.80962368692155,1224.614729962212,1031.4314078465627,636.4893145806335,862.367420270163,529.1987227700431,2890.495996425674
conventional,0.20289895186355866,-6754.146718406643,96.72410882774683,2238.3874626735887,871.1299566985889,2625.977071717789,123.33646547395863,2807.0000587452455,1293.351931432648,946.6090220985327,1751.5731063333117,2977.2642378742526,2589.1802958929393,1311.624279350759,1496.001392872145,360.78155319860053,1756.1023655965855,576.4258422346617,254.1519297508653,1405.260443540355,181.2813552039598,1084.851751998945,1616.370261982596,2467.482822879207,949.2294967495758,2031.3762304805605,906.6910430773682,988.5092514609327,949.5861371577125,1287.805500918291,231.28313263134874
conventional,0.617960725951866,-3294.1357144834833,2061.7992627275057,2509.099399039258,2785.690887842494,506.01531446897053,1817.3786727865993,1096.0140105952646,953.9327688233184,509.79322742969816,2966.6276622374876,566.0278135781953,145.9487162400178,2840.218409159425,779.6910889807951,2695.4854453687412,1661.1726372160579,1263.980638035148,2956.469494128258,258.7681597777728,1365.1461803435407,2959.480793066858,1536.9312395611914,1181.3457459150154,2184.8119768570245,331.5713389641066,2792.0771470968725,1569.4657295943416,241.21399516532782,2190.5376205476814,295.05088096167344,1937.3775747171114,2151.3928906034703,1568.043450170947,2099.254354945131,205.87290183886464,2713.2120746840606,2495.6485555532176
conventional,1.1973908914317946,-1581.075381851444,2606.191970205773,1211.4238050461122,1529.4245832170877
conventional,0.2193174188956024,-6124.079351350455,15.250501558525192,2322.0581120538122,156.2487209146908,1749.9373221155047,1598.2456217862052,2579.727388503052,2562.1142164197154,1956.8538639365183,1359.2420651682362,349.0012527577428,873.298762132222,2516.639287514402,1116.4144193925852,2343.8470406211145,1209.4451346739384,595.791894790573,1465.3276099765812,2741.8578751585706,2674.186297675806,1740.2260476707067,604.0477175079462,2993.8212865529085,1180.482019987332,1034.0259447178457,827.4064247650231,738.6235359000223,109.87579751676606,1166.1055068346373,1191.8233268362683,2657.4962464729974,2143.3713969144264,1619.6019852643794,2870.7006044720492
conventional,1.0617571943830102,-1558.5565744243172,2044.215256428391,601.9884352144107,2087.905545089178,1726.9908555068325,1939.513241565792,1326.7146717224098,2432.3542666848552,1329.540475981709,716.004590681427,1433.3333052541989,241.4989396210469,2965.8494565240317,1559.9953766977555,907.5829004887777,1665.5614044870001
conventional,0.780592598860496,-1302.4743779441174,643.2755436896135,601.0015392595749,2149.730852484302,1676.1455375624819,2104.5615845231027,768.1190704255212,1776.4378436417906,399.3469100467358,2247.0167715328703,2991.850551062275,1373.6023107055755,1139.564836858767,1674.6451146873355,541.0842219777005,2091.1854298117387,1863.4886904791672,1344.1726778137977,738.2399086211001,2855.597460270029,389.8785417318947,2440.862100285379,885.0490247552958,380.90466684271956
conventional,0.15063283195548105,-9757.700105660357,1414.4285635270548,256.78122807473926,2676.0480287610008,1924.5945122302658,970.2927700067812,2816.815429328882,640.377395368684,2109.783345293797,903.4117822358081,640.688377616047,646.0261121633879,1732.3359281100588,2252.9167491511926,1003.6570310324693,2770.909826033013,1648.659044441213,1433.8667499933908,1868.6581741431341,1634.5281911270142,2275.275410627848,2753.2634512463014,2578.9701540225947,101.38060832010316,2378.4947981373416,558.0221264751337,2192.9086701137453,149.66177100143636,555.2745048519986
conventional,0.29913753577607727,-4235.745823955195,1041.4502487065236,877.0982435894281,1686.9274624314392,281.68167847618327,140.54863554948892,2355.128707820126,2548.008910261934,2670.883746457489,2242.0720208846556,2593.265364741583,504.53979085659864,2489.459167422554,2568.570297938888,1744.2352019562848,511.29926516933233,904.6503601031148,2462.2234731386084,889.4952172721659,2596.3448709822583,2395.81041891478,2440.3121592811394,1813.66695639677,1622.7815807824538,862.4388336721503,88.68328742835791
conventional,0.5145437642208956,-2299.6293727622397,753.9866452548943,2622.9648135073967,251.53131574575522,1462.414660623499,679.3510990421075,532.3545102084207,594.3633684843887,567.6971684105987,1162.217054614928,2582.9750678870373,2817.9114647387687,1972.028569346125,910.6926638987547,1017.4692076243165,762.4823870138395,1051.1649512097422,2431.4524435705825,1000.331202536418,2314.991916373427,1490.944887218308,39.11895167056605,1292.4033953964426,1336.0536231499048,2073.186618898623,740.3532270163392,913.790704133848,570.3188402000242,2324.444494677766,125.69491363486563,2447.5400772680164,1648.9096150132195,2016.0372107424002,1179.7842042822922
conventional,0.2533611999063763,-6802.366032173315,1998.9825370818558,2382.8168581850277,2922.2454715478707,1585.8965958936897,42.27006697389867,678.8711555438836,471.17157386890676,1523.9459158253449,594.3170754076776,1941.646027547027,2363.152971755693,2081.316042032865,738.2709164078298,1587.683687870627,2866.4431620521136,1980.5242773955704,1238.3456903959177,79.75480238057372,2485.7166195320397,1938.9696056515222,1427.347966880408,2440.387020839734,2801.266346325458,530.4223917577715,1271.850313914334,1871.0944124593575,59.348946470955916,1451.1699119350928,2577.411243316192,810.8962843554614,1756.6310706211698,2049.4721227809323,2384.2255787858044,2492.8361782905195,1990.79959503362,2245.7914905073444
conventional,2.336219069191584,-456.659640279675,1287.6378222332903,598.6629693490011,295.05309011827944,499.7894090126706,1598.6454544916567,610.1574042761456,2877.014609719132
conventional,0.251442610130737,-5182.228353624022,1148.0145903194166,173.10398699789627,2487.2580498461866,528.6225913303796,227.88069762483286,2939.098283606803,2485.1055207531113,681.9989165249256,2636.0929338462515,2593.73716342841,591.5843978330116,2312.4038632840716,289.7929644054414,2434.116205254077,1114.2339503202859,738.5530457590579,2787.613429983858,1239.4432759285526,1858.2543086284456,1173.8860855686098,2617.654127024777,2484.769146495632,2711.7514696917556,1695.9753541301313
conventional,0.8629588728886552,-1221.0685855505144,101.9560791860801,2487.6749001964945,1280.4753297125042,2136.5762053421395,256.41511845170226,842.9927481266664,1857.9077456656066,749.6935336821969,1811.1797079640855,1864.6646544390771,1097.5405403757475,2029.1449814684681,1161.258123823556,1112.6014612174106,675.8547565837213,1608.377418879675,2420.6244282431653,2022.9224259643463,1345.9822229407666,124.5559990798337,2803.1019093791956,878.8410682915255,151.01347210947438,596.0992175940298,21.627076172024047,2637.159067814453,777.1095300921431,997.3305802549173,329.31880119796824,2264.8334617314104,1489.8375528345487
conventional,0.1375325437402164,-8007.395074303115,102.36056214098893,692.7265403331861,626.1760341225956,788.3487591468049,2631.961989919496,2832.6749084000194,915.0143429105786,2662.181848351173,2204.6443046101786,585.6500743913182,2282.5881897435265,1263.5857319351232,44.693024986545474,623.6335602817499,1927.0454960652971,928.5993846643279,2530.6786545490895,97.43610922627518
conventional,0.6532782046679355,-1463.4553412538164,175.24634226711993,1752.0400724901258,1006.181473145924,1411.2899495309848,2119.8380905713575,1654.5968723026167,285.6897897598105,545.6679494358988,518.9125045112175,2485.1058748713617,678.382642106543,1667.2003914527597,1681.2998372826144,1039.791017090744,1120.038353518322,2435.4640327868747,1310.733811587442,531.8760712764567,2777.8731061944504,2684.35521738017,2539.8661188995684,5.6439269482517505
conventional,1.0203338084219427,-998.4391846995264,616.6093070531231,519.4948698873307,2988.184116526758,1733.019323871519,1393.3447697533418,2186.6308709384666,1790.1693733317318,2769.0762384809427,631.3359252462369,854.9142814875802,1551.3980805752328,772.4694953514886,1985.0300735283397,1107.7092332183113,129.66846996356284,1475.4504908058482,369.4238543201283,2228.8545961177915,2164.637659835612,2183.8957757103403,583.1773400712713,1412.1998636574333,549.0577192255728,2115.9980258670585,1.0922168646643224,2422.4538976204967,2936.960643074831,2462.7374240326153,2086.973615737873,1826.2493322599055,1364.2151435530222,1695.3420236215422,1519.5634968042805,1097.0865148666403,1629.9080091086946,387.7333312003868,219.86539623879062,891.9948876303752,2887.2738011750553
conventional,0.1352414772990016,-9217.072150135029,2154.628572204058,2312.1673506119264,1512.7218671295354,1836.4481274626708,91.27994388199149,292.55743672009777,45.905011242794785,1311.765167641897,116.08174089282043,491.188747106136,307.7726805648691,2818.078806935396,894.6221342386592,691.3286235103097,2434.989417733271,1814.497518372179,974.5318933231689,790.0313433151105,2688.3805192789223,513.5041856109339,132.13009516739146,1239.3781587294557,2090.672217706656,2064.368937670386,277.1732223393453,1301.9909834154955,1680.4244410195095,2170.248604858499
conventional,0.28336079444089224,-4490.397058678585,2257.9549359465545,1489.5141961531783,352.8068568153865,433.1394412227284,375.16092600629605,2056.5209124909375,49.39852281212323,675.0016005260275,2969.1869206847023,2535.861234003781,1509.608679226147,264.2696112014513,1124.5607268122055,636.8306455723242,768.5158846300535,1527.359250389699,2638.161888461368,374.0907414255155,1906.278327597057,400.54396357341614,444.18370975498453,1549.9197159942755,2414.872330112776,826.2572582741768,1871.6381483923371,2736.0133292971286
conventional,0.27045299949642865,-7206.928635003551,2550.0168169054696,928.1495226502838,1648.4219488620417,1658.4972352286154,2556.4905470069207,2932.014335289949,2768.576969370426,2386.9960783803363,751.4131809446789,1604.3032213777885,582.5515937408109,2563.3817779412066,2043.4254854361623,2488.3170922224813,1773.9897767629404,2481.912852245291,1779.5380723834726,2662.9416611276147,467.2380249400071,1768.5615664056477,2364.334341297836,377.2126053407878,2875.537619455001,2740.568200642577,1482.100070406382,1938.8255487675021,1034.8412318101427,1163.1878678273388,2857.4563347312906,2306.354948072072,1830.075248848483,2991.6835792702027,406.85870569334594,2574.6494742212044,1716.3701864375937,166.6430947829586,434.9873004013057,1844.9960905904395,714.4255371911277
conventional,0.9349250877331807,-2398.5847640474294,2708.7270238191295,1907.0111413430088,1673.2344548658027,2200.0382955040814,1650.2954878263827,788.524454772326,865.2103700962679,2195.303689802312,400.2937742573969,1644.786831909323,2743.2315638550544,152.8350951877005,1618.0050587943317,2478.025763446608
conventional,0.19914922264001023,-4110.5273443692295,188.1679138637211,188.56445010091085,274.6062040144871,892.7418586305013,216.55502464247206,1914.8675982163343,1633.4249573991635,2525.9745777165704,111.5546499141088,1900.6788533803553,404.2052713005209,2932.544929258307,487.77075636320046,714.3805747811383,2828.8120324325355,2653.3721574565657,2488.256599406584,39.229609423510304,119.96565214291027,65.59740181381292,1568.7074627689665,2802.9984624231374,443.518989909805,953.1821882544413,1460.5165681908247,1675.9701033775805,2813.4648971683314,853.361134314673,1055.7304439192383,2072.811169548532,1126.6916743528259
conventional,0.6618469301528724,-1526.0472644117942,233.88577042556273,1025.5270072684716,1915.457619225358,1595.6288556551551,2267.384500855061,1273.2567401321974,2951.9081873569207,1924.5770958520434,859.387065604918,921.3817587430362,1595.9276675269582,1574.9450609696673,2027.1144496527822,2414.3728322320153,1297.9879908333382,2017.710086635007,800.3350768425414,2961.5969824720496,835.8937253071132,696.0921031260324,195.48360795776344,2419.869384334497
conventional,-0.5745749082508792,-8114.727514384986,2512.6242979471044,399.7227793119569
conventional,0.16088406325205806,-5963.040917278032,333.0772705295312,2215.4186632491983,1602.6834364284437,74.27800864834546,176.8440563360044,1766.8843312424751,2830.542899919326,881.1603470173776,1560.65212499243,2178.994630151912
conventional,0.6392300278425027,-3186.667783593115,1835.0738368271707,1837.1521067671006,2876.197941118282,2937.5710895321386,1541.0035009825774,1358.8987152920797,1973.5151662363637,1531.5438996048035,1336.521777450786,565.3391431780149,510.4786958603832,1623.6433493532718,1233.368005083153,1546.9724415046571,2209.206618698968,499.86972028160943,798.8687420629577,2359.4524873169753,921.94904470897,1061.7640831739939,2705.83090016032,45.95951611884886,1103.8930597174704,527.0194425734583,2943.565523673232
conventional,0.2376647571707704,-8086.898134222954,2870.608602608982,1508.965240376118,2228.6561371124885,1734.6254912965424,2197.2737994172458,1912.6101316844633,1724.0157481047736,1115.7355824579693,1648.063297080852,349.2824502488241,1011.9519023195545,2439.769533653639,2584.063133423699,1199.901289490861,663.9384964184485,435.57366654616567,739.5551548142045,1572.1774821313347,573.706354978478,1235.670150774544,353.48085496285,1397.7271940528456,1129.5567886624046,2172.823201777208,1517.9956448839525,1740.6835373194301,1186.5194412314943,2516.505189706078,2072.0666544653923,114.87993713903245,1589.1248797187557,1912.862938351439,2296.088372547416,2492.2931707242738
conventional,0.18939667681661887,-9749.041468155354,2951.4314983227077,2317.321690759181,2784.211732886654,2104.5005386844055,942.9982439297335,1670.2157541766353,2149.892282902963,195.61526520744707,464.77337627485247,2823.2373159343656,2952.1605600704784,594.8094400443632,1350.7224941976945
conventional,0.26334477626239217,-6215.118256689301,614.1637581765859,2756.2251049555034,1719.5711823076767,2995.479393159618,1474.4749313537138,1766.7598024004458,2022.8419468479938,1922.7061031215023,1740.0946990032257,1845.549909822492
conventional,0.21519426592845403,-6666.262453060148,2811.245611246529,498.23344704810916,958.3420584402444,1199.6498349078527,652.9722816046598,2972.493820926616,974.8672973860092,1052.9051662130994,155.47919108331422,2788.894554885163,1699.7771718888353,2531.244589813724,2295.434415794167,2092.1605428095395,643.1473196946525,788.0231376020084,77.33218461771543,1094.7184744821914
conventional,0.46679697763942274,-1991.520054854058,212.11408351324283,416.32740388801915,668.2606829529203,2546.3975261293,1030.7926157459494,2602.702757333544,2798.5895262290596,2975.733869323893,954.1206021156838,2291.33060433141,2030.36917027462,458.04491875827307,2342.435346050052,1872.269860377225,321.3358934300371,1259.6577551017572,888.3972382951367,1446.798856170725,688.4539119592692,564.4681938632036,30.15470633897194,1966.871819844649,886.8569126422238,922.7978643965446,1909.4384144886315,2166.904951197291,1238.5485682883755,2910.8790945293476,458.5129215665356,700.5176873145472,2364.525486665761,1236.8070761977676,450.07704326377245,2366.4562957623266,236.58668601589767,2622.4793010962317,982.3927394468623
conventional,0.1838143042939051,-8262.075113745177,407.6664417000087,2168.7719855124205,966.291733098668,2633.5427449910717,2090.64045865377,2938.124809725886,295.876992549087,226.16669442405328,2645.137048042084,2485.6751092688282,536.140585981358,2771.753529041617,1629.5102350956327,135.88898196910972,1007.4794790551631,933.4145511140634,2817.801791611688,1641.5708112216944,547.4219180094279,2723.7567904350726,775.3763213655591,2051.121383919797,2797.2123598964954,186.87197670546178,352.75491750841377,934.7847858052191
conventional,0.9736146658793414,-1050.653516725873,35.46443479832367,1932.5958250198798,2388.909900631212,1192.5879524190536,2817.9220840417074,1501.3950306721076,1443.338382613442,1449.3603251005154,2667.638515045443,1538.7279987801346,1220.9505736141095,885.8145636007384,1508.0430811278263,1791.5735982159356,1323.6803288339931,2702.302147028314,90.65292569476566,1325.1037024613497,268.80675756924063,1099.3681636945562,2550.485728608218,2915.2295873538205,1005.9203149739637
conventional,0.40151898947333375,-2350.172775834816,133.27094528963408,77.18524562640347,1820.2566802464726,1717.9797965060313,2469.471729683084,2247.825082532933,589.2796079093741,212.4289230296277,2233.740439319862,717.5090498737089,2404.9073036172217,1659.862258119685,2463.318410755739,525.5787658468762,1072.4210380795337,2670.0614975255103,344.29736697772375,1517.3379806557775,1274.006942673863,2812.278059983088,569.2210814083602,1954.4082969810388,488.21009259510186,1358.0763926375055,1073.8814202970407,547.9167224270683,2224.969950899065,1314.9680540472464,2179.063419304436
conventional,2.0518897941371894,-1273.7533236691258,2782.6652643609973,2887.0941407878163,1360.9900372762133,102.40468076418591,777.4882330834553
conventional,0.07377537657458832,-9114.54862945771,1663.4742611261988,2447.693129629342,1812.0930646820693,182.71894659666626,1481.685737388417,1759.0107187262508,1706.7871892336696,1093.544889680814
conventional,0.2075108498123861,-8072.923202040418,2569.2282155422263,1858.4098519841334,1635.7770959440124,60.61021667159539,1182.4263140410796,2966.262158215054,531.3914951200501,2482.727524065951,1925.448570710475,2027.200860923787,1431.9290775252298,1203.6930972873802,2332.845574639301,2173.510783213042,1551.3533782408006,4.7958888649680445,1313.7294037090514,761.9569818226496,243.7256775608122,1551.55803300322,1169.5602919766654,2977.0397239055596
conventional,3.0810655638059465,-382.03468369512416,722.6462476567593,2946.43388648004,1282.5540149324067,1935.7065308610497,2042.0367355096766,1152.8488502591297,2620.980242746756,474.5641935584797,1866.42721056883,840.3024740419906,1095.976843604982,984.1340143230956,587.9133085091345,845.7802759558297,2397.0540599936917,1685.1374708414078,1327.9475039006807,2933.1784588338005,1023.49112270948,2130.645869870289
conventional,1.4767936876393621,-929.9914054020942,989.7553360447487,2273.7113353289783,1259.1118829702739,2030.319427986074,777.9838125398879,2877.70328687855,228.72398556216226,1856.4514176433727,622.2524914673184,1227.7258042211008,897.9501068684757,12.258579316192735,2904.1388060799686,2079.500319658586,2397.8227583854823,2.0585437294702156,2058.265060904632,1979.5533868126226,564.5522757294442,226.77760148068066,2071.3449757159997,1240.4310178721826,1072.8908579728472,2756.789300773853,2579.13235796942
conventional,0.5861235736369528,-2266.592722538132,1481.6300901270624,405.0003431825434,1704.1488643308262,2833.633449735764,274.65181234865946,962.5116182985124,2121.2909802604768,1633.7218307905055,2112.398923206778,2077.226204290264,2629.106565626541,1788.7642056663979,1802.908573784115,1458.071457382108
conventional,1.5027290282156702,-1254.8750355030345,2222.3441964495323,1084.7749530347987,2358.75085898333,896.8584219015136,273.6368211230322,2736.2940732900884,2275.660934130982,2935.908183972466,2979.329050034711,557.7532223832058,195.58510999120338,713.376761943483,798.761377227237,2354.2980005458453,2080.3347202628343,672.8062801164112,2050.4275350921744,1120.0977394037182,2841.837777687036,2530.575731258531,337.7426188952127
conventional,2.763979039956892,-971.6343845392557,2789.83071117329,2944.102492508702,613.1992747409803,1599.9968667738665,2019.126197080003,761.4701511697601,2116.644343911318,868.1982836293779,665.5304555793241,384.4087649003735,2132.3183919880416,1406.6089298144734,2802.0260683896686,716.1308928702044,865.7034541542127,2308.3688450769555,461.4932688335262,1576.5758959555355,2356.901031855061,148.91561876339563,750.3222330480269,1933.0098861824697,1064.2165671000523,2865.9231657668297,2722.6227683326315,2799.610893065671,2099.177494267702,183.21013305924546,2447.8317373196605,2445.884561048934,78.88556006760739,23.56605698910677,2131.051586641279,768.1572444972112,1644.3434745319582,999.357128088744,2151.417267875459
conventional,0.34563453912816255,-3995.2638543439175,1758.28386746321,769.1588131862003,2712.911922041946,23.18164061344177,889.6950757209055,2434.0026187915378,744.673670725754,546.5647441554604,918.1493891798727,581.616587528274,2204.9772056421316,2590.423744825207,687.3677228345636,2568.8815815825237,2565.118349683821,1199.8182003876348,1194.5911925709822,2641.788687501673,828.9328706463598,2051.6123047988144,2844.6292921086165,1708.0597634552357,750.9650479913074,1636.9144792206769,1716.174962547486,1443.7476126923732,625.4302116709316,65.21822339654318,2505.3208040670893,10.024680360077289,2054.1294847688378,859.6087954183361,917.7123392211341,149.98801550496086,1702.4405873298958,594.7564596725902,434.0637779875493,1606.114759182641,1139.437183889473,963.2000839175632
conventional,0.390119039683513,-4532.819319443984,2143.745282241998,2629.498737834687,1238.3962693158514,561.5929576748774,279.6110159400458,2150.689262197188,2292.531458725179,2624.1942074923677,888.50636701343,2949.1582129920803,1304.6711250372923,1059.7632353685733,555.2403344293102,1325.5659691498695,131.2267931357446,1994.0525871476455,2020.1475125549339
conventional,0.34627256400631756,-4357.225162366956,1759.9717509397385,2244.6796551575408,341.4381119096238,552.5615522207324,2553.7703397827945,780.1918893852305,2232.576966486634,1353.5774356392117,969.9851062792426,2839.048155816556,1929.7890927519154,242.42370763599703,857.4996477135385,703.1750560963491,2832.725281060639,1914.4992298349791,643.7796517548287,1237.9173548432414,371.897797252219,22.6284565450504,1599.043328510606,1219.077790177969,1048.2045823933336,2500.2563334779743,2333.0242465981223
conventional,0.23948082355175093,-6758.604418212429,2778.8644247901834,2520.2286681299393,1235.5605399507256,2181.598837877837,616.4552184265928,224.81421068863722,6.46702726039546,1317.826232722075,802.2377853930251,1111.3157193807592,2106.5969414107058,102.92802742610107,2048.9152149009224,1158.3720027304946,116.27488847482019,1477.9844892373808,2252.746198114238,472.8492614002517,2131.826117216885
conventional,0.7870465499999484,-2302.952794052329,2765.126020596375,751.6874831677554,1122.4858685468664,2036.0532019406783,512.5332375881719,1276.9328476751205,1962.530356598898,931.4064829078333,245.3223107709222,2294.355940722622,2142.976794917061,660.1200619013317,1071.7248213582566,630.8456064492293,1586.2371934136847,2569.0382630819513,1997.307868283805,2321.8839599301873,1917.2626177266216,1196.945443163175,779.3854113051154,279.09508267619134,2082.3012120407825,1021.0086490111336,98.39378755138532,1073.0554537846986,2679.3832820098783,1909.682344700568,1273.5546044435914,169.5420964759883,2245.9759828518218,1685.4172782526543,482.68387291389723,1967.5049540359294,2359.3651929307866,605.7472475771228,2818.411703047767,1692.7779558063435,2983.4198715360008
conventional,0.3879579459655309,-3320.1525864407686,1080.003555108215,884.5353523438289,2901.165929595646,481.1899251944711,656.4134502080035,2143.6155115109073,389.7346954835515,1273.5561718895867,2989.309543614661,1212.2955016334001,1273.4027369545258,24.383516760235647,2931.2183328180536,816.6716699276647,1169.2119353775977,522.7012366357868,2920.388874644884
conventional,0.14337661844953242,-9653.566777048738,855.5384300749049,2284.8339569079817,2001.892875204014,151.50556584759795,1364.3922012769824,657.13143760563,2189.5888815686335,775.5362885961067,1658.322497746153,1695.9546380866057,1733.274244256216,2721.6004734905455,316.43586839332005,2104.781647309609,1447.2657026414477,341.18907498320465,2798.931877847852,1043.9513341394445,1855.9193222768063,821.5855842521147,356.42515892653233,2497.8550861291264,294.00029794260615,2163.117436848804,2916.965453201541,697.8950094226051,189.6463045474388,1032.0273169959255,312.84384507043944,2988.41299417589,319.5320081293336,506.98870160480396,121.4888002641209,2997.2075456141674,1802.1654245254583,241.25535091732374,34.39854034583752,1277.8747190895006
conventional,0.7762727578527144,-2440.872632536669,1269.5047127465627,2917.9616443520663,2451.4619065191487,1312.2507153874817,2187.68212243984,1405.334641039089,2423.3596974504526,285.6749768630539,1434.3023656579016,2038.404666654947,485.86371916730377,788.019014814608,275.1265901643012,1196.0351798742329,832.732790298553,635.9319027140715,2361.4235613220494,1434.8920477190115,2682.9432867755118
conventional,0.19903258054914552,-7949.924467771839,2025.7041076158994,2346.666101363887,1139.191871232413,2479.6092086330605,618.0156490934123,2.7959601261534965,2016.6638134785865,2248.7131724872315,1719.4451973199548,1613.730495280452,1638.0557945353314,114.72984445224692,1682.397049225373,2591.0675485400448,60.6704912639988,774.7995087062432,1555.1362359577336,1192.0489878035567,2053.539232069857
conventional,0.21707233850616459,-4762.693670819072,174.7793620802314,475.98756409617533,2073.7753608439157,1226.6055705728024,1272.896900098689,2073.732220253046,1877.8587994358593,1984.8675597434158,1764.8021150078532,1973.923889762159,75.35422040443888
conventional,-0.03047065298778473,-5795.636868525982,2794.9451433916743,2738.042870016595
conventional,0.4114943299049325,-3505.816622891943,12.508568475933167,2474.139959806885,2709.4468200368738,1110.0586731639887,2077.169796707817,1747.1705931937267,1319.062832780177,372.5893839012526,1411.3000992276145,2082.90039676545,1505.8313673104292,2896.407352278812,1199.3330288807165,2558.92811318846,2742.8716085774586,962.7208383139671,2104.23790303362,360.0521238766728,1898.5733027702443,2264.402109463498,1710.580681543354,1665.1624600006085,1261.9327035170784,1531.3776767444228,459.07165888491943
conventional,1.688601533994837,-1019.863573883977,2147.2114914188746,1599.1674962818827
conventional,0.2588901974205535,-6294.892874697616,1406.2420759124725,1934.1664979325935,1425.415840139347,2812.147508482551,2444.263431815127,40.49719717675838,1286.6787094123597,964.4205752950894,2338.1674265042043,960.0763452728218,1049.853181147623,2833.409233987831,1676.875083939182,1000.095461770232,716.4492743480558,28.109479215637023,619.4618809553805,601.6793274097517,2237.4321596399463,2875.4635885432276,1156.521812477588,189.49245473257238,63.206723037249276,2956.120836965744,2650.6028561191233,2631.8909773884343,2150.0206215283274,1521.5633941428396,971.1007830714539,1052.9522762771082,1462.4897154584137,599.2762365370991,1273.0616321548423,2837.839091100784,1561.024651484608,1555.4034666430496,1454.2453465728095,1518.1075681620337,2677.875258472593
conventional,0.2012567096068072,-9272.814757563823,2275.2344428237157,2119.8782222003965,2515.6433810169588,1244.3610298351223,1836.2397712197217,790.5282047204535,2618.563170402776,2458.183589228467,1425.6504261282219,1944.6957563880046,2874.1411381237713,952.4264510631118,1729.2658506564637,2627.461907415308,1540.961071928179,242.4039401791003,597.2476044388736
conventional,2.864914489089798,-613.7998419257541,2081.583627631752,392.6765157929898,2392.406708320425,1293.1010266391393,1221.8009304866785,630.4723570741606,1115.0641679606272
conventional,3.0353252859345883,-474.38150558740847,1119.552062534429,2527.203862956905,2484.011699428043,835.7810916769258,43.29038009981494,2550.9945979139006,1956.6228385602526,2747.2119436960083,2076.809257748551,2271.239955017363,1855.4715096791367,2029.809902596648,1865.8888495033536,356.5171888340762,745.197617089953,2176.317230297169,2802.4904851355286,477.7759718259305,565.720536245651,942.6925098286772,1688.1396692466221,2646.086729784179,475.5985449384864,2858.117371511115,1450.1340548592816,158.89894172761797,1554.8275412680603,1063.601663407203,1201.29185629152,2696.8557076888906,92.50861576229144,883.3159571839195,1641.7652625131514,1060.7852822055825,1481.1003542700703,2056.3882730474797,1383.1773330929584,271.4517389547505,1660.6326548860409
conventional,0.8142081023561121,-2441.0368616357723,2807.2012499221023,1631.0000508867677,329.12840177403444,2736.1917501962953,1777.7261801301925
conventional,0.3422511811429363,-4989.962378920148,426.82498307305656,2728.768951623208,2254.260289021968,2205.541232329157,2131.321339543154,2428.014908468994,2455.8451000517744,227.85599912915805,685.0870016547694,966.5828369889894,1443.6535342403863,1768.1279510385339,191.91225215653162,650.7915205773896,2406.4728057945995,2707.0401070138937,2360.4141127204452,53.34164825081369,900.898976179302,95.17754805281379,1037.8025408167323,865.2161636020065,1861.1607661448195,2414.7950570133135,1053.5610392779854,1106.6750942622173,2772.5397462582564,2321.7786702068092,888.1535988572342,1209.589292340955,1143.6452395399676,342.1417930301253,42.49732763927121,410.5044070376978,2239.0790811342454,293.52200672477824,1939.582163615759,1068.5647304298554
conventional,-0.052654802432541836,-7986.703570656169,2740.523579478508,2259.2353551249566,2038.9266769319022,143.64790355027
conventional,0.1422157867529239,-7499.560827771968,1274.451776116984,900.7561711401655,836.6538520438183,300.8414399414572,1300.7297113199188,158.4606179780348,2432.627240072828,181.44627923916318,1978.7342002788105,2847.6760475289047,2961.6195951785166,1197.9668444316426,169.66852572769858,1047.5048642478716,810.1815497862999,2258.5521308189327,1040.3895555027982,2542.7735108185448
conventional,0.17687010964389938,-6839.579484189562,438.0185994277306,1796.362815154959,1103.9210536074324,1823.1541654239618,1268.7788510963524,1467.7421335206109,300.8054018785529,269.4228537358742,2550.051104701,426.3138107886759,2508.3798868627277,922.3648792859333,2049.7413996856762,1240.1256462700403,1469.0590992235896,760.8590916128757,868.0668584445093,464.59315303879674,2371.339645479575,48.62935536155879,2615.048960736265,2357.8042797884473,750.8705683759472,601.6740647525098,2469.3216025663596,1295.220205943865,652.6826646045538,1625.4243780692752,2783.378078874813
conventional,0.08763556691318408,-5467.621224621273,1648.6270495651647,2197.3606334955316,1016.528857251281,117.16569653707428,1551.0553585532414,333.4248939824604
conventional,0.1614226449773386,-8921.69600110342,2029.0559634099181,1331.6157480278878,592.1307196719216,1544.4024434760481,2229.6342599180766,67.64633943574691,1331.7041345383068,1671.2091786887072,1471.6509755876618,2671.65161842176,1196.751872322691,2306.1607503865343,1672.512930859426,2150.71587833472,2327.72868007769,1587.8360493927187,1447.9005456898253,2756.9917845297696,656.7137887063996,1553.5081431428837
conventional,0.1901794755428221,-8549.60047410642,2177.246953122347,1709.9548034143813,963.3454037203113,313.7703743277379,2804.928692676977,2331.4170631416955,774.5022876261526,2648.9077117987954,1746.405117549308,277.37047462910505,964.289630587951,712.5634764407765,2299.8320533886595,2475.9855772199867,1883.3318482696748,1310.6992039323275,2562.456582018411,1218.2162347705296,437.03521762962816,1955.81832529456,2719.259251155568,2670.410653416415,2478.053247232195,1312.8321022914147,1450.5523365282147,1915.0352520141676,1605.7004011138347,2757.1788947273776,2037.5259928220626,2540.1729557177905,1839.2389356623403,192.6019442538615,237.80825673263166,736.9638128857302,1777.3190198790965,2657.114873366039,2679.472049777912,1784.7894247954525,800.5380857945701
conventional,0.17645838092142374,-6935.4905487001715,463.9905060742743,831.7886438784526,2110.806606030963,2308.6924299761454,65.39148903728359,1950.2185176820028,1005.6526150496151,757.0317533576654,34.3581822107857,839.6221590545022,1960.2848433733832,2095.033149907179,2292.640993738891,2165.7619727834617,210.07001876906122,2495.6786267302477,2293.6280376999302,1679.6997043080987,1592.0127707107595,719.4374773280554,1722.3518610254591,142.28845329695983,2532.894667368954,844.188789454911,1559.9866809118685,2828.2696466062516,35.37713885577594,152.13456982900806,2647.9830226797326,1779.9285789816834,1294.380161330006,2987.4191002798034,2934.778466960776,80.50175200659012,2340.7601619972247,2985.6870760798624,878.2954989462421,1331.8681604890337,458.9086616787949
conventional,0.019955005685362126,-8861.266512565078,1752.6478667746394,1980.8958632878705,659.734069219376,313.0724769966155,2203.771436936557,2624.677216751363
conventional,0.42942696460545426,-2513.9041087403516,544.2045876812382,2122.4111058283056,647.2421240187487,789.7335240730403,921.53626191154,1494.5627828103893,916.5840940158449,2450.2032264210166,292.89933639509627,781.4094793313159,1984.2345450959542,2690.6843134563146,2222.009322987957,148.47386234973632,1340.5862018903322
conventional,0.33480690908754607,-3987.7630019476437,100.97448644253129,340.1797582089388,1629.39112432796,2879.8044880707207,2462.544456362603,2652.5924829957867,1722.7937330947047,2343.328261483618,2991.5594753735,2311.238205903152,492.57764530554545,2953.2191618681723,2152.0097390797728,1323.593747238405,1237.5834772840492,1291.4049436921732,2058.23845713587,2959.7573538995284,1412.20353201565,2387.091024779055,306.97693531399136,595.3416509167076,1797.5656883489876,270.00247746318325,1992.9532569437301,619.1694170416758,1166.356804207264
conventional,0.1898688027506772,-8005.902365788195,2279.1931761424307,685.2612790782332,2238.027811355292,430.9018405207366,2582.852211171768,2115.337133452171,106.34244776610282,763.1994992920402,1173.8853807757823,2827.0972937406113,1200.3272252528286,2489.923885574676,526.0493486047374,2336.742297808791,1019.688368179863,1246.5602075729062,147.2134923656165,363.75022852760924,2766.5396092266847,517.0720369214453,857.4812451522793,2189.545762626057,2899.336347237529,1152.4853449400443,2562.874169738151,1588.325627407839,853.7554198588845,698.8858464047182,1964.8242407939588,299.4897557973544,452.88818684719496,2462.7787417387917
conventional,0.2205659113138283,-6399.6995663424805,1683.8424854579691,447.5232065968602,300.46652799171903,996.9289741797127,2117.8179204990074,2397.347149388467,1571.2481072195824,2580.0869249224565,1987.1546399634603,2438.321689874902,1892.8441211245267,2650.92790343188,948.334992238104,739.6156101483047,1899.8137457739672,1918.3412041173892,1653.6392322351373,738.6024168827485,2249.8465358419185,1962.989535462625,1381.719593138101,1668.4823837361917,883.4663395428754,1167.5996622896848,2899.808339982481,424.7978111375199,1476.9811398445895,1826.6921227452199,1501.6897940755644,1373.6638595358913,300.0539583913745,2394.4121917680613,192.9970649058112,1089.2257051275856,1194.0646605170102,510.96660130762524,2669.3378048061863
conventional,-0.17827990160884777,-5931.188678593172,859.9202755886984,1165.1376889908013,1752.8349782987236
conventional,0.21614403594322962,-4778.150635184624,381.8755781825254,125.69041293003679,2998.9361983434787,2661.893301291295,230.99298950757077,1032.1761199079835,606.4320686458755,433.6355409881413,1668.455881695009,1305.9814460885045,944.5706592243,1483.1819106423807,1443.85362007286,127.34466535507251
conventional,0.8920020375426634,-1944.6821326559957,2006.4106760654925,1857.2051320554522,159.11368791135465,1904.8836086989982,2907.344276613964,1829.3476823679332,2902.4183749535255
conventional,0.21780997884503628,-5933.049165592451,1451.8478044554686,793.4463465048526,1836.7771160151617,504.68603648214173,2283.353984217612,103.09525813657217,104.40137553284688,970.048625542695,2393.230575694596,2556.78661147225,2752.150095837646,1227.621695063759,2748.140204951306,1143.771876495135,1543.723587486451,593.9486649985704,1892.570625679895,789.1503902197161,2635.124477817348,965.8481138470117,2741.7764973449175,1663.831766909428,1138.9124269130805,1956.0881989020231
conventional,0.17355259971112846,-6554.418865946849,1997.9001095983658,900.0239924163802,1836.5590789315663,426.19028013991493,936.7123477921841,1199.899100206678,1020.0698384300789,1256.7595607253365,254.72818773072126,1466.3206640941805,644.0454826331724,2118.484406143533,345.8205195089837,2359.51609244089,508.98871969341536,2036.7554147721917
conventional,0.23319028661406183,-6457.437662959716,1010.7254046532385,2342.2091254777274,562.4205043694437,2633.487435990811,2358.550201679411,13.394193882422698,1743.1734384680979,1377.8705785742366,2875.9579146898172,1781.521302000574,2439.486101807068,1149.3515748497946,2709.129274956943
conventional,0.16809884769153616,-7864.296917983916,806.0329799251925,1737.4937183777322,1521.7405712052434,2016.0882945237051,838.7171866955284,1312.8057005685068,711.9210271817719,2265.9921962926683,72.95181063280343,2469.998409130663,2507.2653218788223,323.96080303847157,2521.40737674076,535.740756285382,1965.7898125979677,187.70933004175416,845.1561978358175,1723.5998273416915,2854.6155554038237,1899.7997850701063,552.1754831210513
conventional,0.5580266445748667,-2983.099026209199,1203.5437946929342,2225.0096306765026,2449.944566152707,2873.0704762495016,1456.4908447245334
conventional,0.20379262760912598,-5617.624505965632,273.5773678688141,638.0097691473147,1527.596484498847,1042.5775489005055,1615.870456163009,1851.3660895552277,1388.1019361761573,1322.7627038087244,2317.464567059493,2057.826266337792,1569.6299090129476,595.7940336234564,1146.5670586865244,1968.0305822729883,522.2118662917446,2015.4303782579975,338.54247868516376,1152.6380267000916,590.887180195333,2132.6712452964302,33.028149238115326,1571.7862750480579,1046.9008069069762,277.9087399896168,1750.7775185440855,2602.4799007389724,452.20431791870317,728.5152684234839,488.02694248917595,1398.4117948966893,1817.6677477493477,2499.56378834696,876.073687036115,1019.9777380908326
conventional,0.257978912400304,-6145.167661031809,1248.427039919399,23.12881400008843,1980.7980684326583,2927.4726415906644,2513.1111668972826,2181.6594677676094,431.87628078334325,2729.4265256190292,1278.1417214152511,2227.356099983587,1647.130454903281,2065.3908779337457,2008.694381415204,2157.00654435085,2719.0402027524365,1099.9895169906351,2500.2197327636177,2444.959896249275,1694.118075049944,1744.3020189909853,1588.7193673851566,806.8748750636739,749.660325888004
conventional,0.21144947196843944,-6517.278921758702,2536.6184620485305,626.6055659751429,103.8219388110747,2154.5496601510895,451.56078500519584,2259.7795118134036,1268.9675062417625,2820.3941653236093,1975.1227767223322,966.2227530439033,444.0403589199001,130.38602230573218,246.00127319277325,1315.5208530613377,2151.58610278347,2978.8924455607175,2216.398176838009,1585.9868445611955,1740.4993549430326
conventional,0.16092578290529014,-9639.276975971772,1637.3753985888095,1750.7779157765563,1696.056569933212,777.6470944724642,2523.954569737475,2258.169613750188,1309.2913717838721,148.07008459101607,1971.9891775609403,628.1303522024259,2154.7455818827125,44.460307225739655,2320.9698413573165,554.5173848091836,2802.540426654798,1137.0905729165777,1253.5144126572561,250.8885668298246,2290.7402924213047,1845.4758755170137,2857.4571313003166,1707.5410496702352,1825.2073882685993,2690.4828304705015,1792.531261676491,1599.437659725259,275.4044920872991,2760.288245644794,2393.648680790584,1335.294261729594,83.92010271284441,2627.9406901862712,2192.7992600105526,1029.860276736758,363.96376369677614,1354.400013779896,2051.883436984776,1653.9659066804697,750.2388432045987
conventional,0.15553210258268124,-8204.57268742748,2158.9321418163972,1798.6129082868276,2121.5345375373713,418.321526100693,1005.887145476305,1740.448218725909,669.097837908753,842.7041335972767,143.74046548165558,18.80398170658417,2970.94882563651,167.6702525403166,361.06108520797886,1989.1353185321827,1685.5744513494897,382.1702754439333,1633.7875533955546,1911.9111530148043,261.43464765772404,2270.577999461138
conventional,0.29499956529830507,-4663.370582125913,1833.3004498522082,39.60844254026319,1519.3027461774232,2747.717773413482,1917.2772540394826,2428.8442894223,405.5516396735644,356.0335530005704,107.70960106836358,1754.2846347008624,1926.7114801417194,816.9065232062143,2968.3305936534416
conventional,0.08985818303872217,-9461.92521078483,217.56386481532346,193.94563826693644,118.3146865448538,37.45104137367211,36.62252181179749,2905.281485092842,883.832297663531,2258.405120061689,1899.297344716349,2123.549321783673,972.5121981424014,964.7959293018439,614.5200037613943,94.6120661301743,1646.1271026487607,442.63560724814823,1882.8661432749013,622.6422481229333,596.0181647186479,851.2466537596309,326.97751398651917,1319.2401734971604,2427.6566352781406,275.6862468272086,2009.4114323902618,111.84885147910055,731.3890733627068,848.1549766939379,1060.9421866624843,2313.3205483248516,77.22957642802929,1315.222557409895,1152.5273050739634,828.3855716483106
conventional,0.20285247537708262,-7998.266308887297,1482.9124411979828,785.894662006203,2676.4726259708386,2849.139532101529,1840.925153985877,1337.7619083235045,2722.7680044672006,1769.0240023981585,1875.3296502549458,242.65505564835493,2327.4635106876835,2755.2422128086605
conventional,0.28662620688949003,-6946.730819003844,2737.9306470377715,1833.3019388071427,801.2883822467705,2698.054299707423,2584.7005054828255,529.0268238708957,1717.9045562370388,2516.9906891655273,2882.58844696424,2597.4616786190036,432.95555096857356,1930.332087300999,1674.3517323777999,543.9571512344149,1467.1244922778035,1712.0733081298984,2975.0786793990046,45.756388654433934,2625.512621100309,548.7613329727752,2138.88662923673,1312.6598043033225,2064.2383816039205,116.04189307478741,1625.9027333775323,2419.629691912677,1969.564707350185,923.6657346669906,613.7236534920759,1870.084400320364
conventional,-0.20253572772362505,-9283.868508407833,1386.6831387265433,2529.6161116546778,1809.1457799518362
conventional,0.3166093048370806,-3795.3787583706044,251.12413419408435,1497.0282805953045,618.6709876807386,2555.234057274805,2487.7586974057213,478.2896362559807,1464.1739171442164,207.63062154174708,2853.6958414397245,1823.9895204545624,215.96924284747544,2688.451803225567,2520.6421892641265,2003.042757583398,620.6964640303582,2473.386346131931,1755.278751447791,1334.1843723559366,743.4900153839994,1067.0773743162174,1649.5732041260997,792.7411389546128,941.5229902258983
conventional,0.10270554381293784,-9891.799387752773,723.306799179126,2848.9558865005533,782.096015726185,1546.0821287155482,524.7386258343541,1935.0051932522035,883.1346626734659,78.93240753081881,435.64876855366754,1306.0301944906707,219.9585271521211,269.57410516883516,1093.0547380640633,1834.4875595192366,713.66611762486,1881.27197067805,2015.694413772692,2194.2433799526616,2960.5180016589024
conventional,0.6249819074520362,-3391.4213006514133,1651.8818259873997,2799.2958936353257,2394.174244003118,2279.386584108871,2613.1674693360733,1498.92911945213,1089.022805381635,1318.9014113296712,2213.5185012037978,1288.8215096171773,288.0597922084101,2622.201369008508,382.51909063597856,2825.7584659555714,2389.86294527481,1418.0310176698044,2946.2334434396034,464.8661007820971,906.553161140043,278.10178122685164,503.02598821388284,1305.1282242361515,200.03310883536852,2129.582663817835,1333.9052353545594,1216.9401058258513,1254.8473450499978,914.4068456355986,2487.511505276358,513.148612465385,2135.176364772328,373.0210206366526,2188.073722114442,1079.2444405320355
conventional,0.1521832137487491,-9033.661753654013,1746.4023675277726,2132.2281640047463,1980.9031626055425,1915.6948312329089,2748.078687189352,1146.1725393188406,599.9904544562401,513.7739963536179,2843.4740891137476,291.57067298782033,1180.3460246798766,1010.0726973043909
conventional,0.39819020377747916,-4069.3160936712115,1360.8034205149497,1200.9979592945542,1821.175940787653,2090.7305374875714,958.625485100586,2629.7754311201766,2940.1442782701056,1706.331929934114,1998.5818139802245,2557.815113949847,2208.0382554363687,2364.520667553719,87.90764222833691,1466.6599815288619,2676.9955377985825,1854.956360917099,2198.471606908055,357.8376847263954,295.0276145591875,391.05497073096404,735.9700619299394,1981.8675402672968,2102.5916917586524,382.6304613753598,2785.4517696125854
conventional,0.18508619832126083,-8902.938850581408,1631.8417658028698,1706.11918544799,485.9804913923535,1186.4985658339617,1975.2532922235787,2939.7066094767947,2251.509192900706,549.9315802035477,2436.4959861563493,2757.441723854125,538.2869327357141,2791.1005007722306,2670.857737285914,2334.4901312046923,58.99120922466309,2611.678317550041,2728.218347728738,318.3114924212598,2727.277955681192,2479.082396639364,584.7047213686632,645.6453475309287,1217.4807160911987,1918.4682071543086,2112.788195375159,1487.7696385086515,1292.6316999267813,910.5400755568181
conventional,0.05855274340158467,-8628.517542411946,447.86777368974793,670.427705390199,770.9492469720738,2448.94776056411,2792.991156871431,1791.366866910028,2430.707159905286
conventional,0.9576858869976452,-1894.5221138455358,2334.4537114461396,1412.0662612566307,356.6648258315196,2830.8865022608293,2145.5708655575554,1055.0383510896652
conventional,0.1735724778402956,-9087.590537707456,223.1249312596354,2222.8649782063017,1682.3888994680435,2501.7235708298167,797.6062363147704,2206.224200159737,2743.496582965437,650.5233694336611,2303.579958076819,1165.99691340587,2427.4465743760265,847.6789438788192,2383.969857750881,644.8039407389831,1896.525051996996,1733.916717483517,593.85182201018,16.863923499704125,1410.988120606287,2767.3627286251894,1967.501389092169,2751.2594374416253,2190.7087928025376,1118.2915066822145,2678.5928106160427,2017.349657541134,1509.2014651847412,1898.2602732683722,558.4024500004955,1637.1372235751942,1366.1098536081438,2714.0751155038884,951.3946925277602,1168.3357579838184,745.9902431365347,2700.2879055991802,1251.5648352957082,2793.363311167561,185.20560896465244,2521.931931250846
conventional,0.4351058345772818,-3274.650766585879,995.4987812024291,1688.0326505665855,872.8523366646634,1921.7400282056506,2417.3427273412167,1774.8180742927082,505.96323027782097,2119.7087397260684,2719.9023789525045,2491.6201415010087,2045.7095191041426,1325.5680940682912,248.13988500154704,1958.3446807568719,971.7827276263158,164.36694621635462,184.1844612457555,1392.112343113638,392.4417516738882,1514.2670671197632,1430.2974026677766,2867.0312235876204,615.8500764038662,2172.91764872517,1389.964839064876,174.98386899819658,191.27371000674674,760.7652557657568,384.1027808531516,2010.2425491458725,1148.2186875192374
conventional,0.7996907490742367,-1291.7586435964697,714.9341279649127,1910.067413722081,53.28944621315527,1149.5302754389852,917.6256221567184,2665.900466199124,994.6547963548555,2678.276458513019,2982.446390623089,745.897862873901,458.15048192997966,598.4780737478168
conventional,0.49406264310326664,-4699.59625764577,2768.2430713102094,2765.3707623391415,2792.7585552644114,177.22393069158736,2156.1223956399995,2378.7603846214297,344.1584989639171,2493.9177211403685,1995.1495299455987,1810.6945897740238,219.21997308353198,126.25041240309451,1227.4833786425613,484.37324174557165,1659.0141593747735,1481.5862007116375,1043.0644938663215,2634.717799750646,657.1667340867425,2197.0596052662486,2700.062310398404,2639.5007608840265,1387.0261578977886,852.2851465797108,1686.8450787438792,153.30066392539428,706.0798557942295,958.0158696584401,401.9674910297453,2130.681792994917,2566.574890817597,1372.8451553292346,1212.928680006148,2937.9605317533997,1711.6770144693037
conventional,0.1588422357332373,-8217.60113628254,241.50398792219133,1144.836049339065,2631.970493756172,755.5268413353907,1431.0692375513918,1579.216024062915,2046.3476103370738,1341.508069300822,2568.5439073768425,14.066700207703223,1900.5823259943734,1242.94964373845,2019.107271072624,481.702696332957,2140.2046982998863,2172.41826689686,350.52123035369823,2325.9511500089197,2472.118562935897,2236.119879936978,218.84550783205165,722.6605408053721
conventional,0.3142834210203691,-2426.6081126335944,71.50175441695754,50.94002770007203,615.171847006861,1616.8469473541286,972.2801158854777,630.4917457926447,1154.283875049314,2884.3365357629154,2203.5089543569206,1301.8078816529344,2150.396923869973,2230.614131640767,2022.870627105222,2599.094520218077,113.70061831202051,2581.116283089309,2258.9991128381557,2073.8776233156595,2593.5346784724657,359.6552245721978
conventional,-0.06170797492139268,-8484.277226441369,1240.9649599002407,2203.481941990554,140.68359730603441,1112.1517139203124,1480.5141020289634,694.6264393898401
conventional,0.25460524678838814,-7061.081692525484,2983.9577022824747,2717.5524843932876,661.3253253558371,2565.990764796419,2162.8498710629806,248.17521506250247,301.0577528605239,287.5691121847443,2018.378866094651,374.96322521860026,952.3098713449256,571.8285373303221,240.39859578342086,798.708966006317,476.5335581984768,2773.6905448939374,2809.0955130773473,385.42686580402807,598.4401232320694,2791.689916380313,1008.8615749134333,813.4247265539484,2445.6247903587,1201.3417263432814,2351.698042641958,2449.674193026175,208.18883718072647,1676.9635496542771,1011.4697957690817,2148.271258430042,1511.606177598039,1317.0236502007135,2552.416118875895,2581.0796193099627,2481.474831279383,2700.4562254861603,621.5581921747132,1000.9439079977374
conventional,0.26149883895799286,-5495.346569207505,173.63198222868272,2916.6663156421682,1221.3485904532065,1308.9406153917535,2066.5419804753465,2974.9841136744667,1679.7905500873335,1448.6734156414257,688.8531950373008,311.87944064380605,245.25131665588577,139.75425548060738,202.8129224340579,1340.267554746823,1834.4385026124971,1558.726374702418,1853.1210744297987,410.83487191999205,2736.6606287202367,2536.282440874566,2648.9427479954584,1808.4664738281674,1272.9147928946684,2055.1041125982997,2556.8992468123324,184.93038569016022,165.54058603756016,323.25146025677,263.56118078607335,2077.5048739579456,1.3405115423966867,2370.9200389712673,1828.0325859473967,1769.3548161461235,1215.8614052665152,743.5315196305484,150.77001145236227
conventional,6.482298437201449,-204.22641052804073,1479.9416328362004,260.1050999007304,390.9270133008871,2477.1234779810025,1343.0032311602574,956.1867054527522,2243.793320640881,298.6119327196587,847.3780951528079,1593.9112616059228,1078.6500199337665,1418.2809297739093,1835.5561913566812,463.5275182175895,2078.3194038988076,818.201970105348,1410.0530862090325,2402.8967155304217,907.5500992300841,2901.550051566511,1278.285142536212,1951.7673026959142,2641.722483359575,2661.258102727766,97.36325887234322,596.7602244359464,2938.552709549584,922.6338815582523
conventional,0.5692319334933649,-3545.1863794860665,1956.7935220870254,2502.479234711934,1303.1158884199829,2968.9424535885355,2351.0938371855914,764.2550625734989,686.1458057666079,2400.4911214585527,889.9159070303772,1177.3310840217853,1528.8998040910374,2301.395741450829,1268.1882536678663,2436.7149007847715,1324.0797320657557,2095.3883327587687,1228.9166863196904,1661.773629609157,733.6401158885795,1427.8172049306563,2227.713288818348,661.9831337858508,699.7449299097448,173.22617675417166,833.9445084467105,879.8493929051028,1391.3648993893812
conventional,0.1765981754520345,-7865.720964755141,193.83816863941732,2721.0694286817156,855.7418487804317,154.9846578755637,1834.9380399328847,2479.549261886622,1790.151508443791,1278.9465996803972,2938.377552509044,1417.045009573063,869.3238904058256,787.3204298469085,1331.5390894477164,2360.3747289275275,1011.5209032742612,1700.4504492257731,1440.8045535948038,2043.719377160134,2793.2239998550367,1332.1467084286296,2830.449006989342,592.6444669158859,491.1603038966135,1600.21782070688,106.04490939967197,1490.8907943414972,1677.5501780663528,521.236395774108,643.6893923394875,1012.3652315935441,2460.240675976131,2601.5823539166536,97.47394164377182
conventional,0.1641775947194748,-7191.507226145109,982.4713527500433,589.8998053565276,2182.9887349962755,372.2272750123277,1377.7189759260614,283.4533455234996,838.2174448507202,2580.274321281185,1093.3622571425763,1827.3879445039395,1067.7793127292211,1141.3777561509619,2915.935094951625,1664.8445831783358,892.2104870091534,778.2437815558478,380.0683369389457,1546.2939011865456,624.2648627789839,2812.6623610863317,2515.0436142699077,223.9716937559367,1483.4759487862295,1906.013505080258,2012.9214514654295,2052.56645284106,522.2961993299007,2131.83271783839,2636.4472278528456,2880.643616263151
conventional,-0.4863468592109589,-4663.268896783045,1535.1108314063,441.84026277978336
conventional,0.2521112107802155,-3062.670701982213,422.496080723281,785.2830730569851,345.1273732797482,504.4754592041604,2901.1858771499847,884.9491849497301,298.50122889028034,427.923416448562,2176.895270776336,321.64048711532746,2568.233377905779
conventional,0.8671620384672072,-1429.189570078567,1850.5081966621478,407.3126501047065,861.5357582916512,1342.677048601495,436.19571946655765,277.4996787641275,2148.230841484721,1427.6621570684188,2597.000509193604,1901.1459911220063,1285.6672088700116,821.8778542556606,1033.630022025413,2667.8528319667225,1019.487396466357,1138.6237279698853,2787.7370671201156,41.62203837217449,2716.5073474725054,278.78988142462106,729.3041729385232,1055.5173669568949,1415.1523892974337,2293.026017054409,2609.4802110689448,20.776622803080766,620.1155146259238,2959.7991777926413,1201.076822102431
conventional,0.16406285097918594,-9161.287087751061,2144.5270123377795,2731.323802478634,727.8357687695028,943.9885279114708,2793.94556476596,1987.8286352607058,2589.4585319735975,2449.436486369062,250.80205052992815,2453.895936949373
conventional,0.138262526528514,-9389.81462089167,2570.441171735921,162.3258849954687,2543.2011963287514,993.925976486437,466.7014446574745,2343.506962754428,273.1020481528969,1064.0401537452856,2166.1709231505856,1911.4068087708508,2333.369053915994,2483.7566882298697,1984.9073901929469,11.303804111583409,1564.959327905001
conventional,0.3745707603595545,-3583.7221592754754,2742.1908893617833,244.85637495978162,420.48130746779117,384.24327595566956,2415.7831719890382,1125.559992090462,2761.111640179309,671.2677177318137,150.64560953040703,461.12753749022215,676.2773564658911,2773.0752857698976,2922.2555105181063,152.09376250046608,187.21846574911527,1462.5193412865938,869.8422000904935,1265.096299902464,145.00009866618066,9.509459343589024,855.6782954190286,685.3935269394392,2003.6848398873071,871.6887266425178
conventional,0.13569584236636412,-7999.34371586475,799.5976354691414,555.0841456715506,149.16896127307965,1516.723701708407,1556.7527875186759,593.748973952456,2827.2684927616324,392.30553695234505,906.4869856567904,519.0824522270339,1074.2278927408108,2705.352906275494,2729.7771158433297,373.33415176796734,908.8184202928817,78.99530889768143,1903.5534952827081,1821.38045855543,2203.3895698730903,1396.5296197471098,470.31757025074916,856.5234950827703,2834.0663945872866,991.0770244008351,2248.2309340285237,2098.9379943118684,2448.030685420423,1597.624361866525,1099.634478361064,2472.513071160115,926.7296364471551,2692.3156819834244
conventional,1.3588455881469486,-1215.7293616143209,1679.4633187796494,1068.4386181944574,2393.7963921888854,2402.587483476769,2111.4692066590123,2585.4650694366637,2119.761907169241,1781.6099297183096,142.81029454864347,1954.5508856944632,2769.217860502931,1069.0792591890643,2220.4810230886605,1758.5422174761522,1852.4006773605001,2804.0711670167148,1384.1962026922313,2239.20192560244,2777.1700015517235,1861.1526800020758,1836.2402350750897,31.75367668816335,1069.8174784662328,2228.7464466311417,787.4500646513635,2739.7666471680177,2677.7453618831305,2218.5486561188177,566.2177104893831,2771.6688236611485,1204.3338946562812,2317.19804743771,600.5332656148289,2008.7179183402418,1407.180928854326,1500.985835864327,235.61425440503427,547.2463364884721,1508.0569897467612,65.7563706174939
conventional,0.2162722864016613,-7051.16110536709,276.0385511750381,2461.2415956023615,2036.3605013941396,2047.2937830592382,2687.539857546441,1829.2611680019295,498.78194258238665,1719.4104462779444,1209.9550882899798,1019.5557258276303,2286.1243932459147,17.527448302108084,2214.674968850077,33.036059340215914,1049.938184619408,169.62712061834557,1272.7938130189114,701.9232818787881,1988.7921246796423,1272.24660259239,2149.2403834965153
conventional,2.387613308421752,-969.4478169111079,2861.8644460552678,804.6506103944829,1230.6974100146367,2336.756972308404,1675.6661522332195,1582.8902362558517,901.0388164583759,1862.040326055258,1999.0895990435365,764.9143290747168,1905.6232949307478,2156.3066214347273,827.1280862584923
conventional,0.1872196886621147,-4263.658924715907,1041.8114129169742,280.9702630046947,1429.7593991319793,1744.0754889262862,422.21728605272415,295.97295538167435,133.6670050140003,984.9740116337485,2676.1216226965917,491.63626578532546,1456.4037940745493
conventional,0.2430723030943318,-7387.770961437411,2870.727793931191,2660.698795359586,1477.1310070913107,2395.023756939172,292.5235784347274,949.6729962452921,251.83763047298854,228.92300102008986,1953.6069780320147,1492.0022295398378,1374.70455062306,1662.7707359335704,1834.573684763033,2094.92903668302,871.3873142075827,1139.6711490631212,915.0230068353715,1323.8818532448308,2077.840542748183,903.8540090499381,387.7454560715225,2258.603399224557,719.5060311537644,2022.075742238396,1879.3843634884904,1647.5977136026484,2259.890191010794,215.80110197151214,1930.6244969615648,543.6177223131109,2820.166468230771,141.66294200401055,2681.3942899563567,367.85822978960476,2162.762828841106
conventional,2.6627696653104715,-754.6349654657964,2508.2993358463955,156.73126856198508,2368.9297761864577,1281.2982898727619,1391.3872395220558,883.125783159641,2023.0230885969982,2958.506234010982,1772.4288118958352,1318.305849505503,1481.1717152434303,1601.778916329169,1592.2788949347268,952.4143703599321
conventional,0.3269775982843812,-4844.151459642618,957.6081087159334,1480.2640725919794,2168.1473944739323,2025.8197754885723,1366.7328351740452,2997.6316140066237,271.57901259859426,1442.15320072329,1021.1408542323578,2889.8849218030664,2771.838807486042,1396.1902973016029,2936.9018390952847,2525.100301480223,1284.2393933461792,1885.1511396373933,2428.982593492185,713.7486138091467,1898.895760850702,403.82790472270847,2272.4463715977827,2140.2211692954124,1029.8772435247777,1811.716301992321,1876.9156822404175
conventional,0.6392063467189337,-3237.6324442209007,1470.5518167056334,2729.438741705404,1908.9912227664054,2728.6807694778236,2459.0575620615123,1892.5208493863945,2959.5061751560293,2135.1904621559434,2656.895244588781,2909.5363892959713,2218.6705975264417,1702.6252188808596,2529.409524654009,2330.064569223544,55.008468192487605,1472.1642636171464,1240.505406227188,1621.243352679507,2132.2334629505012,2590.509271435082,2440.009837249914,2504.425362919469,2876.7343203242917,569.9452536739897,1125.545769356894,1244.7987778569118,1899.4167067051646,1442.230398731976,1499.1865843291007,1511.3350898430435,2554.924939153172,2805.0982925378435,1826.811697217505,597.8968046049049,1498.6910838835481,1611.111232884904
conventional,0.17503470248635256,-7981.127884374637,1284.2811382312482,102.47101308858261,1994.296398326944,847.0512587752416,2532.301125503086,1044.9603317609362,497.90947518862583,1528.8864033013674,2986.7998698180395,2577.39589239311,2714.099453866617,1984.6065322325123,284.97601784454616,1091.7626743449864,2495.6229943825538,495.0670462913517,2025.5060759671849,2795.0286909270076,1544.7120605914226,1251.3023117055993,289.2346030588636,2361.5591618197905,873.091166173569,364.9606780077776,982.0360828882548,1012.1715878457992,230.87240996864224,2748.6372623487014,2894.764675958935,1110.1487206960253,2572.450759056099,1101.9852081651266,1131.7308322327972,381.375636327559,2635.966182801205,53.02288664616748,738.0480412817509,1858.636221609582,1516.4894022725273
conventional,0.514316032820755,-3947.8422994454518,2865.5164856278793,1884.677642083909,1466.776370614007,2084.7946716761503,1011.2564882584522,506.2901854075574,2267.517741089114,828.3828378405387,2603.115431188031,177.56903086266325,869.4036115648557,2296.3396604162795,421.8641070242991
conventional,0.31311112165427835,-4006.84022826081,712.8464967833788,201.1786795989294,1333.5344480939261,2522.2529893260667,2376.836691316291,1019.3063420676741,2515.1263403347934,2469.7439105929875,1732.6118289312105,1769.0671086646466,525.5985826831891,2938.081645390085,478.980768737095,62.542422983410695,1677.4474599573487,103.19885490068792,108.90580926181302
conventional,0.2889710015362803,-4867.0909052929555,505.88072334366495,1811.2235091442305,1888.9469932390152,2618.6783496727307,742.5919492688179,1647.5548726805675,2739.2693141474792,1171.2338260697302,1404.619123266718,2746.9695062436654,142.8246822787839
conventional,0.30506201089731966,-3018.1731526472727,280.5252663803629,516.0908034225009,1385.4151045373562,1579.355770072019,780.3750854718974,2015.3589811893937,53.26019816635752,757.038678831956,680.4021998501013,2566.1297638024835,1178.676281650315,1510.6941703415657,2990.7546810056288,1930.015262984953,2380.07131345593,2683.2887116561524,497.30541631549045,251.05593151678448,52.972811898445094,593.1706349654569,2292.384747313994,2671.813649830792,1944.1349216431151,65.67728893265765,206.8455208377443,346.1918364270126,512.5630172255485
conventional,0.2423202471288921,-5889.217224218557,886.3149422109474,1897.2030498849083,647.979702401757,1587.252554983518,929.0322732250165,2864.587302646998,427.7089159350479,2407.923768094859,2467.05552100158,2457.0898709666276,1621.512816844554,2372.027308723056,1857.8318787058824,213.21385057884967,105.30033222633548,1039.272735196148,1500.0019166093566,2921.6856909993962,2417.4762967587544,1349.3898451699033,839.9932876662303,1320.0668430258931,2939.7090234470115,1672.115113590603,638.8233876814087,744.5708003330886,184.40738671608827,1384.5952433647112,2442.702818808598,1797.7167850111039
conventional,0.17988696116074743,-7722.795601703134,2347.262115629093,1033.1475748746618,124.54849243748367,2150.370508784298,1838.1866817178957,2278.5494281629663,123.57345263602625,2469.6503178658304,55.00007795385076,1280.8809208840091,1331.080924630078,1260.7101520397857,1608.204509257714,2160.1171943423446,2414.1497407839956,2997.6160145051563
conventional,0.10091019231734522,-8574.291368182463,496.6458597425921,359.66306907758303,308.3436900836706,1258.5183826407258,2696.4068559309153,1167.3724966436457,339.07478163043606,2587.742797894218,2001.5402038147836,1866.0550706900879,370.6917868709484,979.3662250433765,82.13772464863838,2074.215918823916,146.41959441441765,38.954704281615264,700.9771909879297,1313.2772838436854,411.1386221220173,50.87212230874867
conventional,0.37503065219934606,-3658.353661463035,1197.3653416073107,591.5923171614796,2397.069585530698,661.2823556874123,2321.169408203976,2836.433585684843,1888.4650687186747,438.04835973136977,1661.9743796737437,388.7172602960944,1224.0394023793249,456.65332008751034,1279.8006337338074,2112.9176770986096,725.391379351619,1141.153703847809,477.50735215471843,598.8695530081831,2975.475249343248,2676.861671603474,2265.2089193279426,462.4490229332646,1807.257416386406,1715.2976043209355,1825.0599649766223,2830.5933076881774,358.5835894352676,891.7979217525547,1421.3816660608468,524.0605104869927,2062.9170888353474,859.1647759298689,26.49403197717062,658.9721589368894,1584.7749675871578,2693.4128038602253,1733.4338445638134,1306.7616871708017
conventional,0.19504840583014116,-8166.767036861434,1047.235939835371,2175.3678232640195,2696.22350727636,1885.0014214059745,2804.4042053831367,1620.5581193090095,2080.0041835555253,1501.8401436481774,2145.773007301,482.99410027651123,602.180141430139
conventional,1.052863627272885,-1753.0477999911834,1288.6191747658663,2526.0576966774393,2892.999615832223,2352.372879789169,297.6475622342942,2314.922566309769,1456.2069933183973,2366.5444125175763,797.6677653174879,296.3835364933345,2670.428470029315,1340.5982487508343,2175.983522886095,1764.1113006178314,1186.6878346605502,1768.426844470836,670.0306871147538,1900.283982326699,2108.218365841314,2825.1260385386145,1175.8500959976725
conventional,0.21158481857552047,-7691.04388967534,2932.2926999198407,1318.0522465166484,632.7879158700906,1060.2406858917018,798.3481962048631,1625.3523218312134,1563.3912087552833,2089.479720785045,1835.4569004656223,2569.573707552144,783.5814974935968,1978.628435658212,2925.4377049102286,700.4542910642845,2566.4045464923033,2682.8198083299994,842.3420241072223,1042.91963306201,2877.695281179726,676.0195686691787,2398.3758287091127,348.861322261876,2819.864267545103,2983.0215933568456,1836.2929861370812,425.1944736114501,1045.80303470842,794.7061366675084
conventional,1.8186942000020272,-1230.1855520226914,2842.563933472953,1039.7737940380482,1197.254039272925,1022.1028861311744,2679.325954234043,2457.55118295046,843.8366060873598,2095.2398967756335,362.430252557626,1401.861087642853,2231.9435530946193,1533.4925864698723,1588.2989326224265,1366.241470807982,1990.295890366936,150.99127974149337,150.99726911091875,1790.826250929643,1379.8681407132444,1427.4786562920783,2502.0085446935977,1394.745376815601,1598.0436713150896,2429.7492736684585,968.2833312896908,2108.366582221104,931.5413480333674,2968.535168609667,2440.0851031674274,1414.453780873996,2046.6124475429642,783.3550904744767,265.82667161612454
conventional,3.1783653132310654,-692.5450022534784,2639.1973443121674,877.1829001419593,588.6259966427178,155.72766938650054,2144.2783548818907,1543.9445564781524,2130.2272637357855,1207.9649591574052,1871.1789783786842,701.8074698132697,350.87652299395893,1138.9460378716014,2011.2864608431223,2521.6789883472593,48.55943830800587,2658.454386217855,1482.1685298702325,2489.291535189337,2858.920585736442,219.7968046317479,1225.9142162413561,286.3567298418854,462.62703172386557,1813.2172801913496,184.72939415397173
conventional,0.1547161203497529,-9005.800569607209,138.9722901937793,1185.2186760141335,743.0412861423523,1821.9477965500014,2779.300005736539,1739.972482599719,1906.7302969666412,1697.935376794299,869.9084895594374,2217.056273026229,1797.7052473764907,258.67297593643644,1873.2677245261461,517.7417281722438,2368.8369887900258,2188.3197140136176,2733.2982603748674,1903.9667419991288,155.2176743724265,2608.121572780461,2233.7513519127265,2534.1617312895323,1254.530781913141,1868.3913722205918,1578.6014519327798,2870.3403667294137,1947.8058888112082,1332.4215497225898,198.5061149849454,506.23321020184386,819.5020334957051,1373.061523734734,2674.3197135182118,2112.7060644833464,309.9808781349445,2994.4786744173266,681.0823548163847,559.0056428050138,1142.9994541292003,1056.3127901672103
random-sign,0.07141371382565054,493.6956018263213,-306.9407609479915,-643.9020718262556,-56.862852187627595,-514.0351659394917,-892.8503493847991,751.822554350689,-177.39640046211719,772.0444230407218,454.0420630429587,-141.56249102654226,294.1816069077506,639.4935580679887
random-sign,0.07388377806866386,626.2957433375227,-120.4453292314804,260.81587401041634,557.0956573820802,276.29108376012437,174.46451050809242,-731.344677938155,547.5616895302016,-579.3636898264617,-52.68820219099962,-645.9813769231126,414.54256860232726,6.17272904932895,540.9894254959895,309.9937355950849,-563.5738097993528,-417.60104375357867,-153.76391788771775,-958.7533097825112,-902.4226611052502,-716.8547947385784,-141.24852681563516,771.7052777082154,-795.6362753551882,-858.0546838864416
random-sign,0.028777261319126612,255.2208830513673,-776.0099464282061,-231.76992617013934,128.88958276765356,-847.4823356409746,-146.81362787937235,658.5816810954639,693.68861284076,-444.77360441724454,738.6874667752802,-928.0349063580045,986.2414159483533,762.2252077715614,-752.7339005610802,144.09479746392117
random-sign,0.5167757553476644,21.7579399220931,-896.5487401793459,523.710977526832,221.66310914726546,948.5746711295183,637.4544411215279,382.6662535780465,-351.9286520950966,-412.0853659695307,929.804140054529
random-sign,1.140000107848742,-51.482960632815775,234.4994577684913,58.84436936555585,-351.20712377408233,-690.089552701189,391.7767646020666,-967.9852788197163,-591.2773073379518,752.4201972716494,569.819066453668,-730.8593257998962,525.6944126321173,-710.6297898191234,708.4288233995615,-752.9525334633249,766.514225331143,-328.99292931548746,-828.8605636038276,-150.21476613203254
random-sign,0.0494800258559549,478.1685834889022,588.8070598843692,720.9766374055405,-710.8322402580891,-90.58697539813988,136.8773290682259,-457.2425638670587,755.6979645686265,246.97528414513863,-227.68886728728432,255.4303692753847,420.1477732662129,-431.4486378962299,-815.7520472741111,654.1326860946826,-694.2371969925102,-775.2758386680794,-818.3235722666502,-789.0632340261951,594.1568012168575,-815.5414927498625,982.3827902628225,-830.2528848810884
random-sign,-0.06616866212297767,294.6538058878946,-137.197144078625,-527.0161172310414,113.38131681784193,336.5627477754915,-287.75265249144195,-660.5451949800554,-983.4978459409314,-713.3110913994893,-715.5323352376051,-956.8306007525351,802.8040893684695,-122.8373660282665,987.0429721680225,915.2231666356274,395.5829487223293
random-sign,0.9880144302794569,-84.45612999477305,-139.05714508267454,610.2352441502871
random-sign,-0.02323252887682692,860.4131151932431,-587.714797977863,915.3541423668116,-737.5393055191588,-706.7013778331573,400.86785000366785,-60.388880821649536,685.3079656760976,-853.9087290833043,222.26675060600974,-788.2319198735852,-692.7464911198231,-590.5246775747271,974.7072855983411,-72.14433241013228,-581.0988970200212,481.72068906793675,781.0722254509476,-972.0803831903924,74.14930532848052,-56.622589196259696,837.1162434191078,452.4958071906076,-313.41156914913154,112.48210113644313
random-sign,-0.14104201936929506,-518.6734778325792,916.4188870688765,-333.9144311130691,-630.2478276822478,-306.6099779407763,-208.7436012760993,-551.488159949364,944.664573204737,350.55835810097165,-108.34054980678638,-376.0113049712039,-573.8520893141765,-322.22987834445576,-181.06003516943645,-444.3901454808854,-519.5091479653813,-8.818001274732069,-133.7872866577561,764.5498968425861,-905.5702479406332,110.72154159834417,850.3792847922584
random-sign,-0.1365723363745659,-996.6625500890456,-648.0676994298612,-38.062884840159654,97.33701656113158,309.88691278046235,-536.6718879572559,279.0991965260416,-569.7117305624852,-620.2117646247873,-660.5079838999,916.1213791696155,388.96390019978617,-319.3883511135714,524.2945876518336
random-sign,0.14335257429989068,-144.77437029030284,484.90457290502786,984.7152923893975,-712.133537314551,130.04226173471534,94.04476551627931,-740.9806070710579,157.51637013394588,80.70472898468915,-446.39119885651724,-590.2015631121938,-112.4765909266323,302.70230985925537,-783.4442236309702,821.0737560096761,-87.84269007461944,-374.4456923075927,237.58419444842684,-707.0026228267602,-246.31523552389262,-861.3428084481478
random-sign,-0.27252967909017634,-33.24799684384709,191.94249157380068,-964.8280400843801,315.85357825027904,-965.0570105937169,927.1650030612877,568.1764710274629,-432.6336600438068,-723.9149266062857,859.7118590704495,-678.1890510762454,-345.67745111158524,-597.0176609142775,782.5998949593186
random-sign,nan,288.5262053461131,353.2498678105019,-130.78765418728926,90.34747495890042,-595.026859639205,764.3273934568294
random-sign,0.04979867958280493,-50.36106052088155,183.9709567902778,-77.54820045753388,759.0329332160222,-474.6889307228115,-900.157173839053,-659.8450618793588,877.1351265547016,306.36079497823516,-913.8302966378851,-811.4307252670044,-636.6815548976838,331.3336136349269,620.9205443989022,398.7858606553257,738.0137399197263,216.2140066458635,107.63634323992642,198.08863626599873,769.2374618592166,-71.87275726708947,-332.69935142919735,-192.41383405655108,-232.18948733326147,613.1900733613545
random-sign,-0.07725331393336277,848.4707081944148,-436.6874901917199,-234.34411726142707,684.3222443260186,-351.4837005419173,41.71634709130012,-338.6098832075055,-880.6700995537966,-599.3385714157145,815.8198339939072,740.1735439363904,-986.5688128992438,39.9946318864927,940.1382244455488,-176.88841864117762,-507.41492139472945,-191.27320335670242,-421.602239966751,958.3984510373164,-793.6247931508971,-155.35427505582038,408.68022365202455,288.762445326498
random-sign,0.08178814523361377,38.66084585540898,-357.75699941087896,509.9199581813227,290.01154187916063,-130.9994007553796,921.7975166360488,526.2129561870981,-375.7583601026728,-273.15919752443006,-567.6194544646296,348.3154775132657,-614.3652590649067,-55.441956188438894,-244.9502992514448,-967.6517894161334,-712.6265682307171,948.6638161284004,586.4679483487625,-104.17663043788059,-983.9834080613814,-862.8335295236265,83.52800857668785,560.4253604977853,-329.8498845741025,696.3707571151735
random-sign,0.030308888906158238,-762.4644094748796,79.98090989070442,-881.3600807041273,702.1758063296029,128.0146375574409,197.49649430181148,705.0203169841836
random-sign,5.97733368161062,-11.2146005183007,3.957872782356617,518.3470760769344
random-sign,-0.0788904605805274,-385.81810347620114,-384.7148784687022,822.7820507055487,112.11996124497682,-789.7117868572655,-425.31857051816837,-661.7499380589509,512.803367899071,-659.6899847990976,672.0254249584618,153.2330993895655,-322.45812471273564,678.1207227451578,638.2772026624732,-557.6532836819756
random-sign,1.4164933189530693,278.2823882936143,-605.6836842457271,152.52375633276188,-781.6140123259394,457.0676205420648,-900.2777705671982,239.41073942117396,-596.7261127664423,-779.1959487068816,-599.1862673262149,719.6525979405853,-242.20283080234003,-810.2764630702409,181.89520656222544,856.2507506338056,734.5040940915085,-900.5678473872523,-17.302452037986995,-5.765395090224956
random-sign,-0.4026948314469414,836.5792008218623,-758.8578382461626,-61.748301718654375,112.12320449598383,694.1658190510304,-408.4843063712045
random-sign,-0.6741611298884815,-700.3539129846756,-316.4578350923679,-640.307389779285,266.46415505179584
random-sign,nan,711.0616756235086,-318.77750456249896,-397.97920396860627,680.9273699956948,491.22333456525917,425.24140482226676,-245.19366384168256,-76.04470724712064,346.6195499127839,-817.7453170041473,-211.70393968307758,217.69953345139015,795.4695584100507,-328.91445361228193,999.9064822480882,88.24483581809045,-294.36604818272724,-783.1000518170652,5.253152221837354,284.7701790819365,224.087746449032
random-sign,nan,-291.7659558794303,-813.8407625232933,454.70541710197904,-607.8609179012997,-588.753288702916,-520.6699425346503,795.8370487403597,848.515544560727,-601.1820424714789,46.19739314805747,-313.513917602805,-544.1978344817235,-929.0510501839221
random-sign,-0.8649286377309544,689.3421063559188,239.8309841765806,-569.9372051467369,372.73215779623797,-629.7563776132413,88.491756758174,544.3604570863029,-73.69054422841862
random-sign,-0.8525034009727764,26.84343398472606,356.5203167444363,412.6716417097823,791.758509132706,-727.1202239399493,46.11437689355398,295.4454337298898,-282.4584567571502,277.29255497146187,782.0289031158686,821.7268102434277,-260.8892781954802,784.6260823400801,388.3694467342182,-307.2892076971008,-842.8239090176446,159.11107138601733,-374.6956027774148,853.8857335950154,976.5041557610014,-161.41927096223992
random-sign,-0.5753916966241035,844.3499703433347,879.5171262752551,617.8410427983708,111.98595103224011,380.22318301951304,650.1070368727469,-337.87403029440986,791.6611174296779,583.2844259251506,-878.4255566191275,150.24510837006142,315.0933032300493,-254.92698253338108,-373.66984405527387,449.75874260651153,633.3238268435248,-111.1197423042247,-398.6130576467608,300.25521557127945,401.06968278578483,134.4834836115906,-142.28455255927577
random-sign,nan,332.94447953991266,-767.9414944739104,782.7540623600191,488.403125843196,-237.8425789600094,-927.1763744350851,190.04403376606433,458.0636829184375,542.3753782192148,-2.1074544082988496,-622.9746560356923,110.2350559098777,-201.6450005133861,-724.2466824888338,988.3602939856271,715.6627567218295,530.1767767600857,537.4246008502555,-426.92705551685185,890.2314420782186
random-sign,0.7559209219502105,-696.093208846998,479.07471414824363,854.9701227161906,625.2073670145339,289.7986530779499
random-sign,nan,-423.82671783980254,89.70432620869906,-192.9003911818918
random-sign,nan,772.4824612788536,-300.76081229783915,243.55455678893622
random-sign,-0.3382648355805188,-600.3623669911165,-727.9020842402017,-461.88505147867477,-816.6705194987687,-225.0144044186486,326.2620383380565,-365.6294187286471,258.9439717901939,69.14230148386969,-447.8310676430543,328.3755727502769
random-sign,-0.03486298864999959,957.8816086531831,2.9342476572297755,-380.23435372329334,-58.32165540269,643.6076497326701,306.6854987193831,-47.31255422973061,-839.4039750906668,602.8153985847268,129.42924451441036,-439.27830849475095,48.08003566627758,121.06041509166175,-672.6599597946528,991.6177721772451,550.3192913371738,-410.4631961384317,-480.3105276831774,931.7268923656184,-151.60996544959198,-355.88151098977767,641.9102848913981,-675.4278249907798,-702.6152994509638
random-sign,0.932775494919037,-763.2923269027979,816.9596912308425,429.6273715984378,926.0307197259795,820.2668277975538,505.3584811424373,743.3678107109508,449.38756672909085,676.6357929177734,-575.642133135213,-31.59003762777047,-778.5012526219224,-314.41806823046386,-754.3845698531542,-479.3305511040113,759.4971721406519,815.729087624869,83.16634999209668,15.954785772500827
random-sign,-0.1465215939954866,-903.269597084316,-549.4980318322962,-158.62595807342257,354.63265311703344,-779.9123586920982,506.1181387410136,330.6466443616505,931.6156532688897,-30.616502193351153,-539.6154457959015,674.9433305272348,-537.2797219898429
random-sign,-0.11425240957480809,-887.8219232672502,757.1126333754853,932.1218878618693,628.0082060723212,-736.7706044322935,514.3577135827413,-361.8563966200004,328.11907916584755,864.1728377671191,-889.7823475351901,-431.7228742017501
random-sign,0.13338149242990371,-472.3784887343336,213.75623149893522,474.02026696198686,768.5552997309339,31.08370973803153,-424.8656874403491,540.8506402129879,-977.6044962683146,-902.838345682071,-850.3837685479882,-416.8558742080801,704.9051294236187,-515.0845314091059,855.7055798878173,443.1795489587853,389.35261480635427,950.1530170416945,-8.110550048652726,875.6214133946771,-816.409014524339,-461.429045883006
random-sign,0.07188109306029133,94.13663646668465,60.01042099360461,-788.3775156274619,-636.7135149669288,-942.6911613203159,-126.94242943088602,625.3829345464326,333.9597599933729,402.0483874210629,7.361597904766768,-527.5460013895754,327.8598885833919,39.523434255076836,936.6214712203221,-824.0341899892156,638.2595397418224,973.3680563575995,-17.251547782058537,932.119201715585,-11.308687494543165,963.0024764207838,502.16537053300567,-607.7577579361408
random-sign,0.11499947527195964,-208.97207237536384,908.3305615689258,784.4930981836776,303.0975992892604,-949.6994817141176,-985.4850297693374,-101.39534512202181,21.578376194535167,566.2527034471489,301.794961286796,-157.59469903196543,-798.3909441314574,738.9680565750466,-746.1914049738352,-787.6147730695616,-411.3304282939538,-556.0408509133567,980.8519286885025,-753.3535496613017
random-sign,0.05531630603099713,215.07283669858498,-362.5454129175474,703.5388495904051,531.9921557987966,-126.91505313282869,-557.2707360698994,-901.4721660916927,498.15992431243876,963.3273563965386,-912.3044382683121,295.71341503205053,-958.7307665285423,806.8733536081438,-856.0800529926631,842.3583029510698,-488.87798051348665,-624.225442010559,435.81405860977793,-457.11440152144075,570.488860317372,170.03619664204052
random-sign,1.2043556282885128,293.2109902539096,-159.24073318108674,-863.6681106264934,-340.7834693873249,-830.2602127902265,663.374957010587,754.605095489967,927.0000397672939,896.5772171042029,-851.4914451210374,-34.58339002636262,-856.9310435064222,433.4488097963347,-983.3411462354338
random-sign,-0.3038591072003052,770.5232721130092,911.5977900620801,410.65049221853224,-453.0866918590599,-621.0770791854036,192.28176809925571,-13.190962506045366
random-sign,-0.3212608849023222,-387.90691622276245,501.0966247204635,-31.482919664131714,989.803854122332,-616.8612338573946,-642.2870452955505,-741.1834903930865,279.07981648159466,-265.5908145684673,-134.45184876239205,-84.31602540881227,-996.3972826733611,852.0063773464049,458.30194090219925,-346.6504772589243,-390.57344655911595,175.33691439003746,195.0684775545683,-913.9600885696535,-847.6753919926252,-321.14688354833754,800.1821283339216,46.78921336517351
random-sign,6.617235522490122,49.800074089335794,-421.05453084709495,367.25280616749933,-346.7888435741329,-136.6717872112149,-715.5132353097673,99.7028290922492,-546.7309966569173,-262.0665500378907,-842.1312250497865,-696.2807198212995,-637.3196529897083
random-sign,0.11017567235667469,-209.74210342272806,-920.2844187434587,813.0157899985531,518.6370312421973
random-sign,0.041804763760330044,123.25921784723528,500.39665664962513,141.01201858131049,920.6958307130869,-21.62639168907492,217.63921510949126,-662.5267907829555,600.266183494545,-751.8526277205806,-322.8929114164607,844.1539245782828,-353.4194137788779,-497.31561518060573,-160.224811111539,-555.5074023363613,-34.373670981424425,-922.931136839663
random-sign,-0.01687994802558901,994.769021317094,-550.8174103897541,896.6262278509953,-227.12512640854254,438.3008524178763,470.41719251298946,-40.90949678409709,662.5716267196738,710.1907007246273,-636.115090662736,165.94303327205216,938.5027729926649,133.87786239805018,-59.33319260610449,-231.48452479131686,-138.28162722523894,-100.12992774536406,-586.0061485897505,-592.6656739945511,-629.1538619097967,-327.46474964645597,-542.3189774588151
random-sign,16.57476668247023,-32.43050467970136,579.7968348832153,-217.81794873380034,804.7769175643091,-325.63497241880077,939.991855570185,230.5918034394772,-816.4280925711955,179.77018477611068,136.67237299346903,-790.6561111293508,525.5494177391747
random-sign,-0.26733850922974656,165.2463328016056,995.5933311707865,487.89882881261997,-18.686929932047747,894.8693996986531,636.7304036887695,-585.7675732307748,547.4164240895859,-792.9726052860657
random-sign,0.20674860615718615,313.86220386101604,-32.934421193129765,-946.9856284433687,-665.2870449798429,930.3951228464489,-524.9055311871957,909.1555641096486,798.5701994118638
random-sign,-0.016894865342048093,264.80044297362383,203.8871437783357,572.3499070333564,166.386610157125,-275.33545024803163,-62.38696814132231,771.915245899529,-959.4495988627527,-292.4963160838356,494.0573922485635,-756.1411748581512,4.196476958107041
random-sign,nan,-593.7749853112484,-166.2619598751005,460.7708705351997,193.74415706958575,-264.55994857819337,-258.94391239275865,-534.9341473474185
random-sign,-0.16702964845673296,862.3534026691852,839.2089361665148,946.352935599745,-536.1618671150272,-775.7640586725247,601.2346618363649,190.43918655921493,557.8470394662879,-161.14788404266608,920.452824467068,155.4366294582419,520.0384940417114,-402.57026011645644,-556.5242981716416,409.4281923824253,453.65210625132727,821.4055730961361,-280.003597238236,-506.4437143966309,-368.2787395851776
random-sign,nan,-830.3929836414983,-359.62097068494586,-347.8463010446569,-598.6675037283022,-854.5835807419624,-735.2295963315482,822.7586887222978,-909.3590839915597
random-sign,0.11050858230740879,-578.429841672714,-236.12775813204405,-386.0982181633781,80.08785372849161,-42.872746792759926,350.40878213471433,276.6791445713234,974.7665094618912,434.99374918907915,-350.48602818560505,246.2311771038958,-272.46889057767487,325.0667391494237,-34.48324430051139,500.4208534701622
random-sign,-0.06248435523031337,504.5892535448527,-998.3768424756876,235.83339593313826,-846.6847841433082,410.87964303374065,744.4841861673997,887.2455839861238,491.5923330620187,-41.44126019365183,-134.36919750230868,505.7564564906702,378.451804532707,-94.70705548624903,-361.1977403638791,134.85795090521765,470.57215119631564,-233.11482699890337,-681.6383155729843,588.3179782859577,-881.1441148919348,-867.6793261781623,119.40455647399062,540.6842731895476
random-sign,-0.08320183592877828,-4.0165149437593755,525.0026440223555,602.4252357853231,319.2185288584001,-577.6393490574783,-571.2492432588585
random-sign,nan,-491.9694324082322,450.0540727842056,-300.9353491389553,774.4477147209329,-447.40051167734566,-512.542242158897,-893.8298780124748,-275.68427732556097,-170.20312568987617
random-sign,-0.13005313028170062,319.25085081430007,-53.55644474868643,201.16801665916205,-344.66269432223976
random-sign,-0.10909831024375716,227.95871404524587,578.8441871190128,121.52206578936193,-123.60819884376667,829.8692943857329,162.70823695931267,110.93057915126087,-586.6251103565307,68.37513620210507,-87.53029088897631,-27.714053289730032,393.4827565758751,-99.74369266227768,407.6481882922071,-461.3410834899561,994.5782199942944,-175.52046620355702,-655.8625952682066,724.0699457004712,372.1005085631682,-125.37466628549646,-447.96981889554877,378.40883420771956,-642.4992998478351
random-sign,nan,-918.9728823544898,932.9005672231749,-58.71624107515402,438.7357148025719,-253.35776103257342,-829.086600984006,529.6421059746608,17.16217421738793,-463.7852604960153,-743.0319282815474
random-sign,0.2620467984239305,-563.4507905990884,-498.9363066177721,859.5423068131242,217.47595949580068,716.3317783192178,980.9525761555751,-993.2581331770103,-675.2666237039264,345.8601705597764,232.19469365078749,-988.525606151689,975.1204682818518,971.947684674934,-778.71304728743,197.58725155669026,322.3293849839715
random-sign,nan,-977.1248354800559,-209.54573044225947,-619.5022367090799,107.91240306329405,179.46511084470671,263.81746279668823,290.3360957283255,-227.48868460366407,-735.1710985564134,-764.4953946929962,-712.3151160092416,970.4317803279721,355.5538507386434,-316.7682397732567
random-sign,0.2416667432306896,-893.1055880535024,425.8680454316843,-507.5614695915731,948.1592010663367,912.8473944973828
random-sign,nan,508.62274976374397,-738.6382713822932,86.60185917819808,-289.7738895782858,944.5468553953988
random-sign,nan,725.5659914804269,-290.8471085920354,109.89460424529511,62.99389633612782,491.8038654031834
random-sign,0.615307957358544,358.1953978825925,-281.01213439188984,-232.1145870099299,-401.52485176038374
random-sign,nan,-454.1205919997069,-515.9712786471233,706.6570028461224,-774.2250348937116,476.97755065282604,-336.8104797282683
random-sign,nan,-835.0940647098115,-581.5998901971633,-191.27453843051637,836.0149684493354,-58.907241932022885,-733.4546441055774,-134.36942255017743,845.3634979113422,-61.35675059355367,-360.1744758112419,-185.88717520108844,584.1325990592707,-685.640081370203,310.80104177444696,341.47947728276404,169.40181047929195,-613.452758716591
random-sign,nan,-181.2031193736765,-81.7719710307905,-774.7031553928078,-400.5613461949953,476.0677494274619,780.3908861540701,230.8981716196604,-467.86864737422195,816.1444008325932,-201.62244065342304,-751.2274626002534
random-sign,4.118173000970595,195.04018992140095,-923.4103568677131,-309.10761189730465,-472.83428724272244,608.8489880200007,-540.9802094805075,-454.18456694497513,-208.75292601783974,-752.0843202222518,801.2772839266745,-423.13199121248886,-783.2197930268428,-725.436505763382,83.88894980931764,455.11566641419085,-264.0086629733356,-513.3375148681871,-99.46570932940051,494.77943927047977,-167.0149292321579,-254.18152104193155
random-sign,nan,463.68776978215715,323.6404929307339,-354.9288858300903,-160.89653688550106,874.2888474139033
random-sign,-0.006637650980302001,849.0552113238537,-254.85353207603612,512.8273657286434,305.06392070801917,654.1816483450596,664.8246367765639,427.5153256898727,864.217049233443,-762.6815097320579,-983.7049842569864,-857.3895222784189,-349.6917026653124,-461.03029096763714,-451.2190922768326
random-sign,nan,-399.28207256175074,-484.29783244455723,-554.9012965217297,960.9410823510118,-758.7492540738028,-790.7011823328487,947.0405580506433,-765.6713623398002,-517.4933338103456,769.0970214886354,-920.1754297196107,-266.3953660832856,376.3721396844071,178.0868814607777,-143.72833969818987,-975.9010220833435
random-sign,2.2290744347318876,297.26952234026953,-785.9103832762844,-495.4209139537731,-438.9138873927121,650.0707770788201,202.9392376224405,411.84702604891254,-878.3373908255223,-174.43302512439288,349.53001258513245,-930.8242825907698,-614.5360844354808,-529.1383984311204,809.5940015441868,154.4406948902581,-300.4178059905205
random-sign,-0.4621852659818071,274.00030211910666,-842.6769833424723,738.6979471445477,271.75827435621386,898.6546470897213,385.0295326875091,-399.3381684100168,738.7623832867882,142.18551075943856,-732.0896927016629,518.7255657173491,585.5921822950284,-399.6298828406086
random-sign,0.07538517463161898,734.1276616898872,-844.9749185618323,-619.5984868988667,-494.89708827229515,-168.4929326907229,888.7928984186358,-669.133357711589,487.9877171669964,806.967002099954,-36.744476269019174,-602.890037881031,710.3630045256641,-986.7882397279964,110.47062488578854,723.8781419002389,834.5126662875196
random-sign,nan,-632.9210654330082,-180.50793355597227,-536.1026505397799,-17.232727891687773,770.6724664206442,326.98186665208846,-88.36592263415957,938.9819017252994,-976.1903130753593,-105.16610736525763,183.74602766627822,258.13617538643166,-990.2753520637426,-864.3982215855033,-868.4755107414848,910.2658365526986,-402.8934575765777,-352.02248196270466,-762.1722373226023,-838.7519336780172
random-sign,-0.15783378663072123,-671.3206262966653,719.9643446208149,-767.893105117663,-111.77047628733067,546.4095912333698
random-sign,0.1206356839838163,-979.7753752210856,492.07896782071157,773.84893228131,-96.69084701940142,199.51973453118353,-643.9201566025836,-210.0462914820531,438.7379276140564,135.22201954375782,-888.3445514132118,559.1695574145524,705.8331308510137,-873.4487713664334,425.28623905590075,330.46935669469235,-36.350268280611886,486.46149773387947,-790.0848011127571,961.8720466017783
random-sign,1.157153489004679,-576.3640353828339,710.1540300614986,926.3003240616617,-46.70168687047885,892.3870100746838,480.5314914340031,125.43781949738127
random-sign,-0.12791080525362308,253.37113667533959,732.390283214733,-218.05926068933968,-389.94866116430103,-816.2969019075047,557.3994534530648,674.1319837273732,-844.9568493295103,715.590358750816,-402.96597300750636
random-sign,-0.5411756132486658,113.46382346000019,-993.98861141168,15.10646148445312,-574.2673439870578,65.88781935666839,-51.82460797043325,83.86122418922378
random-sign,-0.17258737560377568,-777.9902272470472,-995.0675104624287,840.5038105752101,-395.9708174973804,-643.3753540904177,-296.66147074367905,270.9455517228937,-471.9864012171828,669.3912302539968,-193.4812346073844,521.9588445702489,-947.2983876747816,688.0104904415484
random-sign,0.2987969864231377,-130.13889335281578,477.1882077115165,-812.2963093667073,485.16558849620765,774.8633207411051,-493.51414679527306,485.06796090519856,-980.011612618352,302.39827365349583,-101.86316508425546,-516.8291192951833,-614.2219310962105,380.3665884496759,-391.43811212632465,-864.6262246775003,6.4999704925503465,473.8865297720497,754.9053063374754,-180.16280700877348,-785.0839270035567,-244.19920195367342,-970.3830484462153
random-sign,nan,84.1900189292387,775.5665577495499,-307.60255502930374,633.0691109734723,-681.562228929153,-41.21253181371242,-206.8620194190794,190.822130567685,-587.8456495150392,392.90616482693144,433.4052109693505,-4.656626545412223,-551.2112637878262,519.005791880247,642.9649265772136,205.71689228062155
random-sign,nan,-830.1719473379203,-817.6252464819836,-213.58548444735277,603.1201829746612,-373.3490964058899,223.45763045465492,211.8727736908454,-380.5907205282017,37.85655009455445,18.599364763624862,247.3750226436996,819.2527120098096,-31.876320139939935,-521.474692386249,-91.66906195879915,-588.5784364313085,1.5664702621087372,-544.7794065419748,-870.2364247338752,169.60540206406745,-918.2708884367419,112.46728118598799,36.14562269877092,-160.1770671334068,-777.1939120125717
random-sign,nan,880.3414755872561,639.643107611455,-290.3138743213591,711.7259189315489,393.93322797087717,435.2478897306985
random-sign,-0.01643655783372555,419.44872551949766,414.94335507985056,-944.4398327854034,-366.1208528934126,-429.64789464144883,-611.1049867421561,539.4226464711985,-783.6319092943452,-166.35329304393372,985.610674681137,824.1570768093077
random-sign,-0.7998725757231803,856.7443144516706,-23.32143746942552,229.3567109006733,174.84851945296214,414.54483920653956,193.6211412280461,-966.111987210204,222.73462911834167,768.6901531698493,898.066043207846,317.0963071701831,-105.65487527363655
random-sign,nan,-995.2165184574328,13.122452049942467,65.36736728897313,-80.9413862791157,-306.554534789798,-639.948038210018,554.1022901909089,-389.9495601659597,-884.2789990412707,-960.0819933120006,414.3602301042688,-971.5977546532348
random-sign,-0.13812731648003862,259.9482780411629,457.3447103052056,701.022413717079,170.76077647044576,-34.692681464212114,-227.68238620237491,-371.9853415559106,-413.2400524559854,809.5033505502715,-572.6071300470533,827.8564181849888,-105.65981634800585,-970.6340778750501,432.7548135353379,419.2033994799524,985.5955700756506,-834.6677727200927,273.64779642990356,923.6852033339919,530.0068635202035,933.913726275184,-755.2262634627247,-567.603241610529,360.85890144493465,-753.1525455736678
random-sign,-0.39969962787653546,103.37611949578536,624.1707467252415,-411.9426054386064
random-sign,0.027769334572811166,-209.27077914440486,-23.127082537293063,-463.37869411808924,-105.70236448359219,-685.9851197348451,977.7788401300777,477.45064481836516,-224.12465002487545,299.96051912481016,-650.2230713817962,-937.4696970567124,242.34281949850697,-438.86717063700246,-427.5534776383962,-200.951449348785,990.8315108911013,936.6398090677815,564.857712570391,98.7931265148411,693.7926892546684,-389.95577653670637
random-sign,0.04938795777630234,528.5155054392462,-423.5600305725437,534.3599691761908,-126.04981555494294,-512.5629892480912,-255.96221358699563,-218.6536065574653,-752.1547412112224,832.4507732436552,207.78682791458232,325.3737316846998,-945.3759779720818,-766.1178123466825,222.485221899743,244.55609086444315,718.2334009981219,-378.91987617379436,-567.0777799154255,-287.2658203678435,957.7424255748758,848.1942487332863,-906.1859199127636,386.39885606975236,121.18181439133787,986.1928636520645
random-sign,0.031455181865380544,-6.261519653597588,-965.9459635635583,619.4979911861117,-905.3457304353141,-896.1539882542935,-190.94548597048936,-112.76974755992205,941.5071941953399,355.8037638533501,617.2237527239731,762.8697620069443,-177.3452393080414,673.366912692067,-435.37179921558015,979.5579070741762,-914.5697107859221,980.2938312755514,-493.3917376399426,-561.7657168439687,-135.62160986920094,289.39862883861497
random-sign,nan,-741.7304878904201,-651.4533354847576,677.0540696962876,-950.8226241414925,296.76299054545757,806.7461973664876,239.16336719598303,-715.3782173495365,573.0169514467368,689.9686076461758,-138.31755667685002,164.12312289423335,466.4967382788168,-839.685129780372,-549.7103941442938,-205.67281969399232,4.453033997563921,-7.679412893415929,954.7339476680361,-292.36077966114317,173.90933294151205,125.02061681149803,-490.0218421547755,-425.0046836096395
random-sign,-0.38239828697070044,141.47012969180219,396.03907880325914,200.4611209463087,-659.8039137985477,680.0721367427193,317.0248519930756,-372.3663932562175
random-sign,-0.22638005359527802,-934.1062343605068,41.04668122833232,740.9154606010538,152.1583781405377,405.2992137407746,-755.6357287770221,899.0687181032467,612.6217700961372,707.3436541308001,585.3199340266283,40.51814340374335,-759.5758452167076,-971.8300405179166,138.17508547892862,359.1464917965966,-432.109832706485,-647.7434332857897,436.6355298285889,855.987009688936,-165.15529511299667,-467.4124775772897,845.1525972441375,-66.63708566255218,40.34624789216923,-303.4393921672513
random-sign,-0.027418743838483972,283.1635197618625,-377.5147162107313,-450.2833697707471,-265.9383963629027,-753.5356918171436,513.1659208143531,-797.7140919700729,-925.0245712356173,-574.0957940093781,106.74023100564477,83.64375870832441,-91.74427708630355,288.9655198600849,-383.0837456221734,761.5949830938589,169.67651218356377,758.1285695167328,160.6802043086377,671.3612356131143
random-sign,0.25142363749099594,-270.05150958367824,823.7506347326903,-602.7593611097129,905.2649299477584,-665.0632243982777,480.946467104206,-654.627311481242,-827.7029701263325,877.6356119135316,-475.4616465426127,908.3498446810127,-665.4181556034637,-579.5109843741388,-807.1145395796382,-305.9370291968029,-157.69425024576674,-441.4722454276982,-856.341353321802,289.43732850162064,-266.5587517071823,452.3925613492322,470.80024325389354,-716.1396057377585,-618.2960245283058
random-sign,-0.09017991301016182,127.7039601031729,-403.2167387317518,399.379296712626,-553.0371320046288,976.4204980157381,-243.0052900098376,959.769582888254,831.9426877067685,-967.6927035393724,799.4704096197781,602.1842752469154,921.4128144443553,106.0151051695791,-801.4850212295214,-310.49635075541505,-219.05068830281255,-718.4395079440271
random-sign,0.3412840844135201,788.9449002753713,-859.3287328868548,540.9759963777233,-905.3933361534332,-379.94227216332786,198.19302104483586,249.7997030106144,-301.03698562127784,610.0839187724805,-905.8867636016952,-2.739236066945409
random-sign,nan,938.3311665913354,780.1364475695925,542.718504583469,-981.3451004655145,-755.248904090674,731.1366558832278,-812.3912195665152,842.8528049445115,-213.21282704420446,802.7864885688487,-58.676903073959124,702.6614533086636,121.38762758366602,-680.2545304948233,-176.75044736404595,7.193310220943772,575.3511449770629,-906.2643697133748,811.1996020904062
random-sign,0.10962571348414585,-797.2226899903266,-190.21449039799006,-109.0215670601815,447.97043228286384,292.9953775319948,-895.8789568886609,252.65787169545206,848.6434444555177,-0.045002726404504756,73.00847646070793,471.035757048596,560.623009746641,674.4637967024034,674.807265721076,-96.69629469289953,22.86258782508503,-488.9493844850701,-571.5160771493622,-959.8185393579337,990.1348967335746
random-sign,-0.510632421112194,992.1318217712355,689.4516178930357,459.2394350501927,-143.5574029127431,-104.24576052038105,121.77137232154405,66.3573628521765,222.00907421262468,-487.56976977223167,335.75416746403334,405.41350861682645,761.7806821390755,866.5522179692209,-663.5916524333007
random-sign,nan,141.42971229010186,832.8959621464496,-738.3972541177923,297.1933301447277,6.537014659699025
random-sign,0.03316927603641018,-50.81999947585564,302.01075916343825,265.3102424286558,-126.76373277103005,388.9137542034555,857.6821942964164,47.68153083932998,-866.3870509390723,-54.14138840801081,752.7127607210607,-491.9873863355828,807.8233001236565,765.9478887087243,-342.17178026397187,-726.5341433727084,-882.5180607599541,-887.3783597690185,-926.4379900908895,-494.1898420906983,576.2770493603039,397.33023562612425
random-sign,0.12158589450233337,-103.7078128872464,364.78751439958137,43.51204401379209,118.0696687822392,-406.1502962060997,819.2113598242224,918.6649619250427,-800.935133381319,-284.7652335415223,624.5275670875578,-882.9089933451564,-121.4119758964838,-901.4034547595844,959.1735189611222,-416.85727497146434,-716.5003229106833,-752.8604489541528,-523.6090284724053,-185.597321168093
random-sign,0.10841782188768767,902.5064680829857,-198.83623757716975,-502.6663850336432,-727.4581002942598,802.5861969481014,-805.3815224234646,-793.0501489172601,287.55819111197707,459.72289169869623,-955.4939923154225,804.7171500997606,58.22953546988265,-34.63756581237874,-358.15636302699636,901.0085982561363,-313.42763142860883,733.7274051554334,-490.6558927804092,674.4890721267905,271.02508683159795,-44.83811264399583,225.15367849587074,488.4222344755224,155.2965197333176
random-sign,-0.00759773370553396,972.1414008915474,475.886416698271,-441.0572904891345,661.3527516631684,-552.3462646610803,-863.0356249513136,369.31697074644376,-564.1872609066236,-279.85103383030685,-512.7943467055034,779.0100903963291
random-sign,0.11335514768515575,-534.9883181536579,-648.7144938968756,-143.35914750363906,952.9157798089589,-620.7277659062762,357.78993374028937,392.8655735366774,-62.777684140409974,868.1329565581118,-35.56225710616559,303.94263509563075,980.4653511416432,-451.13952513421384,-825.204115717826,85.37879173822853,165.9331307016489,-869.0244977523536,992.4863142613788,538.862734392837,-26.489839349065164
random-sign,0.3696856739128249,138.3110870859539,792.814460267871,-420.80970787182866,-192.28182436119573,-732.5420054413382,-686.4779808996232,25.336888177135506,407.8172064187852,-852.48043309169,144.1965751423968,-955.3574502381705,-763.396730128351,113.08184206044098,919.2300627642312,-834.4748602168213,326.2868718086779,-257.02736049405496
random-sign,-0.044318421751214476,-765.7125676791869,-165.5819612981369,-550.1967108048691,120.2131037339609,615.3157548326824,-989.4503919221942,2.108962779194826,-148.79344139308625,-498.62599810804096,205.8234886979585,987.9744775253816,-988.9511986230084,987.5612529011014,-224.30429961874745,266.39062901628154,350.64104405602166,-423.814956821867,450.3394145373511
random-sign,-0.2932989689942924,-833.7029450804325,-735.9428208338232,443.9435389880198,504.4747889077976,-797.3729008794381,938.072388471054,-296.46809419993826,-679.7546786569384,-482.04052998041095,970.3401611403242,-560.5925057581107,-383.49578597708773,-379.2205406049467,-568.7513768263037,712.1248989332651,-5.998991824465179,-910.7645786350911,449.0020351094904,-582.9666934488562,-657.8785930991136,961.020929032981,-830.1336053836508,85.27631488768543,200.26788135960055,78.31378429713232
random-sign,5.6958665160267135,139.28856191324485,-807.4714140668724,-929.9386642966376,621.581613467943,7.028811283427558,-338.4817427248936,-355.2851579912732,390.24199389507635,-399.56519772140564,539.3430693319706,-172.03443338802128,-855.1103229875197,-271.0946626113324,540.7649735143427,711.6075900785368,367.2893529797266,-397.9638930490512,-858.4564017277146,-70.39238925906409
random-sign,1.8922993953050429,83.49574088467034,-249.50543269633067,107.86938133792933,-192.19719339512346,-152.6562661039867
random-sign,-0.016656491700529408,56.84217593466292,-722.173976260142,-175.98292032698453,-263.98553851100394,76.4982882135148,942.1111430325477,475.5717530653674,600.609252206593,-145.37030927917965,316.00975185344396,336.65290466159445,-828.250778710864,440.4359592380322,-26.28474410865863,627.856703667522,125.30744482141381,-528.0818196467503,304.6388351095236,-560.5748930314885,217.4895201683521,-245.4296883657861,-600.6224555553663,317.85701594573584,-511.50164078814544
random-sign,nan,422.8174558185581,-121.79530984575558,462.0850478582222,513.1482034659828,228.61121036208806,-944.738831897555,840.863687493636,-559.7105648751182,536.223191333653,741.9635804015454,116.02530737071856
random-sign,0.06063053924176809,-771.2401981169994,-503.9948507360017,-438.38878349401966,-761.6419082754451,989.5600624199546,941.111026463298,-831.05713931796,935.515484556051,-77.67057540108954,-253.50875651457284,-290.4217607641375,-51.80619535764811,891.9293569234712,929.6579827163575,613.257674862419
random-sign,0.17043188542568943,176.50379265721153,-281.03558879027776,-329.263705164012,694.5104019150897,-856.8164481183287,874.4172528959612,28.890716060461045,702.0463930374096,788.272657767696,-92.09799245575584,-290.41441822701006,-441.52786754949534,-963.4646077608667,-910.811117622817,-694.3834695167974,-909.3600882200519,18.076628267758906,338.1635244007191,243.74833179862912,-494.0789779438628,693.6706569503117,-86.20006780729182,717.3724853161261,-91.15646956560443,-580.7416095616343
random-sign,0.16228444957112398,796.0012228052994,-822.8300036885696,-67.2749228065743,-137.1117533722777,597.6622920675047,-590.5806319080177
random-sign,-0.07959922117992102,-428.8560969294746,-557.0995246238664,-923.6096303879076,-525.5328551088035,-674.1790364689075,-170.74325018484092,697.0278557928409,640.2272494374945,660.3359851632524,200.72444542079188
random-sign,-0.04310000962730709,-298.64345013090383,-674.6424250308842,-924.4022133201872,-657.0876318633234,-148.16849724068913,-809.2255156019587,438.90858003461176,-25.114828638022004,476.51866140519724,-361.65780481455863,20.576763576021904,784.3064592216392,861.4602243538129,284.14220530125067
random-sign,-0.1246261134535036,-300.3426650966288,853.1487902780564,-635.3915738006401,314.5487888303753,-718.3456803908225,-183.89041195263894,-181.30802797226454,77.69874557102912,97.19362940718725,-593.3018295420486,-586.8483086828215,-634.9788705954352,-744.1481794067162,286.63596968140087,410.8400832375612,247.60249841881546,-302.7030033947582,-628.6387096338156,834.332723656019,409.73996487735667
random-sign,0.1872654478668514,197.69454465202102,817.6505881820756,752.7250249461251,-807.9198606799482,-951.5644724259615,-438.77721088134035,-822.9129934061646,822.351521756987,-758.7523537601242,-410.3404468271557,297.7949848435835
random-sign,0.13471569700302144,-489.2107828241159,-310.6723397498297,428.68909834802594,-282.78845055081626,386.3582462113941,-657.5932073544825,-268.85256514653304,746.9021152816065,967.2690319341466,739.4799987828137,-281.0403794224454,730.0835476115051,-307.14624704949904,-151.19690525588305,-217.44349025473775
random-sign,0.6093842905345046,-448.9477073454433,388.8645177612741,-345.4439190458005,672.7015173287182,942.9853578849229,697.7123712260743,-449.45635639794875
random-sign,nan,-915.5768944802389,-207.90327969133932,289.22523005888866,-11.869560237475412,294.2504303115686,-45.81017003976706,-27.263047304746124,-56.88483428559607,271.9771917263249,-666.0880124753962,649.7916847794597,-119.52666411797088,-348.7003785197742,895.4036669393124,-733.4108460262256,-754.2009431533254,411.8202692823613,-914.7526151727088,73.01318727602734,-553.152832968012
random-sign,nan,-182.87145342823635,173.4359727170663,-701.1071554941764,-60.263389766536534,-271.82952359064495,986.2414894019316,-503.2499375753643,-924.6468590970676,789.8270416376367,233.29331006103303,-846.0038300593795,590.0805972836868,-68.71802798971044,-997.9898292940293,-862.4968534855118
random-sign,-0.06229524404428699,-265.9268613789576,857.0781177998222,-813.3623093553073,357.4210879921609,104.56812191190852,476.49000412329315,434.3679895249513,-953.6944569906467,-650.7204589898347,-888.6770834913654,-502.0728720280458,-51.90422979896823,863.6064160932854,-548.3745365130081,-436.9929611685552,-941.5880348969982,-64.33437135575355,495.21537917507067,868.2530105648341,748.0640394822253,-718.6202946648461,670.0103139515763
random-sign,nan,-619.952314784382,-450.31575842050063,55.377209982871136,-829.1341809496031,-874.3541812969968,-295.65860618393697
random-sign,-0.1535764280863695,747.9579213485936,-284.85680960714353,-641.8496744773729,-286.43685514494655,363.2882014703682,-793.8655534560712,314.8527056794037,-31.308705442562655,-893.3524781925362,129.9839816467279,231.36975517290261,565.1457439661028,-470.3381576904053,963.2195972856105,-539.8013608800587
random-sign,0.6055160854671602,-375.7637636370199,44.349048337626755,604.555105461757,-175.15526274716797,409.52867855509476,734.886300819014,791.69012066606,-418.281334510197,-884.2026880600646,764.9777872108621,-160.0513831807035,920.0591349381248
random-sign,0.02768099737069929,-941.0055266329931,-40.46294871972634,-416.28782320294636,-884.2373410949307,73.61180569667977,-308.000861570501,733.0840684339776,-42.78497811670695,-210.5758592633864,212.05360852485182,397.5673945886224,922.6866785493464,-106.80073345171002,-0.8156600986417288,-300.424360828522,495.82057053157587,30.949129635203235,256.45755687326186,972.0340095731237
random-sign,nan,-353.8213386136124,-91.41809471839849,469.21027179530233,861.0390691735668,351.5754055851273,-435.24756287456535,-494.4488352507466,168.32949568809522,-215.39332391392247,-947.5486044887041,-824.7643033757788,-944.9086354129714,383.00942208262404,-554.7285480128114,289.22261668541546,-685.4969420690725,558.6115778056192,-723.0642224817115,692.5162917638959,180.371807928022,-500.6004585389816,-671.8732062012309
random-sign,-0.023602414112090186,-43.9496530887626,-534.7375183737236,304.59307290560673,221.57902471604007,229.45241505217973,886.1603604052143,829.7285582892964,970.8878988935019,-735.6074633301193,-643.3464295862561,-971.8177935839714,-752.2166081125285,-6.357875041704119,501.44966321595984,454.55287225211055,-511.8179421276967
random-sign,0.1699219433190502,-734.8986058666371,-83.36533528276652,319.13941201026864,-269.81755368028666,763.6039638621576,-494.4489743223148,-312.72435879552927,989.6269081054454,904.1366009302844,385.6696018564435
random-sign,0.5585913822938953,727.9253595609096,-756.4520461751649,-150.7333503129953,-90.09019610358519,-611.8979912736377,-157.313980353666,-637.6979525390302,512.0381469501133,138.49096709006722,-356.93820640342926,-819.2763563152212,225.89850348818436,-250.63823093066583,-826.4586315579427
random-sign,-0.10094726304739454,-427.8584722544614,-910.198561095752,-352.34636706834226,-741.6822760843306,522.8082218672228,-335.712796339958,263.29090617515226,707.0046400581612,-276.1292119519503,509.3830910584559
random-sign,0.5560231211610396,-369.81918400825725,1.7371415683231817,926.958969971879,-506.95003074123713,705.8926896998958
random-sign,-0.2770613075273892,661.9351729541199,-513.9487924508053,932.3496311206254,-263.1725378509908,292.7381776374925,386.2005707866688,-332.29171028131236,285.07529540943324,-583.0095415173455,257.1559057877814,-326.417665348746,577.6263525537734,784.6377321562545,810.4427258750807,818.9693165516542,-797.0462792910835,-185.5146974104764,-139.5795063586778,149.60794437996447,-89.34999560340225,663.6972423582599,-503.3317547781413
random-sign,nan,683.7147352045151,-317.3041815302304,103.86602670767365,-639.1534408742184,488.16161097541794,-647.9076827887216,679.6129422821584,147.19515500158627,-15.619621041300206,465.86652912287013,56.67396299453253,348.88656775935897
random-sign,nan,539.6727786424228,797.6382140984231,-157.62894241860056,336.02322450966835,-43.92033289300491,159.5572627501565,-578.8842687903452,148.35581677127402,112.54724556307178,772.8353057468203,-19.64435604308369,-177.49376494820467,-108.34921240031247,267.8086856187574,-59.5534618653071,-116.99799262661043,-872.6217689183711,331.4587517400262,431.08471141622454,294.7778245242703,735.3369235979435,-251.88226503826218,484.6216326180547,-484.88934984726666,769.5987609749143
random-sign,-0.7706621605990356,28.45968233031249,-272.731176524194,-809.8694276789417,-152.45194016678192,-163.44985622628337,-780.3873944237838,191.81729692043177
random-sign,0.018969510765516118,251.14399345194443,-797.7882819732165,-650.2451292418023,517.1808913223924,-587.9079918840529,-549.3207295999973,-77.54457297304327,-895.0630528790648,908.0530873351856,506.83771519656557,717.6256905965627,-92.37769581369878,-221.5077690453653,-726.7441289198051,-425.69041977373274,-52.9116263263478,757.6067207941242,-142.49549980541576,863.4228059324801,600.1623663455023,669.8634621775448
random-sign,-0.013924304499784101,-846.299488678623,818.7657142253217,892.4823023525605,-623.934585919938,29.335680534198445,924.0824924611547,452.05689222655565,348.11243400085687,-716.8275164239808,-570.3333051237345,208.4717255144419,759.6079133485412,909.9600220660652,-16.123768143690995,-113.73384037941014,-552.5516753359566,-20.67479866102269,-915.8775871044495,698.0949536983944,-221.0481803539019,342.6036404155707,-136.33020219622733,-287.60067947904247,-988.0074811890696
random-sign,-0.8114728727348564,89.58584283874484,578.7843767884488,401.38674129161427,806.3718154552168,-379.7203958907827,-909.8355228531879,260.93579193508276,851.2924334459483,932.3775972692674,629.9385641428637,-157.7073324459866
random-sign,-0.0999255029575985,-983.3521240330274,-543.558623967088,-907.5549999239754,-670.6300871360588,-905.5528534649518,-332.3854393436601,-879.5954059008706,-906.9582781550565,427.55187417864863,445.1998439342626,682.5809364075783,-954.112589832647,630.5265659781535,811.6025799653637,-218.80476919161708,927.1295217956254,75.75079416251356,173.4229539106925,-353.0566207185424
random-sign,nan,-177.50933666227445,-686.0508904287648,190.7053363551313,31.118919184077413,-263.8109727048403,-624.1454590491653
random-sign,-0.1247928137076233,-607.6530862573704,-617.5390846010063,814.8625007205287,969.2864978085543,-548.7012457590076,-750.5630684444388,885.3593267775229,-630.1242115614789,-239.7242618262352,-625.2473129549112,950.3492581763849
random-sign,nan,8.478346461429055,504.07680820369274,217.58707602061622,359.4172943178585,-259.4715731350951,799.7162817582123,770.0064255224622,652.9622561260496,-379.87010447123623,-845.0214542384997,55.13434554062337,546.948952640375,928.431813332096,-500.32270172240254,-404.53973414266704,-119.83988123064387,76.72881408644253,667.1336850135697,-731.9117714451104,15.37976284109834,-462.3296907895136,713.7699129649332
random-sign,nan,-389.23690921373714,-910.3376294823336,367.1858492385286,-838.2658699171914,-54.891878895666764,186.54733378313267,-177.96182041687052,206.98769029890377,779.2247674270536,-765.8666005292248,-243.55554940259378,321.9953604795951,828.3523403388685,539.9998853605607,798.0881252457837,-494.2987216294936,-853.2933842980337,-348.8870734971688,734.6274096291104,-361.50330391832017,205.43565571268095,-928.2817798563525,-6.922464007989447,355.7661443823006,-405.5297541404426
random-sign,nan,-347.3131724322162,509.77350057570357,-688.0190105222026,-839.4786648857713,551.1357539767932,-409.27579554816157,-880.8182508884386,445.47169272667475,-90.78753476992893,-602.263955240694
random-sign,0.07109645073008108,319.2799709018375,455.7780795827332,896.3279752421072,314.58803212687053,719.6042569124447,500.76413009591874,-720.4817356198719,-842.911801981943,-882.7006064724301,751.5173044645649,-759.7351806916238,-631.5537740973654,-803.6863618663219,-692.77341745948,347.5809654773441,194.9276529492679,-609.1447164735262,-166.10851555802424,-500.55778251314774,-177.34200061986667,-195.35123462935906,-648.593656917875,852.6649766278613,-642.4273593359826,657.9778258092829
random-sign,nan,747.9162674749498,671.0583661265352,-51.02767473433482,-208.74029568261471,727.807346566683,-31.52301139283645,448.6940823036939,501.5096815427569,-418.5226535138369,968.3274957020083,669.5048397176854,-218.64546275718124,304.96909995892133,-78.08764156076074,-948.9854560970017,659.4528157151519,-787.9207832062651,-808.6297563853766,631.6625421065828,207.0903685543649
random-sign,-0.0016956841021512625,479.7315295138603,325.6860956388425,425.5998406752833,-995.0561684412513,-936.2400401934748,696.9951021125528,-135.95121928777564,966.2980237262875,-699.5073200120274,555.8308410871778,-224.06987010332637,789.4185916721706,-801.493982887886,-850.0986052972106,294.5677434958279,530.3306257023203,896.936381396129,-276.6166985680711,-774.677906419248,632.9273631327342,237.25018734497962,561.9483392146747,-964.1079025132885,-281.2436382989805,-432.46601722507694
random-sign,nan,608.186094640382,628.3420055576903,-571.2798731209294,968.2420790789906,988.225896555992,336.46574433288765
random-sign,nan,-983.6951726563618,-54.49460419692787,617.1708717459637,-633.4362347255549,-815.1917113736599,778.2874921391112,592.3567105521286,-53.942576039949245,907.6183380448213,-289.595345397875,-539.140615974557,-611.6325191695059
random-sign,0.6615566700752922,554.7570722726964,-963.4756854940922,395.94639780995385,-626.5821091605153,430.9378188067385,-137.30649843430194,-576.8913056109086
random-sign,0.22693623401335095,-491.1163981977689,-208.96263460181808,175.46332724402168,983.6036340596779,-432.6536854412939,-346.1260849022784,244.78808304018503,-31.986071020970485,633.2785807336311,291.78715588505156,510.6264898422894,-579.6075842402593,-330.667806198363,832.330264196029,-180.9651245834507,811.6953991140856,977.4536737203066,-172.21524867113214
random-sign,nan,962.6135635397341,445.18103179118475,-82.03221323236903,813.4784796393735,-846.2316365655031,834.8542976499543
random-sign,0.31707037096818325,-849.6617852250337,871.0276519071401,514.613208920586,-766.6477936631513,-205.42226265931788,52.69813997101869,905.2934429637342,-239.03013258150986,749.9657566652593,200.54487104912073,289.45694713503644,-565.5553566419264,847.9610098035198,777.6506026085906
random-sign,nan,-846.5615962827665,-565.1088947628435,-199.3807757100061,-689.1814047445177,18.226066744788454,-72.83705447376713,765.3452570787019,754.9364110229819,100.91226320777469,-404.90548908516644,550.4815453261131,-350.7467208417992,608.6042746072308,476.36314606072074,990.7525921673653,-571.083511289338,559.6120111418008,-395.95273241855716,717.7569209028898,-988.3095546566977,626.6330563850113,185.42379833336872,-651.39729876764,-510.85237055380486,-604.5047249131363
random-sign,0.12694883780673383,-0.04403142101523372,-145.1139175991849,-505.45751070814737,371.2076023190309,-699.645549856406,213.65680548537966,621.9962469108139,-678.5942382296599,112.13105647463044,904.1278629622389,294.72146294458844,451.84643327944445,150.12906205469244,-498.4591328475143,350.01739094254935,-450.0952104899203,667.0834458612374,161.43218057874424,-248.28030305498578
random-sign,nan,416.28096208118814,985.9704054052434,813.3256816443372,896.6318583112029,-62.470358213405234,-655.729635549577,-46.43842598711933,-791.593574846696,389.0905612084614,624.0255983007028,356.4942832207489,42.364297824752384,525.7926548476069,616.0935173188002,847.1936196521794,-34.2390107689547,-580.9072273092539,-377.0109842722155,-756.5842835877099,802.322721122179,600.1056992899073
random-sign,-0.41129542909089656,631.8253871025017,379.17031461682404,318.26535255350905,-631.2989033963663,-60.90436903318721,932.1793469948066,-490.20789768067164
random-sign,-0.4388344644999248,204.51461809992816,846.6678812377445,-539.523870362619
random-sign,0.26061402049426396,934.5336755518199,-305.4721087678216,-353.90766894963235,401.70754733416106,-810.5258203902046,-982.2291299623851,429.82471353573396,-56.11189095474981,-133.36604365942776,-979.7811539682398,761.5161706175356,-940.264997597981,549.7675622899606,-106.22204955783968,-512.128119942917,291.18646763818015,-538.6054798827957
random-sign,-0.01237737855856158,586.5842422452704,463.8976999814686,900.4474356140927,938.9836658183926,-762.2893361656071,905.0375910334708,-350.7743451829431,203.8422089638368,-645.3155117182255,-712.1277411217307,551.9626891326325,-575.5334466610204,-293.85875135758295,-891.7809619138752,144.4604426191015,-296.6478920319382,350.01122792851993,-208.16278154739473,268.1600291115078,-163.46183216984468,-523.4205866358761,106.74468013831574,299.26658469818585
random-sign,0.12511502332789548,-641.4213514857428,-90.05594284859103,-250.4607438097146,788.2803313014699,586.2649128965686
random-sign,nan,-930.4172972171654,-278.02220992097034,28.914850333833783,-256.01978878996374,-144.09697320322243,-421.07087504372043,-684.6739607638197,-840.1966313145974,-250.20569960937155
random-sign,-0.07277986087840005,-164.43374601520748,763.9838213651317,-185.52726082657432,663.6669049175443,-786.9371705636668,415.33004015842994,-650.5060059736693,889.0058954680451,764.2989725709347,-941.1455073062573,-593.1669880758182,845.9953838616341,252.5818144917273,-89.37517427513137,667.0603883616827,-550.873930459465,120.0333583210579,94.5595617855729,-735.0001287603072
random-sign,0.018649118181472968,-191.79952180660928,275.63088149729515,-543.8394776740552,-929.171686661839,903.2942869041472,-807.2226180565965,-619.8133917885165,200.1881406904797,469.3232237961988,-215.530394013687,-370.6015489145742,874.9878533839287,843.2922852000022,726.2268861205541,-285.6269218181542,-71.52134323404357
random-sign,nan,-755.5468831192222,-65.44874837257635,-871.2130777195865,879.9071627149751,222.4502818855026,-755.7811804376909,-958.6280908195897,326.4121472579832,-186.94400885049038,-771.5443775775399,-306.8530464277808,-247.48455328880254,384.8019250975119,363.2123268364044,190.77837805853005,-642.835170718755,389.680767968003,-434.1429622897723
random-sign,-0.005761959295173091,-353.0534845252806,-101.63050787588963,434.8991879141188,726.7925915886401,519.4839985976769,-180.86628387743065,187.56656810151253,612.3086071340113,-128.88643699738077,-885.3786406011395,-229.42915447244366,-133.0385100929734,-136.29302435232614,-280.9424795542599
random-sign,0.11038036009447438,-157.73317576134468,-875.5676570349997,128.27643343908926,-46.84388037836993,-926.0819663110151,-85.45803799698024,402.9483476265316,345.83628402238855,339.5554892773264,624.713299853038,868.7771459639289,240.08125240999038,-274.29137762975506,899.2064970922256,-567.3575478182091,453.52227639364423,828.4486529920393,279.86864824924237,433.2191506044046
random-sign,0.004638768733186804,-831.1052519780955,755.6725510453894,-774.8391596059834,-298.7792955430506,-999.4052102960977,897.6291633735284,-110.94764928557117,317.3321178069648,15.549990727583122,-880.8305830819198,924.847679183637,-209.37433850276705,465.1230410266935,798.4506474052271
random-sign,-0.0846875988670096,-379.7233225253858,-449.69134842746007,-401.50012933819926,-190.8200104666862,-411.97169600719224,-445.3232962326483,785.2092770410698,-253.10838411532188,668.2706386219229,-833.5893735800784,741.0842199280669,-508.4139763218214,-364.5345871326426,-592.1617484022141,872.3311481536787,-130.10260605113854,228.30588235264463,-140.6081669352577,172.19068288710582,865.5129434650455,-396.873020400564,-158.09774013687968
random-sign,-0.6255674903406669,499.2144352175533,821.198340836123,-377.47307188204354
random-sign,0.629090222151554,282.1348038975418,-98.50966830749553,-65.44852358984144,-883.0235350313183,49.46844605832234,463.3815865718823,-298.99591931533575,-805.303173387637,336.8567748817193,-365.6350730044618
random-sign,-0.22666332032949044,584.9170079024111,-779.6104886291415,-974.3625627980304,-890.8633320057917,816.7211464101883,114.07953731954876,149.07928528872117,260.2688909563001,-921.8399116289306,615.1862419815168
random-sign,nan,518.8507297797444,401.9601965127897,156.67442794280282,-596.1086675453741,703.4918204867761,-901.4287399726284,459.60342019724385,168.1936550145515,892.9557297825561,565.2765637973771,789.6611981291824,992.7454382781948,633.6995783079199,78.93768613201746,-565.8111752141981,-722.4898567948064,-743.2789536300793,-678.3047032554061,604.3303887963007,481.8943789459752
random-sign,nan,-780.2311550575125,-240.87075865449378,-785.1668536960494,-136.67763392893391,-140.97765997543138,-170.05450171740972,-633.8229530851543,130.42554206815385,291.2706979367108,874.8415538004513,690.1298291178873,268.08972648460394,-122.41028222605416,-908.6901972836674
random-sign,nan,649.6701899260386,-882.0814952466937,606.3241906310659
random-sign,nan,929.7955128912326,-699.6736686412581,-376.9486578713801,946.2250308193397,-547.5594773850378,725.866668282647,688.6670579608899,-904.2580834274429,814.5485025120054,106.61646936384955,630.7845641056338,799.28514305263
random-sign,0.0193522992789259,506.8151551219005,-733.7851119203906,107.48124576549344,397.3538248374384,-600.207770587559,-492.1488394896967,365.7960372364837,-646.3543682310018,-421.63378044279875,738.5534280852235,346.2844411945605,-866.2924118340422,-211.2162710473458,-36.53108284734401,993.8144561001695,-314.33696571162307,505.2119495219006,211.81951171895298,301.20683539075003,420.3873344069855,-330.6313920011397
random-sign,0.17214225634872315,-811.1755028506551,-460.56395193782,908.9679514842098,-537.8142698099655,927.535421396135,791.854908386345,-702.0245587210445,329.43070893363665,-40.74781077028081,316.217156976443,-95.15817953414319,536.5769456892613,344.29566541434383
random-sign,-0.029600552177899808,370.6112907915399,-91.53388677431542,325.9804622952754,-614.9436078918167,409.43597854589143,181.32767347134154,133.10475979835155,448.76559172321845,-241.86413584919023,808.8286889553858,67.45810324749027,-410.00561402308495,227.34571494422562,903.455145592606,-757.7156964414609,-983.1674424780213,121.6399508858758,-953.7808773865565,-226.0605107474703,559.0761726203266,120.24304562161569
random-sign,-0.4010450461010332,-107.3088224032557,837.4994490586216,395.11761721734683,681.2127574757849,951.7972547907273,-313.40817750214444,-57.39194867932645,-211.53606581418933
random-sign,-0.11513253178988248,24.673069207901563,-943.3439685447014,87.36837502295703,477.9973566299723,218.02582714016876,793.4379536566146,992.3754746227678,509.067284360488,475.47334868007397,972.2735744059289,-324.71549178209114,-368.66163672250946,-987.787530331974,924.6462641147884,-504.84426825841757,-755.3333487966759,108.45527616632057
random-sign,-0.5907931133039659,-280.42121017769216,-305.18488644421905,556.9932354957284,-703.3277656090193,-680.8590510616357,-276.8475158007486,-406.15400259197986,-378.6856744198317,734.6408833070159,-623.8930772090389,261.0579392021052,906.6274530955063,-900.0500111515812,915.4379450296622,-892.3123570893409,-10.228185804933332,653.3105579709675,-274.7581767023954,-20.60869072300875,-488.91605034180105,-477.4468717147431,280.07223971655503
random-sign,10.12955412887913,-25.813435825233796,309.2612718775533,-179.28808794625309,-778.6190768575307,588.017098127181,-98.41304838134772,975.3755791155743,73.575381674553,138.03307854158265,-607.5303056169665,718.1593349320835,790.2135552722996,413.9740330671443,-92.57963638369677,425.8336681361209,-947.5682034010927,813.2820795609646,500.1953344946576,-869.0605593488399,849.3621030885392
random-sign,-0.06715546798314431,787.9635806957201,969.2879787304464,483.5323256690599,468.9100504070045,675.8282979734413,588.4673045458887,-274.46047136316156,-274.8087787045656,935.8685812108781,912.6058235745177,279.42276744515016,-266.7751613655322,295.29451048638657,-925.5632584173139,-195.30845487943122,-92.24492390732883,-607.6085335651283,317.6406199718556,-936.6803216487638,-180.93986228437052
random-sign,0.11608744155107842,-783.9931916083223,762.6870570745016,-154.8184764836667,200.88807423593857,-186.31728231248564,-26.658845438713115,417.2869371722927
random-sign,1.4853697444013654,-291.5287351751217,333.6321166590351,944.790086451547,66.61298036117387
random-sign,0.0010432235014632418,660.6630804638528,-334.61012122223167,-380.5465297336408,283.6609449512848,-254.08730734461108,617.4056065969314,583.5490994001013,756.01415117844,-148.47915307231267,-417.1290680380105,663.8441236170609,583.8576759432592,-688.4534684859868,-133.3717484141739,-930.474597033158,-846.7195411015,491.0653999121628,443.8605907733406,-554.579620600951,-184.88113857101052,-365.71287384653624,134.9540363916151
random-sign,nan,-305.66832323985386,-394.5940216026411,682.0457237768301,-265.3832904881277,397.92621996496973,-132.24076419884773,-567.6236991105026,-278.59628662864156,-794.3605357605079,-917.085481496636,941.2884922424571,-514.781041474215,937.140229101102,-119.92063409739819,800.1777898717621,-701.350672876851
random-sign,0.15524637929653018,-687.948203509784,502.51734812207906,530.6910602643313,481.00977728215275,-256.44364810608124,-844.0145259894798,-885.012992756554,351.39956069802497,724.7467433966058,626.2079539219967,-374.9512331712119,-672.4098630508628,561.344163757682,451.8446744895714
random-sign,nan,783.6130048626655,847.3229297954986,-291.61011022105845,111.68613710776822
random-sign,nan,-635.7184080103817,-313.67102997195366,-687.5702623134483,734.5253559300959,101.52928073751832,-287.0419338767558
random-sign,0.3126859914232869,-269.99395759772835,249.321137050405,137.95824235720693
random-sign,0.07437644318887027,896.8864447444464,227.939550190928,865.0782590117808,-249.39830060852273,-720.3920782771615,11.394897390487358,-931.0133287612097,-486.95475681716664,975.7265121612761,-607.319401838776,-646.4327391299438,-129.13736204979773,-193.1846271094846
random-sign,nan,862.3889589472124,933.2826467767563,-689.5774590731708,24.26415737978482,-457.614862968843,511.0325940134903,-898.7103509301684,-674.0134891861062,202.43880307066934,771.8989867083803,980.7609899115464,-629.5916048330283,308.1492919359041,805.5453124953242,-229.47747190682003,122.46699460728382
random-sign,0.10132848098724656,-229.71808810284642,-706.0507629174451,-565.2407376090536,-2.5897654659279397,568.4006734059096,-462.84168923241987,334.09054185829837,726.2774965003721,497.24277432653366,-260.5247785994071,181.66785170266644,580.3109120724598,482.3916073235612,513.6252178604148,-443.48216130725484,-80.90263724824024,594.0604987788863
random-sign,-0.47153927391818173,-343.02535370630255,780.7937850706564,806.025074513816,-867.4245348084005,790.2631078831178,-90.18389971298802,378.8525690086592,317.0598840108455,309.05707290955957,-327.35125347963105
random-sign,-0.022059185532954495,-628.2508800010107,-585.4016605271306,-161.7535963442707,-496.06903276974435,738.7537964441528,739.7469512990635,-733.1664548656927,-602.1555627474947,277.56756504944474,252.00111706249436,94.76920783594255,841.4644062644286
random-sign,0.26723404424639785,278.91001222805335,-598.8605581317786,269.25578655777076,-338.1620008580279,783.2422918148941,161.23744098160455,-677.1315306055708,-400.94480493436515,-45.390990341580164,-39.841997598976945,-488.6313901136874,607.0330863225934,697.0364278468705,398.0874581580126,850.2446862696104,-402.0443812541097,2.1192128223286772,233.79145609336524,643.5953723514006,343.98517654005786,-206.0101335564068,-604.2302878215442,373.9208161333445
random-sign,-0.35396479377437085,-762.437549046044,-600.9415793537892,490.4725954616531,840.6334432960871,258.1718937044709,-266.1264791610349,-448.3274230448984,-533.9672390774424,-620.154148480013,960.4494469944723,-340.2385771362449,-936.0647580181447,679.39709711149
random-sign,1.9641900599679754,-149.7121980634621,577.7815948394468,-569.9319051209754,259.6224491489527,598.079731050289,444.2476776039571
random-sign,-0.8777768649758435,280.057524284834,-671.1141711213171,180.49648084857745,293.75217102503325,-340.1432576054119,230.6624378505228,288.11412930763595,556.0404708908497,-72.61859972292848
random-sign,0.16633735924117143,929.8111440671935,89.23348850335947,339.2222523202454,-3.42048679785114,-205.61026536038082,-348.2171912707446,-723.2021274373164,-557.4328130146368,-497.30536876801466,-378.3111678343985,-865.9708854384942,227.24306393388497,79.68331997734504,-992.1208405721416,-351.8560101932047,838.8722998303076,-733.0864883906274,-76.64233887694058,-35.787579949794235,548.2135730864472
random-sign,-0.06455771749436112,604.1402821708195,47.89588007506404,-589.4920863738187,-982.2484996291643,770.39686174177,-282.33152283446645,970.0550627914533,627.7119064124261,62.9802838313808,854.7543518481402,785.2039092883904,765.0882007785733,181.22265453757814,-901.1461088291333,178.00696778195334,925.2688285056367,799.3011730719163,-718.1545654849629,-698.0359496984422,-880.8391633985309,-330.39895432929404,-480.3685313881796,161.8575114327832
random-sign,0.03114162924572539,-499.822322814403,-904.9152122670437,-465.2147104478332,-527.6456937685485,-99.8334042382902,514.4784814188592,797.4631953033247,-452.8725109148693,-13.701284877660555,-810.6956356123343,477.6511710113323,485.4015404128022,472.61207643978514,371.00990462548816,505.36439919247414,866.1069028017603,273.8558435248517,-766.1984750340773,317.6526374258581,804.6895520639368,-178.20204747467199,-48.09706221271813,-26.51723627660374,-849.8860785888149,691.6348992235285
random-sign,nan,794.6868224629891,815.9814530525994,-770.9779905322079,-372.78284359358895,291.10201762830616,633.6961310852796,-205.218452150894,-378.74866483770813,765.2762526414731,583.6531362345759
random-sign,nan,429.30791888977706,-694.5211387390648,236.191809806729,-212.03140067827883,561.1432644037686,686.0449379200243,845.7053296368147,-671.1788777614098,716.6983220455556,-265.1315463362573,122.98244397348958,807.2187903002364,127.85111624856995,182.9828504357447,664.0432384221115,485.42189615578127,652.5524757874455,41.90272563319127,5.1034953159517045,903.6345082620242,875.0026554523233,-317.32845055297344,120.86326129631107,562.0242594100173
random-sign,-0.004460578173561935,946.1112559858825,257.4225269160463,-715.4981043006946,615.3520518097027,-51.175645054675215,-335.21667190182677,-231.62434050186607,-443.00413456799515,-12.407435995213064,-251.04619236454687,-245.40837336908066,750.4844647656009,-259.68315340251104
random-sign,nan,954.7017807233278,655.369951987388,-406.709730271545,-865.3941247816001,-622.5614730739069,645.0220236192629,-493.6119432168742,-204.4724685928951,28.76211098828412,886.0108424308244,-876.9888578235381,522.5835008469169,-35.77964086374891,404.0453096024826,-370.74653220567427,895.098487804571,-597.9245638910991,739.2308424331932
random-sign,nan,-707.2166800768689,-422.96983259462024,979.5860589286565,570.4840250093744,-172.16229702901,146.84438147060496,545.8296914647126,-530.9992299132671,-842.5299647724713,-675.1126075828865,-967.274502881528
random-sign,-0.23687417004421896,268.10376247959766,-737.67398901141,-269.4027470695313,592.887430692474,980.7391704753054,-452.80093437758046,-60.080115042740545,-27.420792580564694,-592.8087320077966,902.3024631020387,859.475428657074,-232.8380292935899,628.5208060221053,858.3497811942811,416.47681809673145,-526.963119593451,971.0307462517048,-190.44657090935993,-846.851263271456,-79.1513052836508,459.6125639874922,655.2420257172446,-710.9081800312482
random-sign,3.0760389641400234,181.4519652637839,-524.1226174029716,-724.7338941705837,-594.1268492230263,-1.4160882225257865,-623.7851968958992,284.10131548418804,406.81061528768123,410.5338825851404,-20.868627557524064,-276.44302447031885,-26.02206963176218
random-sign,nan,-280.90299266117677,-183.3004015834456,-447.4583911871075,340.97848259079797,-205.6679015146625,-272.6717629935396,-675.8297511989182,-335.9527827484476,-776.6743740558707,167.6183035153026,-973.9208068478624,713.7956060137885,758.6601360100212,830.1886076610772,-21.28542776510801,-444.67856172823826,645.6709620424242,479.0689993325377,-609.181812126372,-157.5126733968484,-595.1716161959337,-233.20236821895344
random-sign,0.10293230956313337,766.0107188021161,58.474406716556814,507.15529650509075,-339.4694318722446,-883.8028567352276,-704.1130495721233,-173.1601750297607,708.8772723726995,426.6974571175947,-628.4832689586037,-398.85377122743387
random-sign,-0.041869776674380854,673.488516458084,-36.86441334685162,-796.6730153781754,-153.78506269920717,-610.1206516383357,409.84836843251674,362.98401314413445,-848.3607039984117,-823.2882581837592,440.3388102863066,-272.51209429854634,-904.7473051419472,-660.2958011908581,775.993594541598,749.591716339999,-678.3254990486323,-104.74640099788917,-321.40031572901285,-144.96860731505046,979.8611020407318,406.2607633636935,559.4434105375926
random-sign,0.09848100773345836,-690.2980289314406,-31.44675722369277,26.276800029609603,-120.80996913453282,214.49315874177705,942.3310563537427,-525.6696590880008,677.4264511902309
random-sign,-0.09838746619588734,512.4637181428038,-939.0851859748713,-808.6465194302219,49.675179004331994,821.7994391218181,735.4472077233058,-214.59251935620307,-710.4105323260785,-384.49260290324185,536.2686587945766,177.3088972630735,-721.4651724727394,-497.19947765416083,-850.8667106425323,792.7091150667927,414.631927569744,-705.9438704928922,54.20629659272072,236.640664201984,-540.8259489823051,318.381521568439,565.137563162144
random-sign,-0.1595337381697286,-640.2738311105545,-847.060186375412,300.2943913027932,-548.564957112168,549.2433403614323,-821.798677086276,552.3457098278559,68.5784880076942,969.076480611689,-947.5492423183118,-187.3213671616038,681.6368437852527,-543.6200462042864,-576.7455674180828,-612.1729699814773,-797.341693460715,-197.7866216424875,865.1736861656109,550.3047875656475
random-sign,1.102392731566145,193.99008618022526,-376.960343965991,20.102439911266174,256.0406577983663,-496.6160728139335,-594.018500771256,-596.6104332101556
random-sign,0.3003945420620926,653.9683792372866,447.85511311327014,-750.0798106876252,-961.379216545615,-322.2647227671125,843.116871380189,-400.14862950444524,381.06306602425366,-804.5682723087888,-291.0563661788333,-783.4305252949969,-498.5788104031099,-416.02229885989425,232.11296054059608,-310.13528529767734,776.828959129346,949.6588970851894,-926.7910983209573
random-sign,-0.09020275191509486,798.149805578792,-597.1530584104732,-899.3437838247613,458.08125858643916,-13.680089799926918,-878.7483546475323,-870.5811821425043,-506.60998435928326,-865.0255933777964,533.086826282711,731.8268623435715,471.86305546897074,-100.97497769911422,657.9841790304424,-73.30736559159925
random-sign,-0.06945269476194038,-927.6640417710976,647.7017714917688,520.3911541227051,720.0668780623696,938.6383847457898,-98.64220188116678,510.14223267056127,-902.8734528853565,-889.4053557128243,-43.331128979343475
random-sign,-0.045607266281954884,806.753344342743,-247.76650881152398,718.6238813380639,196.36252385874946,380.88933581525816,-368.7443786135483,-875.9799867779315,925.5756955873085,-890.7844614924823,-235.9395340015784,842.3696696803429,-996.0718803865387,720.8141397306272,-527.2948879050572
random-sign,-0.1454914421714144,-791.2520826114406,109.79477566937794,576.9603686988548,-491.5116862897109,-261.1608870245245,-928.7570580648869,-827.8263203086132,-322.17185091650344,-202.47198881168458,-679.1411088026032,-787.6329222496454,-468.7534909095958,376.2143263799553,-678.83640602083,-624.4993411190546,-904.1940826952028,-260.66130062733214,-94.42730074612359,495.98884187399153,321.5198750886914,756.752097370694,237.06103016896623
random-sign,-0.4621891722143471,-758.8680662042934,-304.0970918650021,-92.44877930582572,-950.0925974013207,-521.7355220170937,-609.1386691729322,369.83847270515525,209.93267117656706,-911.8078357664381,-692.9897208130546,-728.6368934929551,-367.9990282797105,325.61544090924235,-18.385658892538004,86.49440884704609
random-sign,-0.008008600635279639,-655.406178075214,-752.6716024027439,117.59267800315592,-433.7758825500608,-373.95506830815987,255.11774533516677,-314.8511899968445,225.01701271483648,-238.03986857559084,738.5267878260199,899.0174885601391,948.3260567274126,-543.3868375576816
random-sign,0.2700163086621683,163.4761145830696,933.1945044168956,-872.5889265578497,-775.9953585017396,696.4056976502916,-793.9820325589093,-10.288111006223403,422.6300946227959,-79.5426223217246,-609.734625839232
random-sign,-0.009121986729705212,-277.53216721658,-130.86632800402606,-108.16409682704011,714.6424096193691,-371.11311882919745,-577.2473350658352,-988.0517704866005,731.2021182949356,-140.80382932873965,-589.2535757192265,512.3984487880475,-656.0678090887717,795.3101961319496,649.0115241565286,330.1699996408554
random-sign,83.6147129990933,3.3388768979330052,-270.7902721379653,-986.2573992243713,-524.8002554186276,812.2641421600899,-906.7888432331688,320.5520821753764,218.5429081333475,-956.5275365675583,-36.44036290109079,857.5481271829137,222.7058188854321,773.7312434817534,127.56288606675139,-951.0681702184165,-392.92367288534297
random-sign,0.37483995408082205,229.4421593285051,749.4084800650576,-302.11929162416504,-455.69084052653056,-35.87623371469601,-866.9711179861574,-489.7935129033837,-949.9520180237646,-648.424531241662,-769.0367176379358,737.086930052061,-683.4353521843116,84.64009535089076,619.0411273289933,-518.1178889754692,567.4396186282761,-617.9950288958844
random-sign,0.2719883488704713,545.6055114696796,-542.8342616895563,-525.6036390013559,869.6411159148165,-583.3858687869083,160.79804824018902,675.4063595581742,-974.3157574836982,-872.7618731273419,402.26793870401207,334.32292810426657,-217.55205227470606,-130.68394926353835,490.8127609624171,732.3646273820209,-166.1565739830786,609.0025837317385,308.707819462049,364.06415188291044,-457.24654004891136,-474.74679898729596,-454.3930242269472,-352.40746232817435,939.1776379948224,-787.0355727176659
random-sign,-0.01437963612437898,670.4366575602578,-75.69992283323177,-791.7955554203639,433.9085531954438,253.14687300939818,956.0310546038208,-24.777751995460562,-766.6662698786627,753.5319830676083,265.78064280976764,438.2876452553662,-163.28088098622072,-895.170395494937,196.94046476891458,-448.0269979372317,-616.8820533920737,312.9695152584459,33.39696364959673,-316.64951461990734
random-sign,-0.16417759318666114,73.76932220618755,613.3519644202759,-624.0780954014526,50.05706835304545
random-sign,nan,-777.0547282613611,-559.1703095767191,-452.7018473897273,-205.886664058581,-465.7527768251091,-594.2973917705892,-155.69955922682198,-654.9892012516927,-688.9333032186155,246.57433983144392,-9.920403307720221,274.50269867713996,-836.2405258500894,-92.06401404361225,-35.31064090496682,353.7667041756597,-694.7876820094921,-123.49830508818968
random-sign,nan,-333.7576241440204,401.49363489709685,-528.71521949631,-929.1798741070054,613.5328461514348,-352.988457383703,-20.087145934018395,-664.8390694030395,991.3507508289958,775.0027794179996,-881.5673864817029,-91.79601815264778,-895.6380408333811,527.9605272410195,-180.446979082099,-292.9361704823028,193.07835580176084,-571.0851564495078,-151.8316165339919,-188.52325977415933
random-sign,0.03557474729139032,-766.7187698912505,-55.64335336186741,-218.0373255099188,814.5449787871803,23.605532855116394,-265.29436506000684,239.62433851961373,380.94065809860876
random-sign,-0.12095597972319361,-242.8530451315703,907.0648592556117,-398.63305205009533,917.5289384435348,-969.6381731317241
random-sign,-0.18088222102989449,-910.2721609831832,-369.3222379470667,-348.59323326682113,899.9681333064273,-276.60395349360067,81.9308743759309,-837.8360072259957,843.4979055258
random-sign,0.5096366127728995,323.26543697633565,775.9439385228834,-978.0228475689079,-627.4538554348592,-768.0957210083466,-148.40371238600198,-385.79545647011,94.4420604628383,-790.453851851894,-430.53405931836335,-20.122345366922104,966.9778656007693,780.644121503004,-805.3479142595083,-624.6955500774474,-121.15681132093539,-947.8763404582196,-338.1589873885864,283.67417830370914,12.806939641143003,638.6260747944359,-74.38016938237934,-990.3522634379549
random-sign,0.0018032394201297208,-933.9040356962711,-710.5220867582092,265.31410743533957,-65.72773332463669,-813.9594880128285,285.98259824486195,-702.8290363204526,-183.2994065180003,642.103844010478,-434.10245086008126,-910.6818089421394,774.7326382125161,-417.00222168035395,-384.9813498297667,71.31163205878988,530.5425420590152,317.91179589334456,428.00242546143045,59.66893455451918,913.797292506503,-39.48956196603342,-460.96323374128724,714.7420212405736,522.390870304966,628.0304024435338
random-sign,-0.6711665282598362,-483.01537917530777,919.581723436896,-327.519084556483,-515.1862101342058,-665.8800486854288,277.4221533682082
random-sign,0.1039876681387526,285.98560255902225,526.1701429821815,30.315385571595016,789.6609144589149,-74.14424433555439,-685.3020894219053,-911.3087183409043,332.9084089629266,923.1138465049294,-241.109890006078,-806.1775185533733,-651.4843897800317,-840.7699352126021,-541.3877500970243,-349.2935545765416,-817.6675724341455,408.161632808117,424.16854465448205,733.1004702954392,149.13016099374659
random-sign,-0.0513257791810704,-464.55573347454185,-953.2335612168113,137.71366314941383,-767.3890680859419,-705.2826196506098,-943.8450401119227,875.9580248346422,-17.496649555307727,-22.431227245546893,905.3591472977996,-243.94698525724266,-2.525848299703057,185.40554971259303,900.4085448591595
random-sign,nan,-93.90811502161921,-43.82906118635901,-798.4621218680754,655.5111089720549,-99.10647033723797,286.13960367310847,238.39516207144152,397.9653206133562,-654.9296201545711,-905.461781327253,612.5904919002821,-269.3276988973465,-886.8064854952424,-347.3484966510914,-461.6971177072812,507.27748705401495,-680.8886410179291,-226.67631269303024,-42.54632248412429,214.4460945023693,-679.8759711530556,305.3044432862505,-14.732558738910484,-101.13752802113709,-569.8614639485602
random-sign,4.195751964225053,-10.354528559927985,222.23053252240652,-806.1853158308174,-464.87391388751576,560.3481947435594,-66.88187539178125,28.081802644469235,924.8669490076504,-442.6804882957771,-819.3634541947479,-110.9996328566341,-997.6823831294954,-202.36706143401477,355.27278423517646,-817.0431661686994
random-sign,-0.322502555489253,740.7694126371237,411.7547091214674,-618.9779883558568
random-sign,-0.6793358252052968,-792.7129523176868,635.7694482714942,-923.1431658782807,294.73558162436825,-12.16993175195796
random-sign,-0.03033164826157686,679.7902287122245,86.10826343895678,321.17083386634044,-491.8234892718163,562.1464170005795,863.2313015882744,200.1247908127607,401.4035942396042,30.24420377386582,-757.6727247586697,-570.8173492345434,916.420716272444,297.00181710457286,-625.0170419743811,-274.3087113742928,-281.7972342468638,904.4472528284248,-447.4731065144184,-517.9848324533116,-845.2253280822854,-262.24835827335994,-175.25107456777425,-326.5763976117571,398.1496386915037,582.9267692202648
random-sign,-0.05446884796051199,978.2168033608846,-571.0206183567893,-587.1509096925749,874.0023395990245,33.26235716335964,46.6068208041379,205.37175023770055,-721.4862363860184,-8.196552767377284,756.5058019369862,-970.5068753089514,277.03034151466613,-431.4379485695989,346.303148455273
random-sign,0.037937229209706214,514.6337231902912,30.83721100584762,908.6742873549779,238.8722326289394,795.5938335464048,-669.8994457329352,-444.0930171929656,-673.1310155586807,-391.91082007649425,-891.4016253399959,2.483125840901266,-177.22684427317597,293.1490927007162
random-sign,0.06229594069520639,-494.2292955506842,484.5414471692784,-780.5403498262864,34.31010805621281,370.0765191353264,877.07285302571,-925.5802051394409,183.82401980466557,637.9169820037328,550.5314485161446,-730.9131832579478,-794.4585866284662,168.4777584620606,656.8446704707753
random-sign,-0.02907315383534781,385.50775815444126,-787.3217888934454,-895.3104682870976,437.8930205369827,-920.7935129812108,828.2185755047185,-627.9926273236083,-309.28519446595135,144.750406836592,-670.3620918136584,-899.2495603883303,52.364631505106445,684.2432553682361,649.8696171440727,657.2908127829426,-494.72354091389036,-812.8067254294314,49.30437439683101,934.4349419677174,804.8061529937368
random-sign,-0.0383328198619034,615.4671069029987,838.7972177877275,547.9005908054594,959.549302722723,-333.79121617577835,-29.70522365263787,284.4802756337813,653.5773442544087,-744.4079853697192,55.334808998096605,830.8586300752283,-781.8235201304606,895.5374855868145,214.70303438925612,-282.0976249189117,-419.94879913942975,-871.8786209602156,-31.316892955323397,-443.726654187397,618.9009135762105,-317.7776565813583,-724.6565316076424,795.0614624413081,-544.746834556237,-194.7248162477016
random-sign,nan,601.7568867894406,-80.28373327643033,703.490980183642
random-sign,-0.07192900866234797,218.85390457037602,-633.2754584700353,-312.7842319323362,-703.5883941179497,230.50121966844245,904.9267576777454,-309.13435109954366,-178.7590117291644,687.5102343606109,-257.00581738651,-688.7117594907095,-535.7191147051801,946.6709133964425,-19.844026107917557,810.3001556807928,-555.4014744686333,-207.0216753075207,91.45615025601955,-445.2617037091062,189.3836973415887,270.9071170173106
random-sign,nan,412.16112643555493,-251.40195538706882,332.46273691672604,670.2607086889207,-590.3638419957465,-536.6726565476863,230.11970643422092,214.69213901314583
random-sign,-0.00514217006655282,-436.628755595557,734.3511952543208,-660.8513004282754,368.1712166274806,-403.02737529528713,108.40915690158704,-711.905736392987,180.9277275024258,-992.1101002468498,707.0559974015944,150.54519772391563,-487.53227092494683,-711.2043623569748,-566.7754822196421,993.2877043602275,-811.9163817809865,874.187020832482,258.2147126306868,582.5366570490712,-18.211013852776887,892.4290711214353,-159.3634031427789
random-sign,-0.17847079334996874,-850.3429847702755,847.1408654925806,-841.6256956140495,715.0231162138116,-922.8618777018294,-933.4838639632377,-959.542723761266,670.7430422845532,686.9816652877255,-10.0839104691604,-942.0400360850172,-453.6357459080249,-191.21469867438657,239.18425349930453,-233.48746246543567,943.1413695300594,-767.2634201125339,-160.31898728967133,556.1627863043404
random-sign,-0.4073814895996851,407.27879358153154,987.3146699635308,-719.687418519362,-5.006736487160879
random-sign,nan,761.3990877950578,-79.29004522527964,229.87886883962688,-385.8777868402108,712.1787725925385,47.66944456254237,-36.03441395972459,-0.6105869260748022,-530.7597115068414,553.2235800803905
random-sign,nan,374.1314532197921,159.78634355492818,-667.0881160749258,464.345247478695,356.32199599545265,694.5940702075311,726.9862650453222,-695.276239270318,668.6254673066546,844.2371804240006,823.2292150695735,195.43763059294042
random-sign,-0.08665192721449966,-624.8027442529498,-128.7919010982339,-335.31258830144293,-951.8803734816486,-790.8189540282231,-678.0533773832509,-524.6543849654947,174.88197168166948,992.817079251048,365.953950535132,935.9215708056745
random-sign,nan,922.5013245309829,-369.1804738706901,-524.3391352262978,345.67134169604924,-901.1330537009181,-622.6775654343144,706.0551436858145,807.1529912160422,653.8103351315619,216.8606967834828,290.24769596373244,-829.1171055468152,307.45832652045374,-431.6425144052571,-254.6514562171169,490.11211982412146,538.9738958153998
random-sign,-0.13153222426151168,679.1768338774425,961.1294964106055,-198.02555668629225,-128.43718815027546,848.8421435630951,-313.89458061495,-835.0481119255626,590.9470121121647,716.2038682696925,885.8711345925387,-727.9215174791847,-156.36005312944758,-656.3700284174801,15.413919661647355
random-sign,nan,349.28245269844047,-35.268600855495265,203.65228075057485,970.5657525274407,388.29115469416206
random-sign,0.08827957354328131,-670.9609042668911,-569.0774852335624,-112.74507358736514,-933.5825455488258,580.079952471275,999.9181333752481,496.2893423372627,-430.38575609325403,965.0927297404837,580.2561380262482,48.06226147096936,-594.7134228648414,928.7304134814126
random-sign,nan,-747.0757017112379,-885.5393042837871,430.71977496269983,369.125977136393,421.7905413242713,-588.9228699236255
random-sign,-0.040269852523057925,-344.50345926586976,-434.25608122973733,270.171464276048,-667.069438179461,-514.8130943371202,-236.93340859449893,900.9240571732723,463.2978773174316,-902.4742987755392,191.43020735034406,-177.36013096179067,406.07462637260187,551.8176752020095,51.44676201966831
random-sign,0.04329536147201041,832.6067908972927,-450.38813704372524,488.98809729260233,356.97782849043256,-173.11522582371003,759.9471819397565,-786.0701313837073,-377.08135726037926,-752.8420419338548,310.28707906708405,-26.949774266154236,-639.6125353414126
random-sign,0.024158833212869713,1.2290060479449494,402.641144978169,-454.4382849195754,666.2643608253247,-493.0790147221751,424.8609627389369,985.8602231694517,-917.2015907168045,614.7510097054994,-27.223938031793296,246.06525398528152,-24.89550525915911,848.0233219288716,168.08992501002308,-861.2775457760358,-881.6087926986161,-627.7749265834732,-521.8189570013037
random-sign,0.016774000094826658,76.30917015556724,874.5290641147569,748.8021328337977,856.7703465575507,598.4762207944809,91.38715214909348,-518.2804320937444,-753.2324737693164,-500.61679983109883,748.5964844144655,613.2291530692132,-805.4093711675843,199.65236980932514,-595.0614948726736,-469.231118815046,-674.425523435121,599.7339741601149,-198.09307150186385,-387.4446158018385,-432.11130630053265,-447.3279360414974,-698.9476872379521,122.77730620395778,290.72288664422604
random-sign,0.19144695907917675,515.3449351418117,26.517535395609002,741.6846507619318,-712.0125714646249,729.1888720800407,-472.7091439780222,-697.0812211263635,-804.1478156062723,-386.90657634356796,132.28108879675688,773.4315037871929,-863.3269072016423,-611.6344880896927,140.93008202802253,-953.7787496586363,-797.7548047864418,-928.3644625638175,-169.34514982608232
random-sign,-0.28840226659348356,-25.187901153380608,860.9565769267779,467.37739843092186,657.0307515830452,94.26910951523291,796.6236594219538,220.63856403594582,-957.5698346732194
random-sign,-0.1099587558638816,218.81509820018255,364.2123565610507,479.08624846395446,-869.2051750571619
random-sign,0.34902401363641467,34.59927565120415,273.2543993999129,20.366531809207004,-54.43489279586424,174.3534938400594,-461.73480807107364,-365.51029513167884,-180.05477214376947,-253.61185499184626,-494.98930546730844,85.40846249992978,-540.7979709499058,-543.6612141529815,-613.4170306173912,474.2806964635479
random-sign,nan,-437.0935713513127,729.9878096988291,-795.5318513546046,-661.883976294775,-949.6572080538033
random-sign,0.13577516997244543,-677.8987904798057,-428.27440788142553,-380.97327043490804,-204.00747345428204,110.563548555343,616.3797549342944,871.563350338595,490.5687282732981,502.6250963341497,-87.71640067982969,-288.7168229378092,637.9246922078555,-430.1759984702147,957.8978424916529,886.5183615181891,10.2000656986678,-998.6853301500825,861.4707664531722,-600.744870526327,938.5192201981004,828.8737614079002,-536.8868786458485
random-sign,-0.26829282913361374,691.1417589303712,153.24237974051357,40.221556649847344,-749.2205227258124,143.18301531299903,91.71577527883596
random-sign,-0.16655487070353647,415.62798149614173,-663.6287186923835,676.7630201171814,-831.3788297063156,870.9563846638257,835.2729883589177,-345.54065122073644,-568.6063128619053,-118.30318651584435,-549.3097456729759,-718.8337419338116,-771.2561109216398,961.1049147644219,-170.9921555744986,-805.2888114976301,-790.7861262084408,-892.9542888774442,-578.0015314786575,364.3534871554009,-143.0623000413393,933.4756299766866,386.7300736646637
random-sign,-0.576106860346175,708.3354979552498,131.6927152372457,-510.49715028398145,661.1966499736682,671.1643981531761,-378.372462819244
random-sign,-0.28239471504539504,-466.49672703507815,-365.0013830013015,-72.90342647441173,-360.2033042284478,436.56066483780796,434.33521498612663,88.58347068687226,64.36689675918637,-161.4234980523048,638.2665124718346,-46.11928661960428,-168.45521822978492,864.5500621138153,-310.76927919947514,-831.1715043999803,-980.1386286109417,32.21556897211394,486.372521119745,-666.6830217303352,-736.8462084532316,970.4737103792484,-4.904035048408446,-580.10703815892,409.75161895263545
random-sign,-0.2727947584516902,109.21117982032297,-332.45771251876465,159.465712299291,-226.79221963266264,-641.3954097066062,-298.59660594454306,715.5180716254342,89.21315240275112,-349.41508335528977,220.85193224024397,-311.91357070031313,526.4248693729935,-308.54465149215525,-193.28558116777026,-935.0511514704081,-890.0726735868478,28.47219140049515,-369.51632446748,-77.12332125799867,506.3444570536219,472.0325918197866,-232.20923206262387
random-sign,0.11037519127687401,64.84001950057791,684.7475334892208,-362.01804232044447,-548.4442954037256,169.8689690447759,891.1564258635749,-83.83441450571593,-482.69915144042,-320.8054921674908,-926.1212175387981,-229.59816880621872,517.2225094042781,538.8354100367037,-617.8105811031253,-814.7165046973057,255.1210178035451,814.9857913214689,199.12315387703393,142.16998619163428,344.25962339126227,52.72585085318428,188.03942225476248,-757.0789790263261
random-sign,-0.2706205831398497,-986.0163009665755,492.0379453894516,866.9933598855296,933.6445809373777,926.8562195885863,-354.4655323534796,-553.0790550026119,104.61701614605954,-915.8683338223797,518.3692407965473
random-sign,-0.47453606873963716,-569.9763492401446,785.0201340012748,-90.97721412251667,197.80753421702207,601.4899808720927,-285.20517460567635,-843.7271305304077,-941.9467071572667,-489.0128642916747,-397.04529202665856,-776.5931266972079,446.76892240174675,-773.7465202027216,-573.4656615196807,48.61625658584239,263.74850221880297
random-sign,-0.7376350287800933,401.7289287137414,85.10808633547003,221.04914359869395,602.333406169573,-293.95951465283815,153.8600892093043,-458.22942215240255,574.2269465268614,439.23952629472,-147.0758233498932
random-sign,1.2269656917152307,-383.48479223678703,763.3176986790556,-6.203010197187723,597.8706820224602,-181.4559170826251,-218.17776691234633,-532.7520430226461,650.5754362760115,837.4634733144007,-109.88007647653637,-412.38188932022535,286.3678717148632,-849.555490771945,365.57489645628243,331.9654789239669,964.0546555370031,936.152580763023,-945.7896305329194,535.7345969541564
random-sign,0.19468452267477465,776.4277011769145,-367.0997276145889,-669.6044630393758
random-sign,0.40781812043357,-975.0033515329652,961.9561311239418,578.1504338341208
random-sign,nan,-274.45034506311526,922.995987965541,-924.1168638462011,99.79830495053011,-627.9102208792315,333.6368492008844,954.852669985054,-886.9238981784497,518.1332619726188,63.77341880485869,-318.61894854021205,801.3961307615866,-385.8300318988404,581.1928082122074,636.036071670186,-686.0061163400333,-894.9879428000324,53.21783564312841,-245.01334308111677,-905.8860080104985,945.8956082653251,503.1577524807435,-697.8188900853069
random-sign,nan,424.78424441796756,-460.85511719643523,-354.7823022852224,-77.39073061501165,941.7756320274755,-574.6778482893419,112.24381712417221
random-sign,-0.7269507622840947,424.10139539858073,248.18229885965684,-199.95763752166033,316.823329271361,943.5506729332285,520.9614068953938,447.8735188271746,893.267566516972,-293.58705556205075
random-sign,-0.1485005250190845,-331.7662355355984,919.9627981350161,589.4800128317677,969.2173095112003,483.4319091603679,347.8371149723341,-960.633441830452,454.91938166781233,498.44144490954454,331.72650853382675,-221.9359393292683,-777.3153847740086,-52.612293583156315,758.6025081032915,-292.2981147035546,653.0345170934361,422.44592499810346,-278.22922195193485,-33.19178722048457,982.8678619923112,-553.3390017170387,-238.8593493975477,-357.0435108138122
random-sign,-0.0037171625628303895,821.6392271148325,894.1388500767564,-745.5157457353833,616.2702292039473,-790.6536340944235,-619.3432173723154,-661.9203151090792,594.5570990161345,362.9838072194998,942.9871975425306,-492.3366288839717,-705.9081433831922,682.679727509864,-34.61454614694469,44.632913840022184,46.43939031342461,-911.4616711593146
random-sign,0.09305019701365302,610.7302882395134,864.1819261980827,632.9372890517327,-934.8988155667043,-935.729886028201,-873.2753200105294
random-sign,0.39290017062664595,745.6820985050156,-366.8075169731127,-873.5585300254538,-227.49888065278287,198.84525244698762,581.2955640504986,-748.8435455340115,-89.85253276653555,165.67706317122884,-209.7092263302751,-483.18866221191774,896.3152115474763,-353.18573346642904,-37.901992142391805
random-sign,nan,661.7676884738821,-424.97941379434144,476.8373829144334,-908.5743577810688,502.4901141818691,900.5395829392694
random-sign,-0.20700022079071279,889.3902254038828,108.29637636416328,75.95104660194056,122.89797292375079,883.1793124567373,-366.7762812321271,100.5249684796072,-47.351202431986394,621.4597072186823,-948.5414683950994,103.6341400989611
random-sign,-0.314613132351643,-413.4120413213607,-160.6184043691568,304.2881839898273
random-sign,-0.058381781132269994,941.1408715550076,-661.6784838649573,278.0058263810099,356.5133153721292,-336.35656927246214,-302.2202227500743,472.46754493554886,213.5721956108864,526.5876505702847,348.7969958780784,779.0241195583039,979.2898852576343,-990.2918084460625,844.6665944764009,14.685843934164609,-92.40297302066392,-729.2761737679106,-823.5146138609105,-890.2118019696641,514.5590535629324,-683.6275599203739,554.0116286074738
random-sign,0.05944177607368739,-156.41625044653676,738.6854269488758,-556.21842788908,99.52001278915805,-235.79835067095553,72.23187542930532,910.5458270224244,925.9292584730388,-833.1429111748919,746.1655884199463,205.5320442219072,431.5132259600232,-739.8773322244621,-238.83601802146768,90.83329224284512,-550.889893643036,-701.9769272845786,-382.79711853651816,-440.46507022397475,-805.3744604256208
random-sign,0.5828426576056154,430.1946024312681,-549.2376815263966,589.4674736581044,-541.5394202172865,-860.8157432905663,0.23833622337349425,-329.70048434713476,-339.5759440102954,-434.4015463243925,129.57510560381434,-13.857743465903923,673.9028341675389,-901.5123534023211,35.84161490764359,-964.1015978777057,-717.6873552229429,622.9890141330716,650.8427755827734,-974.5461164694964
random-sign,-0.04694756209192308,-235.22830662544675,-552.8129638414765,512.6023320283152,528.9607379407162,-633.4056503231513,341.30860534351314,386.41230287354574,389.6702050829351,-183.18193100205417,-87.9712089455686,-422.25145000414966
random-sign,nan,925.902680440558,23.03245041890989,-360.3025871376291,-443.1740845266694,993.0265917966055
random-sign,-0.1159036203684396,698.6051649236197,4.67160944437569,-181.12306752913685,-270.48495211828595,320.45055364550626,-211.13188720573123,594.9387861968157,986.5069283898147,-897.7345763217517,464.5585507484868,978.4430394776332,987.659949650161,-480.6910638769857,350.3412044162417,253.02088185464277,-238.90438864954524,-363.67399600156375,98.44864890129566,113.53507139735007,-815.6654440650359,-199.72272348288686,-754.410243761018,804.8047064201494
random-sign,-0.05523487863462728,-841.9579384982299,-413.480560521863,125.73231864423315,960.2833280700816
random-sign,-0.027821038146940702,225.4522350023135,-48.37141691498539,447.28482406415355,923.6658471987414,-436.74308994530793,-227.15943511042963,163.80704360158893,124.36201197175114,-351.6156475850221,-627.254545446285
random-sign,-0.1553756450373398,-522.625161248583,17.761609369632197,-655.7304583003577,-794.1768684597157,-565.4512912063046,-637.1359305369091,142.10782469373248,-273.4383831508227,-158.9619842439995,279.66925766510144,954.8455889602653
random-sign,-0.3802185850926596,162.22664416425823,-920.4159725669891,-99.38771262565126,-218.88526288145954,-221.48446029283116,55.52932516621763,-975.0414226675343,-1.4571453618979149,-55.58869498415288,668.1374658684306,322.8483946104259,-737.8579631317152,25.005158644298035,-753.2218767590713,-228.44221219875908,-505.20785519659415,613.2062856730081
random-sign,-0.2748810178640603,195.81184412330708,390.10511591366526,-926.3290299713588,254.79641236462203,482.0291889811192,-295.54714471984903,-190.49349710965032,222.68020163749998,763.1816440540988,410.44288310973957,193.33857685813814,359.48840044495705,707.7268438746592,-434.2180215538432,571.1638182534846,-751.5969490329943,578.4850993569917,-413.198264884427
random-sign,-0.01874690256074585,696.0085971460801,283.8150992816825,-85.16692460448326,-92.03508430752368,70.49672742350708,-796.3848897788571
random-sign,-0.18776357400984334,246.37850717452193,-440.47196720194836,951.084317730139,-697.4167828173686,-683.5931534878637,109.29745972223986,-796.1723878459763,56.4840626602886,65.18393456340436,-990.666335878287,864.4673160944906,-658.2778706104118,-741.7783996239808,754.4526364588789,944.68507690558,-301.52862276441965,-114.88772389894984
random-sign,-0.8388578664778866,463.2907124181877,210.41812830705385,-51.683984251852166,497.8265948357496,531.3658189791836,-297.5975223291489,247.2239366208953,-890.4131588423671,210.28174043118156,-164.5176521850043,-429.54046115696906,-985.9356350208335,873.7022655516876,829.7195745033832,982.5221694821626,352.2708864972278,260.07076137123227,-686.7418374645504,-3.8714757044027692,475.31353465995585,865.0202390658267,-151.2919468431952
random-sign,-0.2998646150721639,-718.2376219719247,814.6225967430273,821.4907874567564,-230.70183222110302,-348.15909107562754
random-sign,nan,586.315687079106,291.5971121680145,-300.7966685579338,-622.7542942091713,-737.1531816996899,368.38108728630186,773.3512681100076,101.37675564484266,-114.30077788481799,777.9343371060058,-67.92409995157425,945.6065063450362
random-sign,1.6106274297724625,-211.41417292319602,272.42579572125555,806.9966649034602,-543.863333827438,438.18725349710894,983.2835421674906,432.26922126488216,258.32985965639114
random-sign,0.006334464539019313,-892.2904121007957,805.6447537499205,476.143471087433,2.7939526577962397,950.1243370580648,-859.8972375235574,916.2346786163162,325.13089869838586,118.60652232384882,448.12436594733686,-960.7720762808933,-995.0986339699483,-221.98647851111878,410.9414547226156,-877.5500496248505,709.7288456177591,210.15093461378024,973.5881261767602,-429.9650946246618,280.0116990165611,-830.2745873476483,369.3556870194832,-679.6989169227395,-367.45068338750843
random-sign,9.29936421498159,80.7187020709789,-856.0548821956502,279.71519923361166,-192.86143035154612,-781.8033406470175,973.669759274967,-875.4990009729804,-209.76885387354275
random-sign,nan,-9.661862479347405,-96.03163991743634,-711.2276246771158,42.8574087021243,523.0952660236721,527.7275927854812,-552.2927672254565,812.7660403283562,-817.5738698186017,-137.36911072843407,-189.44604605947848
random-sign,-0.09392791869616235,113.2486379665686,-728.2914663779962,279.82918469182505,658.5197011499829,828.3293132276954,536.3943460635455,-227.2567743903295,-851.5660810548056,641.1292618684599,288.61341804467816,782.936969549439,115.1894021061014,-564.3941280027686,-236.96774829746414,323.0244677549754,-4.556637748696744,317.66959661136366,795.0715001760188,-675.5753840618262,-837.786604597017
random-sign,0.1529149311373641,-925.4113339293295,182.10065146165584,471.7874184183297,298.10795120264265,-231.5424885614534,-872.6427872613442,971.4011072403389,741.49735572997,-735.5833599710628,-544.4955366731658,986.6268339790877,257.67634479087246,-160.25644819590616,594.6813446092881,360.33288286910897,-333.8603757894707,976.4766743679688,122.66708068374442
random-sign,-0.30035674272952817,-391.5557571891011,-772.6807784806249,771.7988070008014,208.9544495790276,250.3881217942337,-362.25830543478526,870.5197482545989,-810.5715937633033,-359.6992990614807,221.6423427499003,-623.863003111247,706.4401278289938,-138.96382129287895
random-sign,0.16275854646270171,403.70137128061515,-91.36893033355784,938.9934726664969,-410.33569786838825,-871.9198212919101,566.1617559629294,-331.7404608089894,-76.64292312644136,134.0457431905179,-646.0824879028144,-839.570435820887,440.17046335693794,140.05446255471134,-143.23190459734496,94.74207259524678,-453.4251339072339,-280.7407562938844,-136.98101108933213,-691.6384522795375,-381.7250918723387,-461.30168988915307
random-sign,0.2704362748804414,-310.46641955472955,-384.3027842984526,526.7956797183354,-353.99955675112915,895.7102806812952,480.0351234379625,-508.1245279753039,690.8932372378838,-434.4783077299095,296.92669049717256,-717.7194938984961,-531.4876451072514,981.3549421626722,-83.53359222380868,443.7677505113529,901.2521374960374,-847.1985197060876,610.2285760083219,810.2675770862211
random-sign,0.19747233580956913,102.35229839339104,578.0305760907693,-19.278313415389107,-200.17785926514136,-947.8607001600894,755.4582653745169,74.70953352260767,210.55492537103987,-183.180727381206,-657.4219256385909,103.80753121993735,-791.5231995308636,-136.9996780376839,-497.77589539127655,-311.0775248126731,-512.9593577822167,562.1717199146669,-303.2685959492487,-692.6267175508227,-633.2042968426728,797.1917263258563,333.0556684032283,740.5660519667717,-682.1061140276843
random-sign,2.3881206688836105,333.10944097004517,-943.4039881479033,-822.002663714936,769.6400441912936,-375.0643208573132
random-sign,0.2227584291039335,-780.8075917635489,404.70031070574464,-630.410688199853,303.1047058761319,680.9798146916248,681.8773947057741,126.1927218755734,-137.0486472053642,-266.72445673836614,722.8216075349953,158.79671877503893,-23.751016582836314,-525.2918679498746,713.4124440574772,531.2615430932829,723.1245263100222,-750.3921150775396,654.0923289212342
random-sign,-0.6236719694232573,227.79005031054658,-100.13282194148746,-852.1773013042468,8.601525431641335,-521.1056247947977,418.1129462514002,-112.04692521054005,-928.714301743218,144.91544218030185,-438.33864750385226,987.2964519926718,855.6964286253926,754.0807490302886,-890.9376144741501,-855.6194294762573,1.14316574172517,144.39455640789333
random-sign,-0.1422929853206465,840.9669633788596,-664.1367776833438,-23.863048821179973,-545.9637790672072,-599.5248781735734,-550.0446229522767,-556.0475045931656,360.03686607917984,592.0666878000202,-762.5719577834673,35.493388480023896,797.5385076803093
random-sign,0.303552242960649,-71.33371476060609,689.8221312996432,-813.7551554952506,711.1195746436151,-92.00857062313946,-92.99681390073044,-354.49918151914403,-746.6226888662115,-240.61861261246008,-61.570804672289796,-409.2835131582151,-158.85818018701127,423.1102300178129
random-sign,0.06099506528649945,833.3622339218798,-745.1585577929769,-294.70461150792596,484.7101714473297,-338.90547513200534,787.3147352437259,774.7476351301173,-461.3962264256195,400.75793792802574,-191.78905428939765,-650.4798190050028,219.75418016190156,-65.35633126956975,60.09717478040375,-995.0725527900721,-292.26642207988164,655.4553177788569,-185.90913507141306,-776.2396624983578,-312.91324750615206,987.6161649676296,-902.2252822497335,-579.2415318589228,522.7294397797236
random-sign,nan,715.9104343590054,-533.4094600711474,925.9549542311154,965.7037850440381,-708.2463495872876,263.6117174228227,627.8890058942411,-541.1458178112211,146.729996595456,-765.2246627179513,-311.3067813944863,574.6901486415475
random-sign,-0.09141163027041443,742.2308175621033,-130.7206729343668,136.3537393846209,479.6805782089491,-354.74173757457186,-188.7487661850082,-325.01266538813195
random-sign,-0.11874485444558258,523.7684361985162,-543.0424213546186,844.6970230285567,763.8143150535548,-182.96710562975102,-960.9138069859189
random-sign,-0.04131640997662156,-453.47019306283755,-150.52118398983885,-205.10544140159448,808.5580499868954,897.9198451226471,725.0784817370766,720.3762913918536,979.1616943477286,713.1067709139377,40.42586934558972,-924.5853957856029,-607.5187974353814,-289.628183449155,749.2750623966772,-727.5206546387951,206.35752648406583,-723.3717386699457,243.27156498947556,-483.15844180416616,-163.00507953694841,205.86158755308816,506.2489718020695,-814.0507487493416,961.1134060958705,-989.7690760027544
random-sign,0.3750930430986341,881.297792877331,-733.0134952716259,-307.9994050931898,-393.1479724507594,-33.78147632207208,304.06025464473873,-655.7282611066898,-91.8324230947876,537.6345012859749,-325.7046096072171,-382.1002542279581,795.5052170285119,249.20403849885952,-551.5535538888558,-691.4683717163879
random-sign,-0.1771024490228451,-249.17934835789993,-558.6296969600544,951.9971942394861,530.5505880262397,-167.56085865391037,-514.8653330287061,-390.09986475355186,-906.7331077280214,437.67688450096216,-97.4341438332142,510.6488161037014
random-sign,-0.10213803933995258,86.7331238466113,589.8259621746981,400.7516258008286,-385.5920564237251,-727.5664850578514,968.2939107133752,960.2659619036776,897.765656627746,-6.001541151101833,-706.5233432226014,779.5781628736233,-634.6110275429571,-575.59423031864,-302.82268935367915
random-sign,-0.14152935264480793,-624.8362563163985,-360.56637359851425,958.0882137544174,129.79851002108308,-476.3940573199126,194.32910015108973
random-sign,nan,-581.5498911386674,295.8176620511979,-981.4568563743718,943.9748716516594,-194.16149201957376,-321.66689855553216,655.8261986706082,-430.4387704521771,727.268686855665,297.26711838342453,443.55367634398226,-162.70439393622223,-791.5922068867669,-402.28784386492043
random-sign,-0.13673932193878957,189.1922159853989,929.778896707564,-943.6311944990558
random-sign,-0.046185399600814026,-775.496304896154,-327.8674992893174,332.010706901822,567.957784600254,60.5947117933124,949.4837402177734,355.04299887540446,569.9938455311717,765.4075328911738,214.77729010147914,723.7338433327168,-874.7539435510344,-284.1459738698717,-630.8055992535506,-176.51236395540025,-277.0869979265385,547.4903969549414,-703.3050436841451,-255.92850201808153
random-sign,0.18437693823643886,-392.64263164307,-17.921961839097776,-279.7979130075496,878.9736885864806,-287.5286778845343,-114.4075619523719,22.979496811495096,139.00116586409376,-197.97524791723743,505.0010473973466,527.7461861551408,-319.4372426321015,499.73829201720946,188.97672618777256,752.7544959578911,-537.4655689781158,676.4130119912147,-936.459112723987,192.55980605645914
random-sign,0.07494304137846308,-892.1929813395022,626.5648957870003,900.5364064362357,-532.6768263352677,-310.68176172712845,-469.9671289752532,-27.424802748269485,199.57163224384294,16.446077320806125,150.35724231843824,208.82041226423462,-258.94904956255414,732.6360274151862,93.33515172497118
random-sign,nan,715.336934879519,998.1336363129033,-353.1947634155937,21.082414275756605,-22.143044662069883,941.8699474985856,-555.359240027163,989.2818374864878
random-sign,-0.3113224146030531,-246.97375987583393,-949.0351545120026,-422.321062648217,-127.65320082599362,-539.980259130487,-132.96723507553668,-818.7324066548449,-596.3780192373822,-117.47966085569226,585.2554224692019,-489.20551833721436,254.2098998028614,310.421080951618,-115.90818892956497
random-sign,0.5478358272155532,822.680849569226,-895.8172156281723,-919.3013755424397,594.2771041261026,60.22907106312209,-271.0601152173282,345.9723434177904,-545.1080559970849
random-sign,-0.16291890237136852,630.928320838203,552.6217828347294,-626.3106421303812,-779.1118641587269,219.68269793776722,276.8531919438883,-65.37339680524497
random-sign,0.4191130995714183,848.7198403376185,-379.50759149430473,119.65911282659022,-557.6055273915333,-250.68943125094268,-891.5814927133845,-736.6120212702551,-890.5794909920772,-457.6949720118057,-705.7808337463209,-87.68101370641125,227.93936786333256,-344.6191825299736,323.6093215328783,119.58189129966559,67.7587779755429,-556.2256805318866,-835.1415914836398,-738.1767381099315,64.59362385514532
random-sign,nan,-732.8613296586433,-911.8191262252067,-975.607101183653,-639.3282926539805,595.111401648626,-238.16019096001037,-825.3674707088664,85.3742870496626,718.5402215258057,908.3436789245925,474.297575940403,-840.8671204601239
random-sign,-0.13712956453216318,-803.2383095827511,208.63710613626245,-219.22524762981266,-281.8146105781285,-643.3690447121911,248.43976448420653,-324.00427399611704,536.7378033232856,372.95725732059054
random-sign,-0.23548244024244025,791.7408413266835,-627.0439208313705,530.6663105277796,-563.5538987718558,-388.38929654524554,807.9988094398434,808.9855372159655,490.67998935157357,-956.3786394993981,-57.66086695954107
random-sign,-0.0403643994755275,-711.729327000739,-212.73656055790684,-955.4569844790617,356.1992181976216,-328.41303087135327,570.786518561003,16.401073449943397,-251.45470817422358,258.24015059086787,-320.00352316090925,-441.8426044362336,-72.59638966251862,638.3724816515062,-423.82806403131906,759.2355101966384,-535.424819237871,-979.9895955925371,221.88925089564327,-91.92797944449421,702.4208003136075,590.8579400241445,223.22170606970394
random-sign,0.24331244128094198,-568.477364469486,-976.941462884136,999.7136709878348,993.1103276586907,118.20257333253767,353.65174375237234,-480.4792561118834,316.15189591936587,-219.67902586883372,-389.8858221629065,710.1155512170687,74.99464267624626,407.46178376025887,75.32272887897807,382.90138252850784,255.0453552832778,990.8396084470728,215.36590340230373,-857.4440543147921,456.1903984687299,-106.25968673495629,98.60209844939527,220.54703933732003
random-sign,nan,-849.2754969296,-236.72755289746078,-531.3685953344889,667.7946388164241,237.46135969782154,675.337519237843,-636.1207703310321,871.2726561629706,-257.59188636792646,-856.6347029088628,-350.8797199549723,-24.09264872926849,907.3310219598723,663.8804402853937,338.52635933548595,579.0779151988568,-10.27894383324201,-822.4033655244064,265.2975443625335,-940.7616560586627
random-sign,-0.06830339510982575,648.8940257354461,492.0390435840179,-91.48166826567433,112.73897034772517,116.75178640868057,-973.7449263722231,897.4181104106783,-111.76097775742619,797.0596622622177,-520.5694145188185,445.2916356835983,934.4239421539073,896.2947516800734,-79.35438132287629,-850.7271085782893,494.8363818384232,-549.0982354214284,-399.26617402254317,777.4277307999464,-253.5312901610505,-710.4114665774009,644.6080772784787,-897.8581858254527
random-sign,0.04400469688219988,-666.6923731141445,344.29060113302785,-616.4422882620045,-786.7052722062624,-892.4795744807354,803.8621825346247,-375.2422500792685,-285.69880272537705,-569.1619085973539,-316.2982105286154,525.23782383546,727.8791054400574,-1.7700724742877583,-62.19139205732688,-126.57015680027018,774.606227038325,848.3476082527684,699.2352434503268,943.497264831218,662.3712968421394,-251.28952898486045,835.8334994725842
random-sign,nan,-727.6613204043272,-277.9020529102902,-955.7663313102422,-66.67417400711975,848.3651941436049,-222.10848671880433,13.800851683934525,75.95020165826782,-781.8164617250627,-156.22442555917644,-951.5180082979768,-285.3597810970157,101.2919257563135,486.20469903700746,-851.2604624379421,-276.0253045151766,-278.3112238130667,-176.06920804163235,257.3060334608274,-968.5282295881709
random-sign,nan,-923.3217719389413,-894.2919276332342,566.1038819586356,530.2345264791902,-708.4750177567948,164.87101041846108,-486.6560022556248,-149.88279195882387,886.5533603797296,973.1483306841012,481.7038794097398,-578.1555764064772,-939.2599804972818,528.6280479582808,-250.53487936691863,410.4388565581469,-988.7446659095389,-908.3175398736807,-978.8382596734009
random-sign,0.3041468618519878,-958.3918193838749,786.8650445471283,50.120159739254404,580.7923598941913,-80.19122383098568,-931.6772405519436,896.5548961980764,172.11838134060076,-44.138435080948625,909.3379723524547,443.95035694696435,-167.73090951948257,647.1020077249921,491.43818422742993,-572.8132823995404,-316.1126030666072,-364.08520663787283,419.93493489925845,977.1585227204396,-148.84341301651284
random-sign,nan,-993.4289651668205,-14.554431692796129,89.05664322168809,47.84193773408174,-558.1934179887462,-792.3234023355736,-111.8843611941112,-464.9929908822917
random-sign,-0.048152437503789836,149.57064050602435,-459.88864819807793,-908.3294740889158,-121.37532332102569,-891.7444648427888,999.6929249714588,-977.8822885930276,-210.42862483046963,105.38988498141589,-675.0130924029702,-189.39775258559405,137.40452013570598,-411.35549131378673,-776.3213973188583,244.17491881377828,770.5958539196524,848.5952843438333,287.0495798253653,316.5693093004038,-689.1223182679857,342.47091069098246,-813.3638397463951,322.79344801683396,83.0501846051136,794.7728008501824
random-sign,-0.032170816559045745,507.3169813451809,-167.38740371739505,573.0270116008157,-138.16649365380624,-360.04829028144013,505.74717090794707,236.26146106736655,652.8461123108098,466.5104895199479,-588.1636707337418,606.3124574614008,-781.2960492737707,-439.94171884641514,-636.5299909348123
random-sign,0.1582052398354481,476.00123742228675,-540.3761943672074,-142.88858466419344,-751.5563044215614,572.8613578406216,-14.083463265535556,737.5001824844028,-342.5952991700607,22.92841120620892,196.63796679959455,279.8862617887951,-299.80432099097015,-725.8053201198711,661.4860017997844,-653.5708493206487,910.8066610108792,350.0863562192046,-511.767957657294,-60.13098593362338,950.1482876384669,47.159218863556816,-630.2478816999185,315.7089440966822
random-sign,-0.38074680729468946,156.18268608095218,-418.0180552080701,-820.9989577362196,-307.31105275325547,900.9320694168982,250.65695122644775,-53.45546677534867,-307.49019502074225,965.4637554092162,-542.8987688413804,-68.45078662149876,135.04929546178505,-724.2244198025276,-517.6672568771738,-605.371108376507,732.2903883106544
random-sign,0.3126010057600195,-356.92240005142844,-52.17467201393731,192.8744404586787,716.8630631778867,277.48161528165656,198.00192041169294,-774.6427909795818,-150.52949175574918,189.54467528430246,-460.8157937137747,356.9301608311864,-763.6608001946141,-75.1357473297038,585.2900278067043,543.7603866886468,147.96868870823482,-598.192424104137,926.0895362765773,-62.22774238105467,170.61399328349034,-130.91473302282532,-169.03872843517638,415.2225579274202,-38.77914161123192
random-sign,0.009068862758686791,219.42140228469725,-740.4526388106251,41.959831197906624,581.6243685110014,736.1515086477941,-125.11894579250907,429.09294449289405,25.878751051167683,77.95390865138666,572.7339319757762,-540.3647694989124,542.5636575440587,-812.2546435165597,658.2063149195176,-520.7755889487087,-913.6276156029281,322.2900506970366,322.0546002481217,-945.610971788611,-882.8098771898032,533.2886750473401,-273.29692839929237,562.6919629499785
random-sign,-0.5186626660507455,-647.8213399913448,-765.2760914418612,-486.16054846612246,-543.1805847558404,-241.02294556817276,793.7343784148086,793.388872169244,332.0247711608906,-492.6613591363427,88.80213384938565,-388.6903317537775,583.1184839723769,-114.44001108485088,523.6017958260702,-382.65769174247043,314.97721994764515,-17.680345075597984,-892.5032448220982,-174.17651840918347,278.5740089171343
random-sign,nan,-592.0025964325888,604.8794302222661,-235.96447387979504,-450.16182603153857,-513.3708144597829,611.424133921199,777.9015395938309,469.0213058294976,-544.1122760357587,-628.6917757707007,-367.26083230343806,891.4103199968483,-350.95634045383247,-331.8083910932079,870.4101592918612,340.4757035639195,-504.14811060298416,600.8737275406695,-430.6911878340338,495.72521186860376,-616.9464355052263,-754.6944639932136
random-sign,-0.24877142478205239,-170.7350122093128,-300.689980130652,-150.2988207678801,768.8074993656874,-709.6150034543087,718.2714030013576,362.07359530919007,-578.9952720551555,903.280087832866,344.4470976051796,366.30950242138374,-891.0411185725469,827.1397623381645,633.422330739691,-114.76299969498109,-381.13325244346834,-800.0738499646707,444.14636974193513,-543.5489437932865,426.37427801960735
random-sign,nan,-603.3574121013186,-326.19815393899603,-163.54002331754168,-140.95841543641632,171.94536005088253,329.9974605916598,610.5630213612656,-279.41394156161834,-574.4973026444311,687.4440001454659,965.6609507798303,449.7697242455497,655.9392173590711,-612.1679657242987,-861.1343558219777,-374.09653493217206
random-sign,0.20178885831588822,49.27688155192868,-307.9249456718443,682.7666411912799,-727.4598714481153,90.99878923553547,442.12715814117996,314.52046846542476,-632.2566207354023,-843.8381879156107,-220.32093995841876,-212.04831783083432,264.8055816445067,-81.20328929136303,728.0828031114493,800.6593602564647,421.52927834098887,595.2391024678564,648.806465150016,815.9618949218811,-486.6012830605846,-34.254449940210634,880.7067422634807
random-sign,-0.19655453788244326,697.5347245409394,595.9989226152127,273.22005865904634,-326.0801445447537,-616.3268591882029,-981.2109400843399,854.3020240017684
random-sign,0.04841569568367521,915.0249179937239,-336.57438123012855,-184.52736416667335,-702.2614507889277,359.814538826447,-970.8541957723271,410.01451467111406,-661.8830673596765,-412.737005666665,968.5440780888778,398.3571778935393,-529.5725547606518,655.6610074785035,301.76547886119874
random-sign,-0.5420460437570934,396.6414662141726,412.90461880480507,411.74246762225835,-493.0561254327821,-771.3791657043749,-55.18999361139913,-298.3939602478845,428.32105979224093,-531.9668843618135,-448.09834981107576,706.13413879023,-80.03971093141126,-777.4727309558451,-192.44115533527588,-65.71089879051067,-399.66364699603196,205.28786603665867,346.63846980701896,601.5246937722372,-570.1013384575747,971.3632675306396,808.9345464132559,996.267755347279,-709.2496312011691
random-sign,0.20025954384657707,-398.51653605107856,-100.9818297035157,-471.9726051506534,577.6712491133901,607.5135170625356,-264.39050110783717,-330.2189497866765,721.1925401971496,904.5707591556402,129.26889527432877,-222.99346240997295
random-sign,nan,406.1042578480526,-682.1715438824183,892.0366749504492,-348.3994216055388,-262.1017913320196,65.66140298414052,962.0785452811449,480.71971964983527,144.42116459742624,-401.4558206026759,-820.0285438618599,102.92081279743934,-560.4369829038835,750.775152665655
random-sign,-0.44900535374883344,652.9876162417049,-935.6890534306266,786.3962599587308,-126.91835439423517,613.9799098944698,-378.2352888733835
random-sign,2.3088151072277037,168.44536913515276,-311.0195877613153,-641.2324996403864,-435.0584155071733,-231.52415329684754,-445.7503744674772,-926.8019597690164,-271.6697056865611,-644.0919053101316
random-sign,0.9345569794566615,-668.7982268324508,789.4959023569656,831.175433759912,-281.77645108876686,901.9191409812086,420.5919146680285,408.82652608159856,-792.372844830747,-771.1780514890838,234.19110525614246,688.6414516661862
random-sign,-0.3070678313202866,881.6239477450076,-580.3579625242828,676.9228838348713,440.37797491197557,-133.34613814395072,-459.4924629135322,74.95973957425554
random-sign,0.3327090174572749,745.519317466031,-834.9131872743669,324.00921754899537,-848.8750628629074,709.4012743591086,-194.76070600055516,671.188322913601,-985.5148200651319,-110.23893354149106,-989.3979434094981,-343.3282999366371,121.72748956000487,-291.0684535653163
random-sign,-0.26511269511810576,-372.8667147399956,-516.8088986140388,610.7127304554649,992.1715695372209,659.9547211673212,-559.6039780035131,392.15670087112676,933.7862069861178,848.5856066148121,-614.2109189820069,-515.7763310960404,120.1775654050166,994.3599101011152,-439.81011298866247,941.253923438305,694.2298746039303,-715.0484484127309,-335.76685613941845
random-sign,nan,922.5342928244502,916.6988422893648,493.5493834684328,814.0631504746962,223.03639111694633,-626.6835436663871,368.5406574365984,714.650388972364,-740.3903966364089,211.46725047417726,701.0249635943544,613.8709149020442,888.1248167321262,890.2752344220335,-383.0369828892832,462.74896446933917,975.5754420615133,-987.975171716106,73.32799071222416,-170.9256645213568,7.900039324563181,590.2332858632783
random-sign,-0.28855884439270985,811.2006142995726,236.43594314943948,-357.7898710483955,704.5406400289039,284.0316414951933,901.8577341075609,-269.0356189211245,200.7230264034863,-660.9617198263711,894.7213866580023,-490.2175569359726,639.5776255050764,-460.08163681433814,-30.911442242708176
random-sign,nan,451.20738467435945,-755.2852842059739,293.6664205437212,533.5928165731955,-76.65376683150589,264.74890045055486,323.0261264422136,-228.55371633077243,-151.3446937324794,-39.81243763096052,698.9908800426413,-351.75832717629453,110.48751808120255,-824.896282222846,-422.62274757835064,31.270720950546547,807.502245741663,-669.2858685070939,816.1516981206946,160.24935472288735,-146.0978901487307,-696.1117232780914,855.7990732927801
random-sign,-0.030066754944773844,-690.3043087915919,350.0109868183931,-862.4144894318526,222.12282134943734,-706.584896476403,654.8347091642545,-919.0862118500418,-851.2042512795692,644.3433629944402,-268.19990999588447,-908.8566322773272,501.84137690562466,-256.2500519735063,419.66741697072916,-9.023184528088791,934.9707766206677,-151.5991499210014,315.54036662358317,-94.6402021191484,-191.39438329459097,580.7145128793218,364.7016554746415
random-sign,-0.07315329530537984,-304.87065465962587,480.48016823986995,-768.1416231023063,286.37896223613075,-935.1900097429127,-304.211830148549,200.51080721640074,-273.64207519352317,-379.3317601938817,-576.3307534234716,393.9143493836359,-874.9137207554669,-92.18360429586596,-189.21516388258146,777.7150998997008,82.09266343033642,30.730657033979924,-32.05130675002238,875.8006681225011
random-sign,19.367187658855563,8.261554517325294,-163.26858836235454,-139.1567409903247,804.1351049349016,-864.2168954326384,38.44650111386545,-246.7309456974491,-956.6633222457243,344.66919499516143,622.4037352491516,-675.3021310119802,-252.42271690026303,-576.5756754388758,-616.8760464262207,525.7245584649422,278.84792204131054,-848.8855177425596,-371.15657094004644,-865.9973564584395,560.8023736631535,-964.1395017677747,-0.5919407811794599,-632.3347129896911
random-sign,0.03322241327954245,-546.5495720139929,-629.5453688942663,541.0843302921546,60.537098802502214,-506.22277040613375,121.2384584311369,-927.4425774827664,790.781100713747,947.2368910484631,-60.37823929731826,-124.92061984022598,-602.399546141525,988.0753012060761,912.7110469543256,-290.62067322399105,-302.9337797136378
random-sign,-0.295067943256898,-331.48927572385765,865.2174464423795,115.23496993703566,-543.3839328855261,135.80285369657577,499.17918819450756,-42.581715494774244,-803.6461921585785,585.4132315894828,787.1334713137337,751.5275447174624,388.16722260816164,-95.41038732883237,799.8387774444268,-997.1235015740942
random-sign,1.5183575065017503,-56.39305400995215,213.65267518292376,-327.8378258938934,577.7270996175412,-238.63670646847754,-753.6092934033259,76.66182920079768,-267.16685486149765,687.2239377859887,377.3405625865937,390.32071207622084,-115.77974811395597,317.8281802895767,880.4302514118817,845.2512747439255
random-sign,-0.17323771788003584,-317.09538958312703,-643.395431828997,-500.69794730888884,596.9127945839357,740.4794830587168,392.17126164002457,-116.44791871632299,142.43639304834073,-636.1552507261458,-461.33138989767406,731.488114574765,411.72065409494417,-385.5015719922583,-491.0103084673847,-864.6895181958816,-11.66597716635215,805.791541965802,-485.2991432904006,418.35421172832935
random-sign,0.05991515841580641,-12.722665089391512,-777.5015460411663,927.1639496289708,785.2088210521579,-97.72928213382295,353.4593309679881,128.80693857400001,416.87274331265166,-611.0727084994629,221.96371822560332,61.43956589675895,-959.4546578663629,224.65229902092597,-122.78666029567535,-990.1472243209648,-400.45301441460833,774.1278723179691,-958.8339547672554,-348.5559144083468,469.85406696786754
random-sign,-0.06976241839491426,-298.1896696043751,-996.6184220132775,69.76260480511405,-126.59324983346119,-704.6962359046589,597.4128639071678,594.8501215122142,368.67699012875005
random-sign,nan,-972.5822783497184,-629.7424212672879,-751.5385477165495,-560.4731130600619,489.7986768398114,327.19141688567856,-915.0559663725411
random-sign,0.05306696229171637,-113.64566383529359,650.2502134277581,354.5874016353564,147.3488055601822,-724.5473257319561,-376.3888530082294,-989.5072958202162,-352.7322784278864,728.0394031322551,-790.3657547843792,-129.0703625944734,-771.6482084335116,847.8696809150401,842.3957531716712,-748.1868672818712,558.6889414107211,-276.9321011528873,767.1088966295149,-212.90336729425735,614.1696340191518,871.825040290847,-118.98945198696481,990.6694991058973,-637.6680329166078,-301.48874005581195
random-sign,0.1465514548931024,-49.08871483957512,-585.1298269797622,42.840505852899696,273.4750949284062,596.8882011237522
random-sign,nan,-732.9989192803262,374.3455484604067,-78.61509365850304,-648.993645474774,-631.6737739938405,587.9706043230408,386.84943711939763,-888.2460392000711,354.8138356093614,-764.1596315160755,-18.227228268331373,-796.8117924901799
random-sign,-0.00955984524946718,15.994233456199936,-739.969588844952,838.4336158389553,642.9583158064802,399.6895306158149,498.73542132892544,-750.2844416751244,-229.25065020312707,-633.3706887744346
random-sign,0.09817972889964777,-799.2417684255981,-32.88208915446637,479.7428740100795,516.2846156822739,53.6345482000595,476.1131539307264,-320.8740400527861,-259.15514434288104,-121.87144179152585,-737.1288854583156,-828.5960703152634,850.551211336284,617.0411398547851,742.1008231182418
random-sign,nan,-85.60865737362963,112.97023555952615,-52.903412414422064
random-sign,-0.17351306323698312,464.93151901033866,225.95540604539997,512.7836035370331,644.3218709164944,6.975988304976227,-228.42431641001554,-654.3186978609527
random-sign,-0.10924389627597608,-551.2562251526933,-294.18693800731205,45.20617586755793,439.9358967782516,-823.8258157415332,-326.3055936275423,-156.18512859956786,686.7777514108498,341.53596527966124
random-sign,nan,754.6713305168885,901.3276869702493,843.9085161449134,263.8975426126831,974.7188188719724,-559.684337584073,471.21160655133554,295.21894372248767,-378.524122234013,349.5778497687543,194.04573054160664
random-sign,nan,622.945991724235,976.9467910627284,877.7440078814927,840.7617150076051,-506.21767811992544,834.7837974142012
random-sign,-0.14368898660882135,-98.73694249751509,-828.1321467248821,-690.926188527364,896.4043215479205,-957.259585737729,223.52639313450868,739.3820026528424
random-sign,0.12792535797961313,-677.6193021880341,934.361016221729,375.0958297612401,-753.4862591501447,-667.5457079207283,651.429671428958,-485.10317866470416,-334.62100941248195,641.6474414161771,0.6657964058393873,-33.64646012145454,411.79413744544513,721.3925896390351
random-sign,-0.06044196745146502,-471.46806007956354,233.60661436267264,-570.1440546463199,-491.15453346863114,-698.3265770500822,437.70198368554384,-216.81252792785767,-514.5163772561996,409.7938462349273,-265.1293013615259,529.6202332873393,842.3200976250289
random-sign,0.02455326938223723,982.8696608033481,-660.8717832503281,899.0908710986776,-516.7952813237771,926.3593722862131,-37.2590682502223,-304.0450081678255,-769.4227891430063,566.0491118661057,607.7820471833259,542.0647143733459,-512.0121393191956,37.268326701182104,956.4188833200985,-671.8073388738657,378.82905159350094,-319.5470871327111,131.5047759670615,42.20110586823512,-704.3435008444578,-986.7955319552133,-991.5091140565111,-610.4218177777765
random-sign,nan,461.65696660564845,70.18449407782805,-276.6498919995297,-759.0781426857665,693.65669153043,-202.48763976130022,893.4460976303706,253.41857758611127,-505.0927646250947,-299.68518415122514,220.16455333141766,-939.3832605129994,828.2210058683081,149.49715621692008,-542.6718759397595,743.644981246345,241.27266678917476
random-sign,-0.4371068350067078,175.48701721736234,-887.4694344274272,517.4068683726332,-217.38963245862135,-248.33159822685877,-397.7738028058351,344.6167902483571,-369.557318058801,762.6141158219914,-116.98289712371229,-453.5616603108306,-328.9767141355719,-793.6207871848378,-637.8001922773365,528.695300635979,-98.12875269322399,110.63581132348872
random-sign,-0.6027502630527662,85.09338531150138,-549.1923761690571,407.5177905848152,863.501514726607,-51.746472517848474,-128.42265387512919
random-sign,-0.14273155670488213,-975.3194284483635,-641.9225460357876,-951.9312687428226,-26.062052751512283,294.70860001387405,916.2145212302396,-734.5091379283319,-797.415564019188,486.0310325529231,-809.4064279863092,-156.38991477068225,494.99164313231313,480.759865020731,740.4402604339882,-3.8642197263949356,-699.254119023631,-708.6426320446458,-130.2775320940732,-997.3269993637091,733.1916376757752,507.33763528680447,166.556769513071
random-sign,-0.054510339731907,873.5727784537073,896.437395060289,-123.05638703146315,-656.180241080861,-83.51006354629374,-528.0026157769897,-637.6688501610795,790.8230935219599,19.76520593953967,206.92324809071692,710.2325514327129,206.25105520426678,-133.1940877476061,-859.3158003697434,685.47091869152,193.27729949371383,-934.4322683206481
random-sign,-0.028611464219445604,691.439692324398,-482.3049105875599,279.7964573506381,-149.61319843417755,-292.241561972157
random-sign,nan,990.7439522925545,2.384325711387987,-237.5487275275334,-484.6418364095522,-124.80961713934221,103.57534865451885,-185.03700325462444,969.4936332806792,910.5753073155804,783.6143621275555
random-sign,-0.3082440551339368,-171.76921582419834,333.6959062264814,-579.0461028076772,500.0036370839839,-724.1829951758765,902.7971712731178,260.79352831610777,-654.4733330351138,-345.0015202021916,-190.03634344149953,116.30862318728555,528.8452068180586,-595.6566575208722,-395.9593631594473,-560.6703170785752,-197.76131215382281,-347.0285896322624,-196.88934916467633,-546.1771960273436,791.1831758986975
random-sign,3.5417257364640786,-166.23095771122973,696.0751066075227,79.2643844497884,853.2967845726675,-72.84480950275474,398.5192196617445,-61.592588916436625,-363.37104419198374,-309.2921073774861,433.9708359836875
random-sign,-0.17095172263798475,-427.6625884439576,-822.1777749658386,-564.2180354626818,-622.5194378899448,452.264291214796,-551.4090536112401,827.0655543110204,915.905418037876,-811.7142479094052,519.9646641825871,145.52364411187,225.63975483476656,-428.30640679163423
random-sign,-0.049149029949384304,-632.4448718840724,-821.1839496151125,456.1838772316187,-916.1720875777421,662.0962110531489,969.4285570683928
random-sign,-0.12309671224046936,-421.5153458510954,-904.5839907308399,35.208918599779054,-30.79964085088443,-736.1742718659793,-108.96333991820461,181.97761941906424,-105.06965119681968,-977.4732273187811,383.1054063654119,-759.3606238264616,-906.7902702923361,156.1874031883117,-108.04399046157505,445.11465725935636,-930.0152291614423,-563.1561712359465,163.97511317748422,259.15600673558265,-100.9742812002088,711.4022003579948,405.87871706025294
random-sign,-0.12931818564385955,973.5468354492077,943.9428026847099,-817.1825149189041,533.4859108879098,620.6527622687483,262.1711604836871,-950.0074296454684,-459.4918855422811
random-sign,-0.17860479864023393,-201.5426750478706,-163.30942498560512,-509.69097418674215,450.63704833839483,-25.77357317892836,296.35936313475986,924.5958530970429,312.6370449602323,-370.9816021798224,789.1165637264535,-380.1807528984149,138.51047357037237,894.0720955527779,-241.0317129127743,-986.387129960579,-391.9241709736651,457.43072386902645
random-sign,0.1285650188482781,-357.4586329542037,175.58476019588693,-827.3047409867536,959.1073051001977,-651.4476069456003,-587.6237685545623,720.4107515486664,-141.10990308519638,275.99677442703137,978.8556502056254,-255.6354208551861,72.64899019950508,874.2194230981356,954.5860387757018,5.749214837609884,-999.0992107271069
random-sign,nan,269.8837871652829,869.2566335996692,951.9528964247281,-65.25322775767654,888.3372517196863,-116.84613843473187,525.7338226716477
random-sign,nan,-870.4054172212655,245.96516868682625,-907.5833337226336,-492.3722002059641,-647.4225671047475,-640.7867246077974,-632.1923386760253
random-sign,-0.46010438860062675,55.884426490149735,-732.5384500272323,277.3230506526181,55.00545286525198
random-sign,0.10582016511595493,-797.076458089923,936.0293284994912,443.9626213513134,507.191448049726,-373.8155957888996,78.90968519486069,-173.30963657503196,-659.4958720042994,-367.4132037936255
random-sign,0.047243949700958465,608.2803221230954,-692.303380863003,77.92900937839158,-327.34238304348537,655.9517802007338,252.6393825342202,-730.3598341395096,-188.41850999013343,-624.8771495055771,669.5934006799862,-277.54859235842514,-468.7095303276541,849.5199473813354,729.6921015678663,394.0852367972043,-770.6147037147291,-820.1600280843684,-741.7009473160795,484.9234367770846,-180.16825218325857,-76.94825525421868,-45.14777814314823,865.7861904207921,799.083127973224
random-sign,-0.05812964410739696,-472.69489571108613,467.5337327908926,531.4422006519669,-724.8262990407568,-538.670476366438,84.87249467426977,527.917737135318,634.8100206370211,-564.8177711619428,-166.39968487808358,956.8258618836519,432.4497237606854,199.16264710171117,-60.95241439415781,742.4430433199677,30.83462841476262,-107.86943688716178,-331.97365018498124,-339.6518242904905,-691.3872278734343
random-sign,-0.4827909403857359,287.36226081900804,489.42757227516086,875.1152176065043,-623.3002720102394
random-sign,-0.9731728485713168,757.1050108104653,-821.7047029360283,625.0722919035732,-16.19214912221105
random-sign,nan,213.36204085325903,-654.7964971694935,720.5534361814427,820.9524624303392,83.64070180668182,-91.03062620847106,390.713589729522,449.89771057276516,-954.8473600066108,760.254241367692,-733.0428603202388,-738.831182732584,281.925913812677,647.8207200849461,-708.8153767666008,81.22900451198007,340.73511377788213,860.9866720448076,825.0106861016643,501.3116896469255,-172.65403941968498,-141.40781700876312,-948.6935835827924,646.1099530197114
random-sign,0.15961438186320276,773.9435774696815,-588.43644792803,609.2746885320776,578.7983495654728,13.953708443767141,-921.6137662651431,-647.3952102301952,315.57709738432163,-639.8725444908573,-515.8654078061331,-152.53637246835797,0.565686793914324,-817.7283616583125
random-sign,nan,-517.3306084844864,942.3198032856803,-432.36490963005326,-158.1953968118272,-372.2254348557228,831.5153920883599,-68.77426450469625,-686.4350763171938,876.7153980161079,-451.6487538125955,209.66659789585515,-427.29630925772824,840.3630998231326,-206.19156862047714,-743.9807176522924,-821.7538884218569,-804.0083714523716
random-sign,0.0053260228163352075,115.9311174753916,454.5288413137864,-830.0690533060595,515.7779865777643,706.0807955314801,950.982913728152,223.2937292648735,-759.9268809555291,3.2868132515277466,-668.737968513685,570.4040272583627,1.4624063741690634,124.67901554477294,-827.140365081877,262.2225480552722,398.21116054119057,-530.0532966480839,-853.8553708847387,836.8647038109518,-816.7560297218397,829.4259582123016,-805.9643806617147
random-sign,nan,958.2998484934012,-602.278083962296,597.2813149920976,825.6672604749469,19.274861912171218,388.96226749132734,481.14256634671415,-104.22329995221764,-431.81305113293695,-294.8154007868866,377.9266194552872,-339.6580633036166,242.8174065185667,-561.1295184809132,-622.1334613520395,-445.95091566572466,837.3835010343757,672.8691748684005,139.14163926858373,110.08582490109438,696.8639807191632
random-sign,-0.08911531123539818,654.4580865197215,80.48252133585697,-665.3524432472491,340.836517594621,-171.36831750822455,873.0076405611846,-37.67228047510355,462.7042129937349,970.1669954007068,-590.1133351929795,485.9934220235705,652.42728010221,-474.83660607765273,-61.76217364397928,-955.3527988627568,975.3766546387642,-488.3692798255141,541.2179549153907,-903.4556574919466,-991.5400411651565,828.5955278381891
random-sign,0.08991596654283551,-993.7843184522815,555.6298141646976,764.5485519425329,-925.4028232781832,840.4221853887755,-368.0066501483948,875.8960923925356,-711.553377283779,131.0102988836752
random-sign,-0.013735126161724898,514.5249502012239,8.331785368147052,932.1334383929695,-380.50699061209525,690.6623447229322,-886.800930534204,-795.4512451889209
random-sign,0.08877214192968408,-843.0465506419202,272.64334065132493,354.3206801995759,-258.0779346150466,135.53351826791004,453.7623017053995,-349.9952004956415,-354.58172036092583,-840.372324316551,815.5546603686364,578.1340807097697,-268.84340430251234,-441.15317722976636,25.623007887771337,-1.9421071623271473,-679.9731893655725,18.399108416704507,401.0121442754148,933.63879582032,94.16554792074794,889.2024198033816,694.3957816929892,996.65369335577
random-sign,nan,221.44442822629753,-454.59667862398146,984.1287878036599,257.78851615774147,894.8207375081581,-290.17035293244,292.49722005175,249.40350194618622,643.568538264459,-885.027822301973,179.8231682725957,896.6251242064372
random-sign,-0.4629854897357173,-328.5395701838447,-847.8821512667025,-880.5056693692168,601.4115281627817,271.63016460924905,-463.5680397502606,-46.8632227744821,-349.2074077357395,452.1973378584421,-324.4886564582996,-517.0880520877695,35.34545662673281,957.3329393603663,-676.147145368974,-608.9618017248811,719.0084992663863,-454.02532847747045,151.58582184786906
random-sign,-0.08216499697595969,37.032101844431736,-555.2771611375149,52.14816167765457,-514.019250586962,-581.1579070336018,-679.5188831889491,473.8674256935474,3.8817026774173655,-432.7034281752906,731.748428428667,934.0489262994254,-270.36897438294534,-316.8760420470343,152.66399560567697,127.48853980616036
random-sign,-0.003658481271595182,-637.801961511627,613.5096146496678,-693.0468331044199,-85.91825602101767,385.35663312912607,-227.834597905995,332.82889839746895,62.08320529901175,237.07389934808293
random-sign,-0.31300087406925314,55.28870363737951,892.4249664787692,-51.42414478638966,-349.32828056990854,-552.0936338007838,-25.08644498171452,-708.5312534838071,129.7162977213975,108.19009217206758,988.6076385764022,-871.7150730960182,553.1871931306268,736.3474141791887,513.024165973666,372.56097702926604,844.5406726448707,425.052565466347,998.9100169330316,-671.7797418125047,-516.7220647274602
random-sign,-0.13581784929880047,538.0563630783693,-253.07558343625283,494.7803883452491,-152.31772954194025,-582.4492295274362,-966.4658333961664,-966.6483387966808,712.804741813243,-963.5057595088317,-878.8374665951563,-628.6980943577072,-714.4632736849654,449.94879092831866,138.30611743693112,576.1932524318545,191.34964260741708,-790.4966076951008,-85.55280039510183,-19.84045651646295,945.7794943443337
random-sign,-0.3180751298978368,-39.75206568658484,957.7134019234729,-3.526042400521419,-95.52241253268187,46.154606068656676,570.7332655062721,-516.8362605343498
random-sign,0.7290288246324854,553.2916438210211,-871.6644491216255,194.32829201915843,66.32179609812465,-888.8700757871155,-202.11812121554738,-758.2038567667424,871.3371744527235,278.4276582804175,-642.3595442923499,-785.3500991007056,-78.99476782354361,242.52816761725512,-394.0194397733245,-670.6452633686164,-596.366622847029,906.7556083245927,-314.03514806380576,683.623633910129,640.693972997519,-65.83558408731346,-520.6475067910084
random-sign,1.4438803853768825,381.4315873822429,-837.3779443269165,43.97674261977227,-735.9493779771824,-65.18427868159233,522.7180478381745,-217.29999520538797,707.1391143141564,-673.3183679305125,611.8426613149618,849.0578986649894,-122.15703677517183,-624.2280550827752,250.1460361488173,589.8140158288484,-819.9604293205542,-899.8715282416194,539.3087643329545,-313.9801778116655
random-sign,0.08697304422588581,-813.6365119556848,-234.057003877699,-672.5523571425135,829.7236472658865,-255.2278531217662,534.4629155902733,226.88206822215238,824.9943545883611,38.21832213308653,-803.2967045665475,722.5660743648332,563.528680200621,538.4983814115976,505.8559045157947,-727.5326139286356,-533.541323775579,464.0339999588289,-972.3786542984024,617.5153030725487,-119.16487330145037,865.2343439870042,-849.1205534585184
random-sign,nan,-142.67026574233466,259.2091074606385,-621.3071922177164
random-sign,0.24223629046653294,207.92473687450638,-322.1990996338633,-47.30664909667939,213.73380457581948,-401.66607693874835,-370.8499603454643,127.25426637674423,319.30737599184727,-600.8035119298969,948.6039056354778,33.531447674534775,954.0702587655164,421.39957955854584,145.05159410532497,-2.0815837940626807
random-sign,nan,641.3797277608946,257.8176800743736,-97.92066086815646,148.85638962786538
random-sign,-0.056090140446002024,287.4870202419322,-208.20514100641276,589.554538971103,311.55440835277636,338.70423174794155,934.367716002819,-288.8276953296149,668.6497954761307,48.05985271383702,-663.1602427096788,441.5001490335769,-21.478632475907716,121.95615598224549,209.40561456465025,-726.5534325216101,-896.1619265269117
random-sign,-0.21743327083718766,701.5259252152896,-258.62167300364126,-750.4085904414778,-992.820588308712,828.2467661135854,-842.1432541520544,823.83286010911
random-sign,nan,-976.7591390349002,939.5584131835003,-214.17018538112825,-299.6340369681408,139.58915403957735,64.31697164621914,-673.1491902155486
random-sign,0.027002900614509606,-436.32408111735856,-959.4328968541795,-291.2492398737578,-406.3798609218745,781.7249151614303,208.23715610179443,896.8047319249545,269.1469983821976,-44.71680577205666,235.56867629049248
random-sign,-0.2713497972238095,600.8023566036115,258.56805756160657,458.3895926237765,-433.97178393098,-196.54898807674635
random-sign,-0.03980860436681022,-585.7007071049003,321.43698523291187,603.3971461626816,544.3332846797732,192.9555458966579,662.5874117954334,-548.1511798172,631.3908042210744,785.4394120566103,-195.92721975058282,208.90889695228998,-664.9247615338261,-971.2249146586878,-878.0247032199565,805.9459370915536,-218.94232097637678,-336.41550032148416,-367.6494888412301,429.95348554685916,107.4069786060395,11.61779803994807
random-sign,-0.5204090055103865,975.3850151031659,389.7525129422447,831.9242767294577,-596.2236695561605
random-sign,1.7773176395405308,70.58827022076343,133.3364506925027,-914.799823854554
random-sign,-0.1374389477066823,-56.874912751081524,-3.385506182492122,256.7424485521167,-503.7190742257716,27.659822697280788,18.84053224600143,-902.9703794670233,-480.1114819422561,657.3116330265109,-297.73872490295776,-51.179176711072955,72.18444781973562,-534.626599370257,869.9244869037409
random-sign,0.7494253160922424,-664.6908640226736,597.3636190559973,546.0026139599115,205.97905903086053,672.127090143528,951.9402097408781,-950.8527054818235,-191.65380482021988,761.0562690333682,976.8291147434506,-941.8055547661679,95.05577600262563,870.882444414719,731.2971286187194,477.57926128498957
random-sign,0.4258741111547846,593.9437253832266,-842.3013012888971,887.0568055647786,-176.26740560032067,-757.5990269456414,-736.8724357151419,-672.1678728916522,-452.4027966563791,871.2749357139139,-759.4358349884544,175.10477467794726,551.3793310926214,694.9698197762036,-282.6283648548771,276.450089249234,372.02576143021747,-284.02914948296075,895.4479158039926,-12.087597927973775,88.82971745744976,-304.90080285188515,-302.24011666689796,-696.7592817419041
random-sign,1.2042051966677239,434.7738926706513,-481.1458412275181,-746.4420021724965,-874.8691512916862,641.3461917143507,-44.68505215678567,-856.7380580618187
random-sign,0.15578831686464967,717.8366432248897,151.807208506611,665.1789730924702,-583.804194808549,42.020295726881386,-929.6029758761026,-481.55748821993336,-621.1399905843282,-626.0701500323578,392.18201214687565,782.8373055332715,-256.3264483598358,-293.1103457801072,480.7973244856141,-327.5293934828594,253.40851329919383,-775.7449613058558,-784.4880229722091,-641.5077959742171,998.5260811831486,-661.6711943760594
random-sign,-0.003915476044749622,973.013765074377,425.71858565182106,-120.8391158845252,197.5706108171653,540.423139235998,-747.0045531690039,-962.1215623361857,-505.9809916569882,881.8147237680732,424.1943425966906,493.2776857208321,97.91679070869645,671.7668127871318,-229.36578404030956,-881.1235029973632,-152.13858080717,-799.4987224256181,-228.6891751406281
random-sign,-0.006633456243290703,-144.64234486676241,290.469519534003,776.6698990617408,-299.0037486409162,-781.3213274036552,-674.8442619077455,762.9950647032199,-143.54670520386037,-978.5825609757552,940.5781645811358,354.89841106606036,-169.58263122965263,555.951856225731,911.8802179698669,772.5255046555014,-774.9673366094547,-946.9892488775209,-272.59175814428386,735.8012091920214,-573.5141995125934,-236.1763162873765,94.51965202380165,-430.4941644500808,77.4924142793061,191.1576793809436
random-sign,-0.08561943736544919,858.1603937350117,559.0674992149486,900.3211213228224,21.15894459624053,-221.11903758597327,987.4412052548314,-726.9031396717616,-44.66789987967218,799.7667397982016,813.6225682141016,-37.40272914646357,791.5375294972407,-48.096696592128296,-483.15649453102026,227.5605041441661,-970.2422734685341,-827.6736870503534,112.16171246289241,-664.7624869733075,-170.31406878417692,495.5754026158006,136.16123341073353
random-sign,0.23456320473199188,-578.6213895576848,-625.5942485664867,575.6227488043082,889.140995647957,-125.28992704821667,-576.1474954963475,-297.93625397583617,371.12306010700263,949.2254206612931,536.7908389359327,692.7804392073774,376.331392102192,617.1180321394731,795.3701446451066,-994.4900142002319,232.41964342580877,707.7312949533766,640.0558708433834,-648.4738834313741,754.2279295453061,797.0563194416461
random-sign,nan,-973.6815169678497,-214.10126327309524,415.61870567060714,498.3837645109711,-502.53188120478586
random-sign,-0.10610031242028262,643.455738269336,-441.58024482464884,-745.4951885196433,429.9960580765244,29.82399644445286,-34.1246904157058,475.11458304772395,-268.31509201253505,998.6869783721656,938.0330405331654,-713.6677607868835,-410.7545362203542,809.042195176019,651.3770849773068,-653.8684177483241,-196.6794500010683,491.4435437205393,419.55663231161293,198.99886197253954,-757.8656345128079,-360.01423695720837,707.8331029932058,-195.53871322574264,585.4332894351387,-925.4736599442928
random-sign,-0.13062910300336672,340.1816314568632,420.3039819094138,208.7748095963825,-722.6959377980842
random-sign,nan,807.8668502331323,-475.3083650485262,-871.7003379858672,40.21044746731013,524.2893736195883,-84.12716870625218,-64.14290703697077,468.37942559662974,569.9689213031197,-125.68471516581496,164.80160873791033,864.9169659994691,776.6822169451218,865.9838049883595,469.40482254036806
random-sign,nan,933.4520059523034,-386.0634790857554,151.70108178141572,717.674424676128
random-sign,nan,-458.4979869980392,-405.5740239509913,-462.99840119973453,672.4246972815738,-697.0053025475117,-496.49353351672863,440.48572073502373,647.304218113987,-355.099523865892,21.31119862457865,6.3093277439338635,419.3050369142095,-730.8634227407515,-36.96649897913426,-925.9055422106978,-317.7874262456987,-706.9505055817165,-10.064493978683117
random-sign,-0.28404060877546666,-485.90650517769075,235.22646210582639,904.3074828109341,-789.7032143562153,-107.72114701669761,-881.6119008618346,-841.9569845119612,-354.60479572335805,-71.96178182300298,571.9525499377198,-875.1791803432876,-554.2989663271811,936.922727496489
random-sign,2.9528580884040836,-152.9167439927004,327.559194997772,828.8802299298077,865.028388956506,564.5254388953197,511.8204912708711,590.9390607216712,-42.418849021486494,226.2635363291272,-207.0713648416364,-821.335303408536,147.51177302394808,773.103705813747,288.5289046786961,152.29069865305564,-864.4739261918753,51.204089871149336,718.128160828674,383.8783889581964
random-sign,0.00665537822925466,979.3871682576744,-265.3828436328573,-732.1972087547728,-53.630190397656634,675.6678894091046,-216.376117107945,-644.2897991802017,55.776828693290554,-518.6714933249879,-671.7113418976121,333.1569412722765,58.21913504662166,474.57279954147975,-523.510288993305,44.86901403408433,-108.37741160380904,898.7640881831348,886.5970026189536,-243.99355666169242,-396.10430199601194
random-sign,nan,-86.76597670055969,50.90240659826941,-104.82527575899451,-764.2244159702527,-840.5350368090469,667.022153453895,-589.7208868243908,-790.6078606222693,928.8555886054442,-309.55041641314665,-876.1739538382208
random-sign,0.8240930584534603,28.297474935964146,-42.191381251936946,-17.193620898025188
random-sign,-0.12901582058741734,110.24256505275866,764.2840735473869,-775.8320643125176,-408.0088929593844,-906.1218563396895,-631.3616793971113,-734.8679830288418,-748.0983190786066,761.2004875602493,119.6973517836293,156.75010125241488,-11.852238637698633,105.03048587097169,309.3055576141189,208.20095381329998
random-sign,-0.009525813427016194,860.0002573695399,4.60198440230954,396.20712714526553,259.6376029718226,785.6444831875733,992.1020828964231,-13.89791084762112,-994.814795043048,4.12133035256295,-262.13840642626815,-396.2657001503891,-606.3056356800156,620.6975838967558,-660.6308981784268,-678.165365446314,-83.15259003115784
random-sign,-0.32499909175931807,711.8700843034037,-152.18708894380973,303.47658414437797,678.933925045646,888.8955878764275,17.552101711364912,-436.97793150617656,827.3119859536798,-191.7721431670385,949.9937447493933,-870.1067421785624
random-sign,-0.042082557661708764,-351.7498669057418,94.58026684206084,-93.32534530430144,787.939219843885,936.6587750783754,-695.0642673561163,853.6436372780142,400.73338364240453,-248.5505876854255,-144.67171954138428,-221.58020589356227,175.82743122622264,145.7226333608205,997.2396621907692,659.6327890330663,17.139488737193233,-356.1767911676832,-587.879610752605,175.30034986388773,-874.9537815794455,-639.7504447442575
random-sign,-0.1606005569818042,891.7003421730217,815.8476847473632,-901.6702613465355,921.6058637871406,637.671920281427,554.5137570990207,-98.66164295593148,86.96301557327433,910.7995140520916,-597.5488823210455,-968.743954733057
random-sign,nan,-651.1435388063802,486.8931528703815,-693.4300057532307
random-sign,nan,731.8373909755201,-821.0740202059105,-18.62197565591316,912.4948566145085,134.79382965443097
random-sign,nan,-668.2098632467786,-230.18675241907727,144.75722990981558,848.2096554454749,-506.2821531798776,344.98132497219603,-412.46577101411265
random-sign,-0.04155147200646192,-731.2089859610658,641.4432672393884,-97.07238523679518,-428.8244397203571,-843.0335967619704,790.9296292475603,-233.79396454028506,207.12653332115883,-41.999870234695095,541.5778741625043,-23.487720980816448
random-sign,0.11508271368916634,394.5288241781934,-395.37060170709503,-633.9387634054317,819.2131452333067,-182.39145712533286,834.0627235820741,-947.1726926396935,-504.719989889558,167.63562429760054,-48.30010434707435,75.71537491284153,228.4450628459108,-147.8593287070804,-500.98700322163614,726.2810851963243,504.5683583557352
random-sign,nan,-369.91596223375666,-391.9652836456203,799.6712879028487,24.299253206144613,-590.88707264301,862.898122256692,-552.8164090262605,-352.33773519334636,-793.286999204126,-309.79031686978203,-124.10125176641259,-227.99614206370381,-378.67628264091957,159.5499651902103,190.70495478006592,-929.9033288925351,878.3300893086066,126.93425434387223,-379.5639882267743,117.33805589514259,516.6980953857972,624.4539212651446,-763.9054192815657,-177.60639413028503
random-sign,0.01670768290265845,-963.3372697616271,217.14506723587442,342.42956556715376,-603.2919789419384,120.65044017599826,955.5944146045524
random-sign,-0.20470244330548593,-704.0301975151256,-346.00745853723197,-83.26210124051033,-383.300473961105,265.5003256039133,983.9722351816849,-208.7705352139768,-762.3030922595028,-843.0455971218711,-147.65245225429032,-750.014568354381,160.28087485823335,-269.9320774617297,-113.58819184438755,-9.58609424984445,689.8310168330986
random-sign,-0.11512798323699147,-710.3749035990708,-13.21697086095935,-715.3797391385144,729.6833906324778,-926.79750537931,142.62820916679084,341.4881458550599,-212.30244189356108,-840.516528708778,93.07622798054376,-974.8441395301395,278.44422001572684,-420.79794603253356,-361.01513504635614,864.7643140354519,-733.4347476803412,973.9129032290873,-441.49231288429155,976.709443978199,-864.1063637720176,463.6923565333898,-677.5893072839888,633.7019631207665
random-sign,0.4527689172186262,-807.1240863318762,201.60354983953152,745.4116647576952,392.99420615351437,946.8669189431773,-236.26565896659497,-968.1935508383508,939.3889330760021,422.40949732547574,724.8260918291744,-403.2640672657179,531.5422114235571,-33.61175264872941,-707.4959960321845,525.4137772701783,49.377057486980675,979.7472706189303
random-sign,-0.14214669547164926,859.2957619187234,-321.48839102224326,767.6194099590809,655.035840277101,545.6993763711876,-279.99087856784536,-241.91693955281823,-944.7649188090503,-52.19436958721201,145.45531359204506
random-sign,0.09980937392448319,-105.12926356054584,91.56912646214869,-258.9273421228045,-583.1021546005088,-107.34088214611211,332.0451318972623,-435.0069381098705,-847.1574247560518,274.2092081746573,761.4172853029149,947.5812989920744,-801.7734774619967,880.130099438557,-373.0706935145638,980.403187522548,785.9001910433867,218.43172018628024,528.2432292723608,151.45435750233923,-766.5102120425715,375.9019755941731,-802.9326828448083,527.2345975374476
random-sign,-0.02744762708693438,670.5965003054698,572.2252944460147,937.6126449950998,701.1364142558471,-543.6935472056568,-95.47512481117246,105.17906384001913,817.2589652777306,-137.48193367918702,488.0751069617986,690.0015703086015,547.0710454517334,-204.2211513771515,-964.7356306501426,216.23315319391804,38.51319551002621,-86.26224988975957,227.92571887899817,-600.9504910535906,-619.106416107718,-627.0620648576271,-867.8583229269308,126.26767528941787
random-sign,nan,829.1884536033135,177.82536550518694,962.0411583471512,166.75763459544328,-116.88318295871954,186.42611907149694,676.6192564438502,-451.25792712033876,173.01155029414394
random-sign,3.1083802398737337,199.71455305510995,-734.9298263854012,-261.2604298154091,-260.3664764498943,-381.17499743424264,-204.08983176465028,-224.47199703882495,-796.5831118203848,292.353315358062,-208.59384460447927,840.5867259978738,158.51384330281303,164.37459616605838,-341.2361594208369,280.2315032597353,660.7279248627651,748.8025167301446,962.0498808469533,-396.85731732929,-892.7297079226872,-431.98471641008405,-229.07608559541325
random-sign,-0.009845955398866346,868.1497322836194,318.54358619885033,867.9918850048205,-293.0499987908423,-702.402124510533,-688.9396588064649,454.882262339647,-165.1442358427446,-992.3980804311418,883.7141437793243,-797.6484823548321,859.5943094983136,570.8686983688599,-604.6737308968197,-386.344118825803,-67.376105096419,589.3343185327062,-587.2966956008123,-19.165614814340643
random-sign,0.15879215423193793,227.99142193631315,879.4078934283696,-546.2763440126989,-902.6079319634448
random-sign,-0.012490932114580633,703.4690059050386,-9.521234938824477,-223.38040112357385,347.5644258258699,-785.1934920824768
random-sign,-0.27008833202122917,-347.93552638571975,-321.65270649593185,452.5306478913833,-122.38658590891168,-690.267072839674,324.7986937372614,169.0814919333436
random-sign,0.004804051905716644,-344.44298447505423,5.755477123489072,243.7404731343372,386.0835188103474,107.03423524047116,-195.40483351780586,37.7532514472025,242.58348661207356,663.1886987921191,106.63020457887751,-282.8743269217233,920.8912870661202,-566.3638383646544,-314.1011117143597,610.2758753090379,-153.86520561264592,-87.49683568327441,-783.8176032228687,-803.7198123009823,142.48564755585812
random-sign,5.573849423612387e-05,-413.2443398285974,-294.88434735197995,-903.1210430779884,284.4804322467544,-766.4435134740381,-316.0334884512308,567.8753502509567,575.8357873015966,-664.1378890257159,130.7147055907219,320.05531127709855,746.7252436969507,213.23682547893304,519.9516973682953
random-sign,-0.056107107843405,70.48347399082559,-795.7687290580742,-237.595074518959,905.3107994719892,-245.0430990925123,-324.6950726672419,-873.1129418869288,477.45487671110163,133.79998567699886,-806.5765188011917,792.038032843953,-361.75675241806096,-526.0582856682433,820.1779001830394,-323.4908549682593,-173.37370026320855,805.1139021524034,-113.11297925756423,-107.58511168113637,-809.9560913892772,-638.973719807641,-319.9293239296794,735.7809466921201,474.9202493605296,446.9620282570968
random-sign,-0.11350174848022232,-170.44997234089294,385.2641290164163,-506.62001210063323,-913.1584739102084,441.7536830882693,733.8600315883789,-373.35087007913774,-682.4698233330573,-249.81145578759595,894.6849175544867
random-sign,-0.14271093396194823,-680.3295789397914,-681.308747359308,113.36135484219471,-941.7106821150608,-57.437318208834995,-918.4212623108781,-983.7214616267387,697.285819836392,351.19634481980734,834.4802888885351,-667.5678575342239,787.1817924153411,-548.0134588130616,-400.9763685787053,703.1099796908234
random-sign,-0.3755816423737267,-134.20156771674272,765.7388598435011,-52.6433882671198,466.49098195756756,987.7117663715433,970.7041199779403,-782.6690599104968,-236.57043888449311
random-sign,nan,547.1760197560018,-59.995337736508304,0.5575952277412171,312.38341349946404,-980.0243158247741,748.0978247149342,-127.55047348919652,712.0640558117627,-216.10102190868986,848.4586668979362
random-sign,0.29463048709196515,980.1914936477806,613.0487172984558,-971.7097359817452,-344.04245901689956,-688.567884725573,-920.2069558827291,73.49364562485152,-74.4193581248353,-972.2805099252847,-867.7376444764936,-165.9444679283397
random-sign,-0.010864071609277048,-329.5771484936936,-413.03105926300043,991.5243159709516,-227.3985432992489,851.1824005566634,410.0734386540214,622.4560456215311,-161.84305635970793,-806.8884259963567,567.9727987421352,-966.3524913837412,-76.12150739026038,363.22957946422434,614.8709954597527,-353.4925620488733,-964.9441354581764
random-sign,-0.004884597719966632,268.2037535018378,334.75704283938603,-69.01843307711795,168.20689922120482,942.3002146623082,441.4181096804598,288.19132542320153,685.4944942163481,283.4654140190232,-329.789137685828,-768.8230650506691,-106.74245902233429,799.3480665854067,-957.7309708947726,961.0978070179879,-755.3004880849368,-242.33895123871082,24.90316948783834,-489.84418107284154,-52.46640561020911,-977.6903043789303,254.67084539779762,-516.3048063013053
random-sign,nan,216.31790250941617,678.0095657275672,-714.1120384482219,227.7384794149384,-218.9129416790705,-348.17189019139573,-57.45427244873929,783.6128564244468,-900.2575368065598,-840.4358277629929,-690.0109108324486,898.0350198336641,955.3170521208656,-216.2970965095236,15.840613994558112,793.2576633014755
random-sign,0.8738529374293018,-747.5568304905054,911.3999688401038,619.0012286408053,573.5108134140746,-118.2082358434908,169.02809409350357
random-sign,-0.00454399670131167,-298.47755661078384,955.3514785063592,357.2737217363858,-496.85905617902694,467.69785825910526,-606.9297214013427,-363.40320154901383
random-sign,-0.46563421689603246,490.93047646806303,675.7933442559222,-631.35489777508,674.7229491249914,308.64400654838937,90.36268563507201,913.1455928013331,-79.36537395321477,-851.0436731438549,-275.8014870729264,-495.37812152637974,-940.0787864883886,992.8626587578981,742.0352463380357,-983.7583399136429,553.7099984734084,530.5273209772656,-172.5767961858537,622.4133550931606,951.0176189902695,446.79040874505654,-19.59649681086728,274.64442683990546,-318.44296331758665
random-sign,-0.18986786774595543,-563.8178991520648,-255.33035216634437,-876.1437240231506,664.13195068694,-40.827589798209374,865.7683307957079,-401.8178509756549
random-sign,0.039796716690805756,-327.4672001527989,-663.0171104352419,-387.34573368761005,-544.6860244714115,235.73912213443418,-296.3885819593472,17.799553127618765,331.2980067210883,919.1128461770804,488.395653082114,-119.58774411578531,-679.6000674076895,-344.9804588739305,-288.6896447065077,562.8805453833938,931.1884238441874,347.7475278660877,-388.4690876239656,655.6539630436771,505.3360818038659,539.6322249452289,-807.8432204222528,455.8060170464121
random-sign,-0.13820750060200615,505.07860145867335,374.5944913151909,846.876173889855,-731.2541869757714,929.529080016177,-346.9933112125359,-373.5913586853841,10.282575621482124,831.7929019193368,-435.3706056758755,-1.4404671403285647,-426.3979233509767,-382.7360657575456,-584.278358847643,202.47413727032585,445.41683313062526,61.2719652707749
random-sign,nan,-42.163197476823484,-700.1961349977598,31.70024786674503,-162.96550593585437,-173.3822714107671,685.1722159251872,-24.66304643042008,361.727068481405,-770.9323136811681,-741.7640331509234,-713.4195533077769,-253.10737132166003,-316.24545366804944
random-sign,0.33285709225515414,-693.565679822199,-41.626533046106715,737.8205285822553,11.061249029706346,779.8659976725819,-874.7283932843801,129.78325950926455,978.2901916178992,830.9087301386855,-352.420297442432,-241.08221277991743,747.7590228303773,959.1470051509682,353.7651788232836,-658.5511723290706,512.6458849569849,680.6810196009278,-768.474818279981,-948.7590919912059,995.9694579529262,682.7881491572921,-253.6172070436005,588.1937021177459,29.023019975491252
random-sign,0.28221684237998157,540.0964638723603,-43.84366180621055,-370.5269157035127,-365.20381637754326,513.3300944605703,-789.9353227989168,245.9744886179492,-877.6451302560015,-70.20940290203953,794.6122272707184,588.7854634596915,-952.8446692541914,-651.1274907820177
random-sign,-0.04474111997320496,-480.2057972811025,-134.54035742550423,-287.6618911614462,790.3016122660622,-962.5739186777694,938.599904272709,-478.6385505865993,-998.4659304243078,742.4052911888357,181.19070654495476,-251.6861556116894,487.2873169116517,932.603480945085,-797.9851252369874,85.27003136600956,-504.53564578345134,-510.6369212448414,-166.97330437403514,-160.88889892356906,-468.3598614049165,327.36142240886375,875.3826800397917,268.0982810565513
random-sign,-0.3649287250120925,-414.5801218887217,247.46593658966185,882.6958560436658,500.9321507591037,-161.9434994337778,-398.00614636114835,47.82292747114775
random-sign,-0.013179764804714389,-402.01133147228177,-62.30117768046273,456.0581699076813,-275.16852095454,-565.9645416564247,-273.6767494907806,224.92781924700125,-855.4693630802492,-620.1069468471301,-333.49486292677,583.2838634011539,897.1554951247795,-329.0476981133439,91.61709345321674,116.41003251179927,-344.81883221872,-29.41192172761339,964.6751191266499,500.55650693157213,-16.825997300934205
random-sign,0.13857382289319342,-913.0474570119353,109.17099967134095,-408.79707562567023,873.653098065233,348.3508034286531,803.9133313375653,-189.17972571886435
random-sign,-0.22266869534924005,-331.393631000058,-502.42159838881963,-126.47659800347208,878.6228788725641,-173.81777241889608,-691.652354969111,288.51732697719945,-828.9549641057996,243.50969318653915,-636.2376500917903,811.031307655327
random-sign,0.06292400351202132,-816.3337310947045,26.661613990861042,-315.5385769629828,-725.5176404355088,547.7501456062614,-199.9797566317219,465.1584179538777,-14.15737875093771,-204.54274449621914,638.5940575830664,450.73579078995795,605.2786954174524,-133.19172977228266,199.75334718705972,401.843717426671,212.1599641987566
random-sign,0.9394716584020801,-520.7460503645507,975.8723821778588,147.14500298878988,-186.22838644307342,56.4638890448789
random-sign,-0.7465553309468927,731.9248988484035,803.7967694655749,432.14399841159457,-173.07143773612893
random-sign,0.24017045084828004,-63.511560348318085,-453.2723052191627,-244.92221376338,-47.158886527268464,-152.87846300202102,-426.8615225994787,822.9099846535651,477.70820231586913,987.5542783073718,341.8299411636581,310.57843887746753,897.5513751245137,505.59678576588044,921.47328567716,4.654352071961512,303.20212927975854,677.48482019735,-268.3000688632791,918.5195455971218,18.311754108820196,329.2144098018982
random-sign,0.07237211454192227,497.5003693835977,-639.4987998850306,454.84986154409376,-504.6616140614879,352.5240410961617,878.8091009070135,-743.4634055784992,56.262844502033204,207.21075289148826,-44.36080057273557,-192.7040988750856,259.2173780712101,-983.7901302718303,931.0091608430344,-471.4887395477598,-562.2426142995545,-424.7095969418109,408.9904927520147
random-sign,-0.3544883496468515,761.0541830544139,846.1811724922563,-949.1618467933845,140.00727652905198,-443.9020427691795,251.28894667488134
random-sign,0.060179055344020016,-452.5454965095961,96.60339234977869,611.8412786039823,385.0594091322919,360.4861514023753,197.1715919683752,89.38068541791995,-298.43451626230205,-0.31472932370536455,-957.874974636747,981.4512349145671,-742.4959923109213,42.67989432104491,-890.58502671364,941.6828748369426,-951.9231126138392,-161.09077799238776,-531.0630553606443,693.7021743418863
random-sign,-0.06346120042722081,-563.9723680183997,-625.955641710537,-285.5245055061042,-197.89337461325113,-475.1588427794011,367.3490682238328,-313.88257006725075,799.9644279888194,-7.8279349754652685,501.19695650774133,115.16742398938163,-245.91856973401207,331.9562437002171,-589.945009649387,139.225131881243,300.94410592916347
random-sign,0.1972458607901404,-189.60231672826944,-278.5945329013406,-32.82338052096213,-748.6353067756218,328.99088326885135,130.67410926437105,109.63100908742604,788.9601590942632,607.6270374208909,724.206825367497,726.0345128415427
random-sign,0.12405374400524516,-444.8848915128458,-327.5327968152171,-49.23051227456358,452.68387327221535,694.7832097214987,38.193130163539536
random-sign,-0.7171943270978418,914.5048050774806,820.2421363987967,331.7838864596713,-180.11730412776546
random-sign,nan,316.90992336095314,-321.68146724627775,561.4160812648092,-50.27622429254279,324.9542797303409,-932.2271229423442,-205.83896461471136,-588.4196937594888,631.5746871038841,964.9880654615345
random-sign,-0.0045612314535387055,478.96714178262846,-435.01459548131766,145.7657764690946,485.3011000010722,608.8941708782456,165.70428106695613,-700.4776662540753,847.7841407523013,-776.3743380252274,-191.04472660240094,-429.7592386793616,-44.93313866494941,301.5608482144496,-417.3239381675669,563.1060087765004,-560.8562178648016
random-sign,0.2812970477934529,452.0522361036715,-414.647081695565,683.2152221582653,-373.45741656768564,96.64810879272409,-994.3346089501792,-842.3961250580592,98.56424895150462,542.1015375154684,842.6043459468751,135.74574522173543,-880.5027064239359,-463.5250976431546,-997.1836851693598,244.39045136284108,650.0614943624748,-753.8255237880446,-618.48350070059,31.74546662237617,243.7535542354442
random-sign,0.31487105026037043,181.20485781471552,-325.585545054299,46.12374478255765,468.58808009424365,359.8364388569603,-700.9992468794542,-508.7199685322654,805.4851102218665,-626.5672834310308,144.74323738829548,-572.2477359124274,-896.1393452245461,671.5617927449007,286.59489444486053,-863.8697481978246,-251.34166383394302
random-sign,-0.03357745003151824,-867.52434852295,-650.8494683814552,-804.584422402573,264.83812054121813,315.6479147988789,894.5179638512329,-870.4283518147345,-785.7677105978427,730.5006761322779,304.43802592520615,851.519834849815,-965.2655785494339,-258.4244916414375,209.30136463257236,-444.37226330439205,243.37024396424567,-794.8594270842411,476.39205270334924,29.712501488352018,554.2141663947132,776.7716305725983,537.1482275100673,-66.44245913416546,-16.35622717288561,-483.0268418700281
random-sign,-0.44018115582930395,632.664045602806,365.037026344648,207.6756487926482,514.2879077962389,909.6540582164241,-676.1431856986846,695.1404536132623,-418.0283147859833,919.0381269192667,286.0645058044538,965.7935639557368,132.90603940079382,-759.2058655321889,245.74465991020725,665.6164237304781,-407.26802605378373
random-sign,nan,466.9830221530601,74.8823332106208,-84.00009261297362,-215.98161556670982,-304.9630385539865,921.8386325276863,-74.69324300364315,104.04546035176736,-81.17936659767895,-296.79506341399997,-799.7432359203134,-419.0438833612302,-616.8614097400837,583.3734354626422,409.16262378522856,666.1691867311008,297.6116078064613
random-sign,0.6675038285463846,838.8524306702516,-795.3575315840558,-883.3812377173329,-527.957081160855,215.6554943399742,366.9652324825256,971.9851260608052,-646.0282114073291,-317.99204048140655,-475.5263203201507,-640.0973687113601,22.450806713943734
random-sign,0.004295114598978911,595.4412639414975,-816.13337151863,591.7798244048352,426.9343225886241,119.90407217614711,998.9255709555603,-588.9523855960632,-562.1209814674573,397.7257189922982,-595.2966388182181,965.465294774076,-624.3114770808488,260.54047856956754,-639.0660011252803,718.6579212058775,0.1998019892683942,-92.25948220241628,-854.9287432178463,-896.0879858175776,236.4560387725569,288.16456586741583
random-sign,-0.3062682016889584,-185.41647857528858,-617.7080798902355,-890.355598828767,-45.709786725558274,299.37539462066775,-344.84995033988116,-725.61451243666,343.50806862390846,-104.99065797531193,-360.4315617691209,297.10325554048814,-776.869022202238,330.90588362276367,419.27948843992,-771.8559042868052,273.3179229361647,-3.6555380925944974,-160.19371503568516,-407.23230194785765,-51.09183665302203,244.07610840439406,-489.3969733383017,371.5724330788371
random-sign,-0.17543698524492912,-243.08710723306342,865.5647691414988,-905.8543600492177,24.200052020095654,-531.3700229952174,-83.46443993976197,-760.5164632105193,934.7825536948492,450.662394699154,-501.8575280865145,-199.80367544198873,332.8276564122548
random-sign,-0.18380483086314348,126.37570075442909,-51.69925626588406,820.0119902079759,-703.5631603030638
random-sign,0.1005805433857383,503.90317435459997,769.0458566405819,702.6295980947284,-839.6437074491412,89.27881615973615,-663.6180741879859,-366.2800218781035,-908.2304244035291,-670.9767179939911,426.06615777617685,744.4424079151881,-440.4184360877159,-418.50461351727256
random-sign,0.02808576739709845,-955.038877652324,493.2786967488403,988.6036530120864,542.5282113022668,-959.4637614360362,95.17283560821443,-741.5893463449754,274.36970693632384,-247.3797572636513,-833.0238293370602,-746.7990322297726,983.4402020890896,-322.65301963472064,-420.9124597744103,-910.0381187453581,627.5966224554368,910.6753250516219,501.43347622758506,-39.3808600975068,448.1035149270883,233.60750876374277,-214.04113800665846,51.9212000896116,858.4130248657482
random-sign,0.3651404857152989,-917.7578905961909,491.9364135608889,469.5166042559172,297.546599752927,793.0521940777403,-683.324131693492,-305.7139623314142,559.3023256346323,991.3415784966589,588.2776260522871,-667.482981499248
random-sign,0.13409426085405207,753.3559745169241,-223.92286704172193,-112.84843217435923,269.07726941350666,1.3236990085616753,-786.0024876522822,510.3250074228424,-774.2853028379398,-47.17501294488602,-422.69670697926733
random-sign,-0.5342707530909386,-814.5290992631609,-647.840840879178,478.3928279252232
random-sign,nan,-560.217905876949,-106.91608362020077,485.11029428337133,415.137005446428,-706.1627936123034,712.4431306689744,-113.493501007095,73.01240924131139,147.3578853379995,616.9257765950358,-352.3957003242208,-697.9005739488426
random-sign,1.2196099083960714,-562.2143239954321,745.986245654301,782.6798206397625,917.5553075200914,-349.9380726779517,194.47449029550535,-710.6835578404655,-71.59445246531425,77.46188017426311,386.4966433076943,-495.4565601792049,284.2123211405469,840.9194920535244,561.5929083870626,-483.8512785098055,-12.725115234045461,514.1979773601504,479.12460940266965
random-sign,0.05616920390250146,732.6083612636562,-341.12432358597266,786.2170065414002,526.4702056522065,-956.4364879695597,-15.0022477644236,601.5283778506787,140.189964103776,-311.7239030088963,183.8483583053519,-70.15303925977355,129.5431382612876,-727.4931809299419,-232.7139823604989,677.5290441109553,-589.5331936178318,-635.937927296357,901.913647286982,-567.206081885319,-854.1258497836463,-785.0250160688552,496.3785979439606,-690.5847098462397,-975.3980770553308,738.3980967965447
random-sign,0.4320914798881357,-888.918841448877,655.0053249883379,206.91885482878774,991.2811531887346,-728.1807312932847,629.3925144845941,910.7012486573774,-577.2549981619237,-844.0174848391664,426.2396666155971,541.0508020877517,508.39960000839346,809.437609890872,103.17357847016706,-478.5479820549856,89.40257771234405
random-sign,nan,-534.5956449855503,-442.8621072383985,288.04326062467953,80.12577370136341,442.10350008330556,931.5024599557751,-99.87487293068841,-816.0584438008744,-138.91781257813318,-917.7266558592534,71.81036730553365,-3.924000820383185,-754.2751941258266
random-sign,-0.08190371174717015,-574.6014261310283,-803.5843415710465,865.176109548642,-428.4019864774964,517.609028746786,832.8284944028221,-566.1242279011105,886.5171537557794,792.8199216615212,204.79534548373204,998.0191446811302,762.0515545865696,-291.63838789727924,-827.7159032080124,-448.42071407539083,-870.4451202527537,-587.436462808123,-185.8415835271186,-206.83231174260982,889.1097448548483,-151.94242493296372,123.38793068612472,-62.07889462836545
random-sign,0.04678901062574181,910.6670487587403,76.29924723157433,-397.6491489814748,964.2370390964622,-180.34326242286068,-244.5211520574677,-468.3611008836401,972.4658829937055,-454.0344749218792,-967.6483382749137,357.16312249924,-501.9955565249139,539.6305156405242,-884.1142143468028,-17.62140719486399,981.4662674541969,-722.2057254671588,-858.1756788050138
random-sign,-0.785499517862555,-5.174341397980356,-712.5877460259535,-341.0201453379369,-407.37687909431554,-315.4229484464415,-753.0323017450118,181.10506546117472
random-sign,-0.01914841404869294,-409.73438707249966,697.102550537247,-923.0593950016744,-122.74648686629757,536.1386713538934,-341.71601763126614,-903.776016174274,512.2919200114134,-329.94859101743873,996.6271604819092,461.28110396527654,-280.09344107728725
random-sign,-0.23905240106046743,937.2652930496572,-832.9287030046695,-175.42094274128897,-559.3533299540713,-183.16613403334213,580.7028764955191
random-sign,0.08788664858229578,-752.9013776821487,-125.5382862680508,642.7300445318131,300.78443042912113,-293.41871859633306,458.789350888542
random-sign,nan,-714.8334137577276,-554.5441210312742,676.0252391229565,394.8691129222334,-558.121557481694
random-sign,0.1717245287843212,747.0113864459013,404.30019467515285,-505.450213057417,-571.4418647634991,34.607493403168746,-122.99654964580384,-611.2754906812607,-772.5370089442409,567.1003335836215
random-sign,nan,-188.00117377678043,-284.1984069296501,495.5771114571244,-432.97524222594166,395.0818337840551,-145.25018979911715,-598.5509442557884,-302.8039711568125,-586.1820913179813,-185.2259725438348
random-sign,0.00671832608868983,-263.6726668958851,997.9093412017689,236.85416509104425,-568.3056161027056,-379.73244088169395,-77.64095211473102,-328.9927916587259,594.7359597941324,-239.74780430492547,17.293273455429812
alternating,nan,-1835.2363834117937,752.7075475914907,-1966.0738747582398,1206.234624125449,-209.4029208349322
alternating,-0.21446755129317563,-1746.692713229954,323.81688832377233,-338.45600267636735,331.2326489445035,-1100.0556105707492,1089.7892832208488,-1158.0460997409893,1518.437405732132,-413.6562579763525
alternating,-0.4857254752005693,-211.0631860718379,1400.780867731569,-229.03060086778612,1283.9305592267829,-1780.8921281631788,1650.7709906116736,-583.0403134201298
alternating,-0.6542225834293371,-1532.7373272799487,721.4452165881228,-1413.8838379438923,1050.2322326266503,-306.4006340303697,1785.044601550139,-1613.294428534628,1273.8916556623885,-1340.875907396762,353.03073562758004
alternating,-0.104512397176452,-853.2827839882517,830.96698390782,-1173.62735812959,142.47896161566837,-367.5297086371715,1514.8823754180828,-1391.7795010613418,1267.223337216102,-1605.1095630646641,1098.9176506034867
alternating,-0.7551800683344418,-1409.5692208480718,345.090640325899
alternating,nan,-1794.8523934726986,372.3418255626987,-1774.5274835442522,1775.226694531548,-1255.6809512542125
alternating,-0.6364767735799703,-1287.5041842583687,468.0376750908906
alternating,-0.01723439532727733,-1940.0621222285818,1906.6263246546175
alternating,-0.28754095692704007,-144.11945802639517,1640.7747613094793,-1095.8300838187793
alternating,-0.40281312025152927,-1314.520418977767,1851.3851699872546,-1668.5092276447276,616.1096796956309
alternating,-0.2722745982385616,-823.8567878658906,1999.1442158230848,-735.2731020584268,1044.5636487033457,-910.1620103819997
alternating,-0.3735532643805539,-1685.855231431538,347.33260733789024,-82.51999256283803,1135.574301575134,-504.7500684795766
alternating,0.17906173085292387,-488.1149949523027,1806.3310708349459,-1730.7168663617924,1384.5999376296747,-1162.3637336421734,492.8879008094145,-694.5724287815086
alternating,nan,-1788.9757695502542,543.7134724398064,-167.45505866940888
alternating,nan,-1242.5776400267434,1727.0906077278225,-1248.961588617745
alternating,-0.4892170210837591,-619.5345322108709,1759.3444855054213,-1362.2923475384532,1738.6030338743196,-634.3252447004822,1868.0528829847913,-977.8037345731841
alternating,nan,-942.3754476713877,1233.8985268590095,-1511.7599487320301
alternating,nan,-344.1792452205953,398.70637411714034,-134.18108803751707,1086.2614012737456,-1273.0285884773898
alternating,-0.7665216745025922,-231.00016493580512,84.61959745791007,-1696.0914248489448,394.3278230051298
alternating,-0.8596926674058292,-1392.8658204284363,428.1946500999149,-1927.7688078956212,878.114077935941,-462.9138396677847,776.2505981140496,-1424.8192933706223,185.67256901390343
alternating,nan,-345.55941879312303,770.0885063054147,-1230.3212269727985
alternating,-0.3655314331492425,-827.0403521803182,524.7311069755922
alternating,nan,-979.3699860439078,1387.4297876371454,-1991.3623967342446
alternating,1.5152277956231348,-172.90421367166607,434.89348420733614
alternating,nan,-1887.9071458007634,1978.7231766688762,-1619.3565294735058,1289.0295600759296,-906.5309553475352
alternating,0.2148010000403202,-806.9384009340406,778.5745951670501,-875.8635120538006,1553.5035228287975,-233.06443642338584
alternating,-0.6444705404500428,-1581.615974369034,774.3685417707493,-358.94803364776874,164.65797832363228,-1580.0285603075595,553.6765277761422
alternating,-0.09958115036853454,-211.82001616915304,170.56828884085772,-581.1337898765663,277.49776386165973,-593.7238894161984,747.1066139073798
alternating,-0.13557897993142187,-187.42447877573883,500.16397552701414,-697.4409200116226,1792.2244492211455,-1373.1967333793395,1428.3402720287163,-1140.0230977323283
alternating,-0.12487931302112698,-1082.004819444679,1775.5310345114926,-725.1654612145252
alternating,0.37043404627562837,-1034.7107916255636,651.3016183368843,-673.7308385977916,1705.2796934152775,-139.66550946447495,1726.623963863932,-1736.036443356466,1686.3780834667982,-1160.0353050621281,1834.3224319593194
alternating,0.02109906135331263,-131.71606367845305,745.8696370023167,-1619.9386636480303,781.4048488486616,-1682.5359927642887,1963.3359940134992
alternating,0.055846117692869957,-340.1973594562159,1988.4705440449657,-858.0938691472384,1475.2249843248321,-601.6139874685606,169.72237029155525,-1551.4044800141921,518.6327218102125,-1400.492380616959
alternating,nan,-1995.1756960713683,1376.1918145345417,-698.0161778869792,350.8492304861079,-1318.164876185398
alternating,nan,-1450.6676542716443,312.26076687195194,-1172.5666793353337,1081.1421369784307,-730.3538384076653
alternating,-0.3286697994334792,-827.6674597257686,119.82739251448061,-1379.9753775479555,1122.832191510738
alternating,-0.7253605348390912,-1273.5401104458963,1568.721384699577,-1398.7468924026903,1562.288625410855,-803.8589056612516,1315.2273650537834,-1959.3532083858079,1761.3827267308138,-1414.70776183213,289.49582071434395
alternating,2.3213644866229526,-277.6579413619172,1093.6949002703036,-1011.020024426333,1895.9381963811823,-1992.7597904742065,1909.943213048128,-593.8186452998763,1677.142774379817,-412.3150416182803,692.1806013718798
alternating,0.12471236046567014,-1316.2508939377478,514.6764077827038,-572.2674359407229,1478.8142128998188,-1201.5290193900707,754.9651745241579,-337.16290468060123,508.1321751386956,-370.85451145787135,1990.6133928251186
alternating,-0.6824077677403322,-1787.7900027272472,567.7882177776639
alternating,0.21653535523288725,-1070.7354929037465,1736.7607720242315,-528.1870344744053
alternating,3.1073696103258266,-390.55717205940863,1699.8283010680702,-754.2939211811915,1686.9106563952746,-890.7396279127635,369.6476057251163,-981.7554888606047,1835.3176892179308
alternating,-0.5241085845519735,-1923.0840338000567,915.1791828706095
alternating,2.4152585285640504,-144.15439950148723,492.3245423274836
alternating,0.046339566378741814,-426.1010417580603,1777.6155767049645,-776.6112109141312,759.0179343705295,-1469.5578568504286
alternating,nan,-1224.8121643169086,180.85587740837235,-1486.3059815484091
alternating,0.019670925681367857,-709.138722711788,1751.2712450831698,-511.29690926015843,107.48717195149867,-943.9005249937215,966.9995303632521,-1227.1955953310724,1525.7328114276995,-1696.219218913542,702.9937907343519
alternating,0.10280854871970879,-213.34420107977485,1697.985833936805,-1032.1621564037032,773.1293396673207,-1898.0541301877931,654.1268637520712,-309.17755253997115
alternating,0.10609424570524251,-773.5248962916683,855.5914366979588
alternating,-0.4743135656742542,-1514.698074216701,1343.9205941958876,-1577.331238900137,1144.3228106734618,-1991.9565845759344,450.3407915841609,-1593.3088650000677,966.8810651997318
alternating,-0.9564886913037658,-76.50135332628221,600.1199383868785,-334.19607283454155,677.7196419632111,-1632.7844187777157,1637.6686681126748,-68.22058778466298
alternating,-0.8588534442275881,-1048.1295825594966,1572.1854432957703,-1761.6808003723322,1833.492469206382,-1561.729230558809,440.4932010190806,-495.5072475306544,283.22690679776963,-818.3562115326331,111.15886911730789
alternating,0.6980598084007961,-699.6257466100471,1186.5418580539363,-1133.194031052334,1675.5959100048576,-504.1299730514371,1585.1356553793173
alternating,-0.2830434511235348,-1330.0555534625644,604.4401958493291,-109.35600297864538,499.424924405328,-173.17945947842105
alternating,-0.2856550941386139,-1563.1710118435396,957.0105206912887,-1281.363736374001,484.1288595824101,-785.8908546008895,823.0045457046702
alternating,nan,-1713.9820665917923,1619.3857266430132,-541.0190453861367
alternating,nan,-724.6513259458319,89.60254783656458,-206.21622398412683,1660.5479396440962,-1067.1536967828404,147.36171945179152,-196.17692006732344
alternating,-0.231779789786822,-1726.2946480707324,1047.5552083703797,-564.7097850226277,915.6800041360364,-614.382004110919,284.64665320400206
alternating,nan,-1636.419875460955,192.29716993356334,-157.27793993235332
alternating,0.45441643756904093,-995.893942485295,1448.44452002605
alternating,0.5653544445329328,-871.658697472535,1467.2493123972274,-675.1058285594054,955.0742691088741,-235.07751708657523
alternating,-0.21495170642170713,-531.5230861374903,536.5655957141629,-1213.1882867640065,102.39678631022863,-765.1886007605243,1079.263545618226
alternating,0.07499132316552215,-1278.0076633170368,1373.8471490048585
alternating,-0.8913311486450409,-1634.5467725013568,1742.330306346585,-1024.6356248188695,1104.96872777396,-346.85595179401986,1244.8415174586091,-1612.2801198825155,160.80836472155613
alternating,0.6901663080594078,-685.7163293790628,1215.3354610215663,-1231.6144834400982,1920.629471201535
alternating,nan,-1538.0849906766168,1318.6902929882797,-484.70764424031773
alternating,1.0029472662531735,-1004.891349980633,1890.9330018582168,-436.7744278488406,1655.483945929752,-985.0680832705071,1007.0707147965034,-705.3835744232291,886.1973860156273,-1592.901447803281,1998.5125565677145
alternating,0.2139236822798225,-1063.7192321036032,1154.4242183362614,-1294.5807340386011,1327.9437478229875,-1289.0455313689074,1968.7421461480092,-523.4377836558003,1586.4152271432401,-703.3423047952211
alternating,2.445586249641723,-244.7351660560345,842.8111994862755,-81.8023097316167,359.782113513018,-517.4154262539637,920.3766187640107
alternating,3.648873501200267,-309.5572999403359,1561.46739348056,-843.8632880844871,1577.8833511653404,-1633.0136364870705,1193.1501043445796,-646.3532898944989,1336.9507735402974
alternating,0.19795741165397018,-1041.6472250441118,1421.3297807234117,-1365.2383281126056,808.0516460963827,-1486.4302209359284,1790.633864347513,-134.3269791282089,610.0409880646332,-792.9689887444688,1994.6809038185327
alternating,nan,-1654.929812480692,1112.4238433898795,-900.3834054170942,1935.4038499671647,-1834.2113662765473,685.4082937947067,-815.2904198775836
alternating,0.17411726136657335,-1340.9222315269558,1280.4874107037244,-576.0289491966729,905.6371392567149,-738.056690149998,1108.9997619385588
alternating,0.3979416156930924,-1848.2618407119269,1858.2073792844465,-792.3190280521628,1621.700581695187,-132.1649165315515,1370.7490904931394,-153.8515814993472,1432.9896672413156,-1277.896418043481,1622.5226932308522
alternating,-0.26677068824581973,-1394.6667268406716,202.10377626896138,-1560.6619910820943,1585.4482414622112
alternating,0.35800247002708696,-1833.9033984046343,1745.7910205579963,-581.3180488060902,1868.7044283075668,-351.5286254235225,1637.6911100370517,-839.4280835232552
alternating,nan,-972.983952455533,946.4273993947355,-383.20999770828536
alternating,0.033153530661898856,-1579.4410709809597,1631.8051189563894
alternating,-0.40395960526517505,-941.7092585435099,1294.7448950167857,-1529.4264338173139,913.3563551463885,-1521.6204264292373,813.7528372339106
alternating,nan,-785.9483971579604,737.8195258958864,-1998.1010460568318,1348.224250910888,-1981.7802514902044
alternating,-0.7871359505091154,-327.3999653423562,1495.2392785429513,-1521.3885587134166,1841.559699640787,-336.81561673276525
alternating,2.206990859914606,-266.7797575480623,1076.9535461576145,-1260.798498363024,1892.836895602453,-788.0751695417146,1302.9425677579638,-433.3293608938267,633.4398369124248,-461.3288430903392,1205.734302582534
alternating,0.4129972391723713,-493.29998737175646,593.0434217871124,-257.8650126613047,1012.6736325135649,-1870.293567450981,1762.850143211852
alternating,nan,-695.8928149965967,1440.1343877438846,-1205.0651155248593,436.66128606666354,-1989.146563768046
alternating,0.3179341268338789,-1747.3421545462022,1786.953963402146,-873.382135395961,1633.5086831023523,-905.6980728279813,1744.754855779316,-515.6724163528916,970.4902820945198
alternating,0.0493583695104598,-1474.4781897772937,514.9366005608575,-385.4259539191555,1827.2177825991782,-300.1439963835246
alternating,nan,-261.65827729000677,873.8675464864551,-1626.5232049220533,330.8579430021505,-818.5457777056564
alternating,7.582545272139212,-136.62268409536853,1185.257884596051,-290.4126682211139,1609.464441925168,-533.6577196194977,968.0773208792671,-1777.3982238853187,1763.6929844358972,-1319.8434414866583,1542.2171081152508
alternating,nan,-651.9874054728443,221.26284198716303,-1731.795697633306,1312.6552046262009,-746.4226196772534
alternating,nan,-597.9029293677711,1085.266869918502,-1447.1617544908302,1414.6547164704712,-1104.0314951734695
alternating,nan,-948.4054780554892,1018.4222167037613,-735.9847823089319,749.3274953477174,-1967.7073287833223,600.5774010867964,-516.791621339914
alternating,nan,-851.5188906008491,714.2898236911021,-1011.0129808197657,154.13757015682603,-1435.4912733461847
alternating,nan,-1582.8477396153191,1098.3577138969817,-1797.1939759901252,1761.2414673815656,-476.4998026877476,50.12269831366346,-1640.7304629937082
alternating,nan,-104.20833211723115,445.77946633531224,-1309.3356632727796
alternating,-0.20510159384147453,-215.83334938975426,1657.2508817721205,-1993.511782393232,1565.784897418429,-731.2237328314995
alternating,nan,-985.8852198525394,969.1820651382086,-1406.1121110879017
alternating,0.47656952515943174,-374.2172669666159,1025.227912002667,-1600.13003495355,1720.611999230252,-573.5753708844032
alternating,nan,-904.0173247676546,300.69093324309824,-1326.0029864801195
alternating,-0.19666255045100278,-840.0760531924435,1636.451562749911,-222.75923407998036,1847.5875057312737,-993.1404262387086,468.278590986643,-1568.8796938475348,519.613639585644
alternating,-0.17284370401597815,-1056.8917029807471,874.2146262937998
alternating,-0.27162825933445767,-339.0016174471414,215.10022739049478,-1041.9324310902218,625.7899104456516,-1790.959821149748,1384.0659839194839
alternating,0.08084277336967105,-769.0768454621898,1971.4109090236598,-832.9708861990836,264.1204146847243,-752.0163983315138
alternating,nan,-1528.2928546008134,262.28896298776897,-1221.5076672399707,754.1210651940968,-1303.8539026988078,640.1095364331703,-1937.1251449923134,98.25224438705786,-200.62490493886352
alternating,-0.20932195888851635,-1654.4508581712223,1795.5531374484656,-1827.2318461609075,1650.889068113437,-1415.019722053922,270.1933852470591,-1047.884947202433,185.5322038135332,-1225.967238852109,1578.191060133909
alternating,1.7442868657430255,-521.2250325250483,1430.3910108549715
alternating,-0.2768180892533121,-1472.4242467057124,825.4111784264389,-795.0437825720052,1249.1482584580663,-1925.071577324177,1355.4937512128504,-1875.8268537701451,344.50094962296373,-1552.2361639190897,1583.3536469294663
alternating,0.19588093947320795,-823.4949241330734,160.77476887363713,-174.76532124328133,1153.3849484319678,-445.83768361350633,1028.057202176172,-1456.5552189155435,1512.8702614299436
alternating,-0.15103036749216503,-1530.020723883146,887.5770109401341,-1276.647201334015,1380.325163754448
alternating,-0.17376988420218475,-1369.473002825129,1918.9234424571096,-523.3563486032151,958.3543673297823,-279.0542457091351,1586.952801910829,-1720.5265718058429
alternating,-0.058508317374997953,-622.3071070420656,343.3831979944876,-1228.4891208865881,1890.200152782123,-1616.051723406958,319.9381124782474,-1329.8070360452407,1755.4671400783468,-1816.8006317017303,1847.11287854577
alternating,-0.7675665183207575,-1752.3570167327955,407.3064425442543
alternating,-0.6418438565176485,-1338.155835871992,1172.9455168221766,-1737.7381538289237,821.5488765936694,-1483.004139526924,494.18446226294486
alternating,-0.29847180817033336,-763.6609471170581,706.9239037498721,-1334.6513390142193,219.72018968519993,-689.8519132227894,250.80866390688294,-565.7548010257296,592.5359444860762,-1837.7158987273663,1324.7652205078532
alternating,-0.19073912902299084,-125.2293485010203,741.6263055233417,-518.1560542280336
alternating,2.659199091502712,-402.81425446016914,1473.9775539649931
alternating,0.4896171240593088,-1296.1956673853997,1352.8249078528945,-234.88592227379561,1174.638417764653,-350.4204305239527,1909.3495852883332,-1233.1126349529693,723.2611766796783,-552.2012078702566,1464.7006321371766
alternating,0.07286582616576531,-659.1789956228138,1138.081407444686,-1764.4387379116934,1425.0562146843104,-1261.2243556200212,419.0943946848381,-524.123716512227,1701.767538857827,-108.83513781714257
alternating,-0.5507975703698761,-844.687462751044,965.4946888627209,-1230.549279701338,1003.847297025733,-1595.6388275406944,601.8821658280845
alternating,nan,-1622.775942196981,268.3237079803962,-342.33372884489603
alternating,-0.8155792545015185,-634.0843981609979,605.8789709648386,-1653.1175424558146,288.23980344917027
alternating,-0.7963519299392553,-804.0876285061172,163.75089370499182
alternating,-0.09402963116325014,-968.972680831729,877.8605370458558
alternating,0.41012519744859466,-842.2525204739823,1080.6049779084694,-1258.6167403685897,1971.8303759709545,-364.40284244332764,317.4083479291416,-852.0360943164815,1654.9416133318518
alternating,nan,-1476.4254222985899,1141.1149988862223,-560.9469700922369,1017.3042661626278,-951.9453089314674
alternating,nan,-1790.922565656099,1352.9152481163972,-1475.4996518105147
alternating,-0.05757469025016848,-258.94194869378487,1241.1831193684816,-1207.2537873166586,1004.5925275804111,-1045.0766849371496,594.9013094771387,-262.2969958219068
alternating,nan,-1253.5729711937981,311.99674354594566,-1270.871863801366
alternating,nan,-1450.9402402205694,1407.0348843607258,-1365.325691072283,630.0414017433875,-1495.3718919069806,87.422771144819,-781.3186215925984,1251.1217797639827,-1559.673154581633
alternating,nan,-1006.0122700236415,478.59409004334145,-1605.063813509385,219.4951781110791,-1065.3155899069352,729.6363213087482,-1434.4103181551034
alternating,-0.5662001043717183,-1730.5073576199748,981.5227871698547,-1250.1234361406541,877.4858043975775,-1835.7625068426548,1080.9201456588673,-1592.2650123417343,1377.7603584067444,-1734.4598081943689,610.5200659239192
alternating,-0.11745681485211801,-1415.9116348251453,1218.0611309855788,-1856.633453197212,265.9091446731969,-246.23753177140551,1305.583551069192
alternating,-0.5481630586951534,-80.23537216898497,562.3136161763131,-1532.939521933096,1363.3296251285506,-687.1710363929086,1004.7156670087004,-1773.2486360659875,423.3029365816584,-1085.7272039326708,532.1695234770584
alternating,-0.4675145671576041,-1689.8034307034945,1449.4327631586925,-818.2549743541425,1934.847863054962,-838.9302194615996,780.6985896536004,-1977.6176206723244,95.82905699812827,-1595.7460741929035,1056.54698468385
alternating,0.0025448541137227387,-677.3981677660573,1899.515106843811,-622.5287776234234,356.09057890578003,-219.27923984824523,979.6073794782617,-1611.6141136589063,973.4953664489176,-1946.5467985603664,856.1394909888327
alternating,nan,-1198.2152239164423,1625.7565995977516,-173.66158742671254,390.3416850984977,-377.5952865297936,172.97217651174566,-833.1177214191538,652.2314555354062,-1690.874452027963
alternating,-0.23760585792693634,-1022.5061881087141,424.598896014538,-1584.8889569983978,125.47747619702909,-1617.4158900423681,1108.7814361989292,-1848.2044208832162,1629.6194519101082,-802.0041600456265,778.3988617213602
alternating,-0.732497661577893,-481.8149659918358,1150.6293616744572,-465.6951681193329,154.25709704553944,-1864.4554086520122,491.3903634609223
alternating,nan,-1792.2836679745612,502.0901637914659,-773.3316928085495,759.0531882696512,-1882.8017115127766
alternating,0.17638534935094263,-979.1492522807863,1008.384420360642,-781.7254254508825,1735.0089493251337,-725.652889690064
alternating,nan,-653.7405553954677,117.72100798683812,-1825.2039492645845
alternating,-0.12779994018873853,-1967.4171608437712,99.71784808107924,-1703.9315709330524,131.24891537417773,-1355.2353143934538,1574.236812740356,-430.1761668947678,1572.5076256663071
alternating,0.5197696247012211,-137.11146885989498,738.4190924644184,-74.22619827404603,111.43352308719031,-1546.3924970897524,156.20625297099326,-989.5266506784479,471.8990002091978,-644.8287172298739
alternating,-0.5350371782899146,-1130.5385772220902,525.6584069172884
alternating,-0.14099171528199117,-1676.6907205229313,1533.2881503292306,-79.88513374444821
alternating,nan,-882.008493101755,1172.0221933995183,-412.6055416236928,518.726181083686,-473.84039972689504
alternating,-0.23966363286291315,-939.3705539799257,714.2375944086494
alternating,0.38675605900906285,-631.4570371670073,907.1744921767252,-437.257456002607,239.23669997358724,-494.17042504377366,1218.7081065179873,-762.0019840175966,1855.9763642292307,-958.6988393312536
alternating,0.7709780522480847,-742.1674060950068,1509.3420605812237,-422.18657422680803,104.73059439204998,-591.5512402603216,1146.1840120230208
alternating,0.1297588030271304,-609.0703216085261,1176.6726446727978,-737.9547163403921,1999.7806816393838,-1175.191957758294,288.3221968165734,-487.71969459515554,319.23661910082143,-1533.238388929348
alternating,-0.21411318195678453,-1428.632647470087,1232.6889281473048,-1317.4827746417334,510.36394166171806,-1783.2333895906097,1683.7477646673615
alternating,nan,-1909.6382573863796,1004.0558398766458,-1780.9517369947785
alternating,nan,-1998.2449827235619,463.0509668447493,-99.03025847754603,351.3047345638343,-491.65162735015736,869.1623446921393,-1597.3105523254785,747.2245208282874,-720.4246474229043
alternating,-0.9273452606027273,-1113.4791719238513,109.0367507949812,-648.9605723610398,1401.195968365641,-73.95319258393285,684.9102904641642,-1987.1176858564413,139.91846053086607,-862.1321377586917,62.642368402200084
alternating,0.7925524216477702,-880.8605347321725,1894.197027532429,-1235.6220094083947,1646.07516802779,-1738.4960462643944,1244.8936939866678,-91.80264790805543,1593.7265332348065
alternating,0.02790157255305803,-1376.619936137559,243.53201533994226,-344.9235212805087,1592.3304808574983
alternating,2.3070564513890095,-235.29869196693312,1139.4915255524186,-1335.8774245671493,532.6291141125292,-336.26710854044603,655.5749491559822,-1448.8558903244723,1805.1063802871236
alternating,nan,-1462.6172781562002,997.8346015733391,-1427.152867654756,842.7141640278822,-1193.5822420998477,1181.8110331366404,-627.9849287634663,373.43744227153286,-1990.5487981369804
alternating,-0.013811897068074952,-1394.7668571882925,1065.5821277612367,-1103.714762630651,1389.8886681050355
alternating,0.08847055634451961,-1252.276032377904,1330.658764493611,-977.7220633652125,1102.6162526261041
alternating,0.3013270898782614,-208.6237943003653,1528.976666416412,-1636.4043334433325
alternating,0.4885899649886245,-1173.2138488986195,1279.6342120201434,-149.17438442303438,1520.312438293347,-916.9294548090078,1325.263453178957,-1721.4910985831139,1452.5689087984472,-145.48468423539993
alternating,0.5121010895067315,-820.5991094677007,1240.8288074743639
alternating,-0.4661178455176609,-1438.4917339506544,767.9850661266112
alternating,-0.16521365887179829,-1601.9675625390094,1337.3006401380032
alternating,-0.23176255451077465,-364.34733699099746,1295.7718109081502,-53.28898703895358,1311.2164661695356,-1404.3777545599912,1473.7715214612133,-1151.1493796435132
alternating,0.015983533598335375,-440.2142368888248,498.0944496251523,-1054.3605198071061,1090.2380285163301,-687.0530532720381,668.8495455728576,-1387.4476429216375,1345.1213253420578,-700.7604260595308,730.9932596715416
alternating,nan,-244.11478547846494,119.89601649349324,-479.9842620560247
alternating,0.46029629130912864,-1509.8540033930947,1803.134946179267,-152.00481750260116,1601.7738719306983,-764.0154748220427
alternating,2.99356627097959,-420.92446611126445,1669.7465396865966,-69.36212545953703,456.31539682132933
alternating,nan,-256.80216367376704,737.5616089020983,-1061.3967833504835,1003.0990400148025,-1469.433642979894,1000.0327132367441,-759.5982766421346
alternating,-0.37209469453058985,-926.7916256880521,1107.089862043237,-498.0282066934886,1620.449355074691,-1079.756364785808,82.66651604192313,-1970.2622171657656,1236.3857537276012
alternating,nan,-1794.6724497661046,1540.5503000345343,-848.540447046171,696.9590186358643,-161.6413680109654,1735.9567478816969,-1818.8600374655398
alternating,-0.5509539845037414,-1278.6024577726096,179.37418627944442,-874.980268591785,1404.8387633060308,-1672.9954290135624,260.37068482077143,-1434.6516983357064,705.2989320808504
alternating,0.2892904864327428,-374.1553277010354,483.924430212809,-934.2542131841869,477.1845597151615,-384.0037448283548,1097.6874254357829,-275.10043119482486,1355.728158084037
alternating,-0.5374656528409183,-1741.2683874510035,805.3964368183968
alternating,nan,-716.7697376064677,596.4583634748063,-1797.3435170666908,1409.6300740786917,-1273.0715118242622
alternating,0.25078762977943825,-589.1163641860891,857.2086647031813,-223.1493255957801,989.9158025773538,-506.6375711004264,412.9555176560814,-1670.0264993447254,233.61831538255254
alternating,-0.12655149109955888,-816.5566721905926,1007.4681547690352,-1926.9390466792202,931.1680193631001,-729.8658621316571,1039.882044860762
alternating,0.1789799778975203,-352.9802675070628,1091.5253184077371,-1754.9390633726566,1749.7205666176305,-1519.1040453586065,1297.4253599841295,-1367.5476672236118,1220.3508583442817,-1202.1094856679938,1252.1400059607765
alternating,nan,-1560.3171871629256,676.4857339784521,-1489.2433171664184,915.5512312994865,-1313.1514105712577
alternating,-0.4400740400437493,-1298.3860343990323,727.0000467046677
alternating,3.6427418765396284,-246.60002577938042,1358.0158114994142,-1224.8647158134884,1093.0140253068403
alternating,nan,-286.76047783906245,988.8277320683171,-1631.4844798667746,1701.5684496956908,-1233.8989680143115,691.9357304771402,-1334.5158225551802
alternating,-0.584870000214625,-1075.367124733379,1873.278688744255,-1231.3153399151959,1346.3103697793326,-209.2493420665306,1348.9128097831426,-601.2525258220847
alternating,2.7802508015875675,-218.56005554105386,742.305715164837,-88.90902446657148,1535.1415692754867
alternating,-0.022581424986784615,-1113.193200390218,459.5553048750022,-639.612279224735,1225.6049451081362
alternating,-0.5701891507203831,-1709.2576240227886,1655.1442593682295,-1706.7249940105705,328.79343713034655,-1314.5800861588207,608.3836637539644
alternating,nan,-1475.24362440612,296.12209876300386,-354.9000456583796,1546.7550671082586,-1006.8963579581996,687.4020476652582,-1584.141921675885
alternating,-0.7200691202009676,-1015.7056967091712,1526.4458498399783,-1547.5765879047517,367.8948793688414,-1539.9969437918849,428.58400805227836
alternating,9.648826303007787,-62.89656971959091,823.4498678898314,-1743.478549611781,1143.1642455287497,-59.704662502642904,321.593309230807,-1048.6657064821009,1171.0451930121346,-320.24560272365204,246.3156395673236
alternating,nan,-1513.6532403328672,668.9182767562448,-1983.7768173544791,1998.286183652446,-1036.4657138789794,1896.5223660309994,-1641.2299066995133,688.4690915534507,-1391.8573396415673
alternating,0.7697377403608767,-977.5715335492994,1543.0698045187812,-114.66593529923693,1187.0041749929596,-1647.335364893085,1667.3429610117637
alternating,-0.5730611764502436,-79.47330740233387,1987.1517717017675,-806.5487794360205,1011.2972859748716,-436.74867775787396
alternating,-0.04612114323100214,-1462.273049835518,258.3728248021383,-245.02163911905592,1267.7673778265364
alternating,-0.872183364095253,-1757.852759368729,224.6828261183878
alternating,nan,-1146.621969099063,302.34572897920407,-1026.6507052457137,427.13784689552256,-1915.8943649236808,524.167990807179,-226.74624727702587
alternating,nan,-1564.799550289775,770.662499420379,-249.6871811007059,227.65360354854846,-1288.6138747479765
alternating,-0.44286788373475394,-161.79422674545748,613.1142033230495,-899.2495830226732,155.4867132502166,-1022.9640835217231,1273.6535310448842,-764.5795553920505,147.89033453606137,-1495.9803396648567,857.4511720956685
alternating,-0.8830418378421312,-731.6692437300611,1743.8640528424742,-84.03608115475674,1464.2449121118184,-600.9947969050971,1436.9941368060797,-122.23852978740622,1169.0998903907403,-137.28255637698888
alternating,0.06871118389903619,-1693.1638183302575,722.0573068545696,-679.3201470779267,1289.6788021293291,-345.6878985378898,1144.1993466874173
alternating,0.214938775414953,-947.7899272494208,1163.6405860975526,-840.9748494655398,874.5171714587256,-172.80470533066313,400.8116033184342
alternating,nan,-1596.7801965660701,863.1210694976951,-1410.209116985871,282.15022456365347,-459.0485014606103
alternating,-0.2777559283793317,-1480.2749010532903,491.45128843851523,-179.00802647948663,255.6493064240674,-973.2994463663688,172.96189889047878,-1665.7779474591732,504.17537817689265,-759.924854577612,1082.4851274263792
alternating,0.30660938699387863,-625.88702529218,1530.7319376944638,-360.28917759751556,809.270109938574,-1436.8025112970201,409.58458461210364,-702.6802114153303,157.16459494502416,-1656.04298518637
alternating,nan,-1384.4001883569028,1948.6018271259986,-1215.8892206985427,474.08541627620065,-835.9113192591518,994.4558449604735,-1774.1448493000025
alternating,-0.5750348082240139,-445.7562102317331,1859.5621134047715,-1009.7034378782498,1125.6081015902507,-758.6122886079903,906.4491430399064,-324.8112443218947
alternating,nan,-1744.3005871422213,1080.6029347865872,-1777.8324863258056,392.9532451231931,-1432.0047292404772,821.5506197981108,-646.3965609444632
alternating,0.28397297102205865,-1151.107859723032,1477.9913786154245
alternating,0.00785673927315056,-1817.2678016550292,548.7401649793469,-919.777534792042,1083.5876065718035,-1436.5263826866224,1595.3517750246274,-529.8498283870122,1567.0611602885901
alternating,-0.6298119215779694,-273.07461846722754,808.0617110461277,-1452.5690352709573,440.8407513737716
alternating,0.6760165722302853,-891.969169881051,1558.675624069316,-1287.082308008658,1932.211702177676,-604.155748746,1049.8195853675575,-911.6449876677015,1912.1803005897832,-211.4499440092692
alternating,nan,-1517.649702247841,1270.3451087740727,-1073.9584291226852,65.98303897018994,-1106.5682782409358,1541.125818249699,-1383.797349620272,653.0674149649669,-894.6243672372709
alternating,0.23350448144496427,-670.3735366929045,826.9087617528079
alternating,-0.22970808829387945,-1320.1381282664513,315.55916915097134,-1147.6106252922325,782.2982696233189,-1522.2496724817781,480.30175081814957,-1120.228575326681,1455.9740485183124
alternating,nan,-1347.7521583148605,1210.8286635595148,-427.6719539025873,1951.2765002899673,-1592.2300995196483
alternating,nan,-1415.546525438942,1028.401830851593,-306.184015523177
alternating,nan,-1232.625921684535,905.4551674839672,-904.7941060077187,1682.7374194416545,-1744.3021949856488
alternating,nan,-1415.1468009608332,111.91375693754912,-426.9104029464981,702.5247908365844,-412.9865487202989
alternating,nan,-1306.9327633192418,297.5230691499785,-73.11783407129816,1433.4000399953227,-917.0845528332238
alternating,-0.7931994309713782,-355.9376748988877,836.9298689761956,-1250.6685043474854,954.6134837417702,-906.439613505752,156.2917568089374
alternating,nan,-883.1956860486231,55.315570957783734,-79.04307270216914,80.90417563513967,-422.0583401797183,941.3373530493633,-191.8539585308386,1218.858469773302,-1667.2323164774477
alternating,0.2322617740982107,-1893.210441073307,1908.8277766054784,-1150.324964015427,1897.3694411801748,-1244.0789921795952,1877.2327611567084,-1695.7660705693122,1945.3861130849525
alternating,-0.08550235705295484,-1048.336527103923,1477.5632282169215,-864.030492203554,843.4509533886331,-1916.312541233825,1344.9946167968803
alternating,0.09736603204319083,-613.1570775146911,295.8144276218655,-240.99127515042147,718.4958102301896
alternating,-0.6605682010640908,-1258.7986559884966,427.27629230028015
alternating,nan,-1496.8342183166899,814.4788159176394,-520.9260850864794,99.11991900105338,-331.452624735036
alternating,-0.7683000305260673,-1467.029260065979,589.8602549232551,-690.4019730440206,146.54760175155525
alternating,1.5772349596998834,-538.2828903763309,1808.327605510454,-1698.2586059039133,1646.4258608199368,-916.8378814944525,1840.9053919252658,-50.9402282247225,607.4628819548074,-107.54789273466668,726.7919679975535
alternating,9.456242182388719,-161.10339182095217,1848.793356355994,-1874.1269659455127,1637.5846863024087
alternating,-0.5901965842466507,-1431.5674977739739,815.1391805521686,-1825.1191027343166,709.5697240133043
alternating,nan,-1938.8944091367266,1925.8151246547773,-698.0353154505128,1899.4009353769989,-1918.1573194929963
alternating,nan,-450.0139057606564,656.26189256814,-903.2649178769196,985.7461443098048,-1295.3716126859824,1401.2393920278794,-1263.9731383554988,850.4443539372595,-391.9760872913741
alternating,1.3343649730845368,-803.5707778205075,1757.2955673977897,-439.7491053597684,1672.4460825315414
alternating,-0.8288977109357136,-1520.1103582252802,1737.1090427440156,-1478.6027713972849,1146.5693677742054,-802.7455700636665,1315.337522504447,-287.21676431961873,145.05906606035495,-1799.0789834951877,303.9853679760664
alternating,-0.6380558920200889,-1437.6368125131285,63.070407606677485,-1466.1184502979281,762.9942470452003,-62.412495154842986
alternating,-0.014076859795077556,-1578.2822033133123,1705.7237258806776,-147.5520541992744
alternating,nan,-791.3981012716456,1318.7219648823475,-1816.6770369727228,62.22798686284264,-1477.3448214629436
alternating,-0.28634425799736996,-1646.0964690799785,1354.5055539163839,-484.74409686469915,1117.5921603228082,-1403.3959119522249,561.907851178961
alternating,-0.10178413743284531,-608.5107021731613,1559.307741258288,-1287.3465196962927,1143.8764663950315,-757.9023134418662,1435.476873597557,-1260.9900868437478
alternating,0.30170194739684497,-1287.8445436965246,1275.8703106668456,-204.71130550969116,945.1244423117995
alternating,8.582485082867128,-149.89326432938577,1617.942981961981,-1865.936165966203,1289.2923580107597,-919.8236181350544,1294.0583575118012,-1600.6724580750908,1088.2772376737692
alternating,0.36977009099785874,-604.7023912090533,434.01579771939834,-264.00405527601595,1592.847587004142,-1272.126712859833,322.62204324469053,-278.3017603382011,1315.288150690851
alternating,-0.7086322254680689,-896.540235693564,1770.6211791720336,-631.2149093559118,1052.6425326980243,-1684.3367526180464,107.38908272475564,-1438.3751256475664,444.4580105835816
alternating,nan,-887.5258467354796,1385.4026686376728,-1204.8169859217712
alternating,-0.11991541688804919,-886.1780804703465,983.8415759963185,-964.2558648747665,985.9194255166947,-1686.0083800859322,1255.1472264071153
alternating,0.12694708652934428,-1955.6709093447716,1416.8570036550204,-308.36535506785265,1347.111501267408
alternating,1.62678900614529,-531.4204046127056,1624.3845950685566,-868.2968144002087,704.4861484562571
alternating,-0.32041038317276904,-1860.1669380566902,620.2988493890214,-1929.8098727044237,1356.6160841203032,-1507.538512311328,867.4112755939381,-1594.4299836380728,1209.9098100571086
alternating,-0.5945391900577566,-1633.3004545949266,1159.8180703727605,-917.0090118594766,290.010033058423
alternating,0.023699968143783057,-1751.257604194775,1312.674300609961,-564.8881612585554,1964.287150185195,-903.8219393432909
alternating,3.352247721166454,-319.40126522716554,1595.7182392595628,-1190.904672709766,1523.4396483537682,-1239.8219765015883,946.4048995515517
alternating,-0.0787198598117923,-761.2533673472153,1578.1052522017633,-60.26118408077746,1942.7551388983702,-665.3165207260539,664.6271516341677,-876.810104405623,900.687164755961,-1872.413297171053
alternating,10.435595687036137,-92.74315470104901,1138.6191673181704,-1056.4891584993147,1987.3720004416268,-1349.91496688149,780.059497829228
alternating,nan,-1441.18189136166,672.2379586033265,-1830.129868734339,640.0624716767774,-380.204198834647
alternating,0.20865326179197052,-1785.186525093709,1260.9653809558376,-196.25307357204235,1547.148536100815
alternating,nan,-472.6448533003828,693.9203624903421,-1638.1057081103445,880.387540576634,-901.2674949259406,1076.655687102232,-1153.1102736892126,814.8999247747189,-1697.4534219233135
alternating,nan,-1753.2966493195595,866.45309677033,-1968.7962223844893
alternating,nan,-794.917908856713,262.350784047318,-462.66924129626443,960.1045344002714,-1553.3774210905406
alternating,nan,-1403.7700405549563,1056.9026509640544,-1419.2687536237695,627.3071295253461,-372.67899943663974
alternating,0.05200410234852071,-1822.8984293644817,1083.4963791776343,-1954.739648383644,1377.3360057286266,-110.82459749174296,1889.8493140658145
alternating,-0.1460720875617577,-779.0711524817444,1414.18787918823,-774.7812376411521,1585.219968859821,-519.9988916730885,186.2497293641917,-1290.3539051250152,1887.1839877254715,-1177.4098581115818
alternating,-0.41395752566992605,-175.7009160220175,449.8137761163595,-1611.7945312114487,64.83799738729994,-1802.063187897064,1353.9158553233094,-494.7099683154041,277.3513645992818
alternating,9.115967469673038,-98.12350533668567,1059.460271159037,-740.2889109442928,717.0466571933731,-714.8413874001888,332.1581619591341,-1602.488141909782,1172.5597273356973
alternating,-0.15506783992407835,-739.0483618587871,1111.0740680859367,-416.8593174965081,1680.4657707208794,-1213.5106478065477,1706.3656397640077,-1586.1914029002087
alternating,0.010670777817056276,-736.6617211725307,1568.9449830371268,-1700.5579363080199,230.53160602351988,-1461.208619826504,1349.0028694155203,-789.9997192363386,1603.0517983962914
alternating,-0.6107198361181096,-1919.2501296436258,960.94033221593,-485.7242210738734,71.41578762468085,-999.2731660254578,401.9183194557483
alternating,-0.2698139716211544,-1358.359909287355,1664.8928580101608,-491.4425285013047
alternating,nan,-996.5138960366355,748.0263920274741,-1869.5346341009028,1769.6660334935748,-1245.2411488180603
alternating,0.002603427980865103,-1267.1410883744127,435.07264746552215,-1564.6329671554506,1351.2764277604676,-789.6852017244291,1854.4052963722452
alternating,-0.2729621463933175,-682.5483595814261,390.482422100884,-1457.9293307548576,468.75398891523514,-1662.950896997364,1551.083860717009
alternating,-0.4600228925179415,-125.82327081483645,810.0093011801742,-209.4485283278085,1923.343222295646,-74.77754337817083,334.88606319504396,-1354.3458202695256,473.14957975095734
alternating,-0.045098563437714345,-1978.8705168319084,1889.626299293542
alternating,0.2419396593046248,-719.69191198285,791.3990332206293,-487.8898026773858,1384.9159977566762,-1193.5825887700194,795.4718890492904,-1580.3763158216957,1544.7616428591273
alternating,-0.7147637203024648,-724.3075564340519,1143.0438781362116,-881.5550226878929,175.26255079198634
alternating,2.326921918189212,-458.3798374377905,1838.8607255707268,-1470.6808067101663,1418.833982624233
alternating,nan,-1200.5273273722282,590.4789156013236,-948.1721474233946
alternating,nan,-1358.2492906308316,150.03461078577874,-1576.162949588956,554.0673814786112,-1587.0765696288217,1221.4502198078176,-1402.3011613678286
alternating,1.724513834931098,-247.88943843578548,548.6678124962381,-334.5349495751115,1860.5626660279718,-611.8585277609159,1529.0791940961071,-305.8404909193796,1386.0982100592607
alternating,-0.2746803298600128,-1633.2832772312659,754.3795470085491,-231.2962691442536,796.8801432326368,-1766.9101045096968,1972.9187252810812,-1201.0856279793577,395.9926653570248
alternating,nan,-1007.1511347280881,67.1697916061587,-1226.9020773672814,1931.020481127918,-739.305238576222,490.1779560499911,-418.7145076570131
alternating,0.28726544803163256,-132.17093806505065,1582.4598332332014,-888.3864172854858,141.80245310376503,-1723.00829159744
alternating,nan,-690.8387363428644,970.7255897699814,-1413.0502560371872
alternating,nan,-1245.642974532243,463.156174114053,-931.2177763453657,1568.5937987684704,-533.1958177726729,682.3384962938386,-1946.5684927908146
alternating,nan,-790.6870785677189,485.4918760082143,-860.7982108239258
alternating,0.02164451279945334,-767.0108186790982,1572.882591696709,-1580.7423464386522,570.8773798932497,-372.05461306639734,610.0188054681526
alternating,-0.28683542835201203,-1371.962271904287,1485.9351721652883,-1880.793598623473,1517.966266617406,-446.24975932446523,390.9899683224298,-1494.711564421857,145.7611302093273,-357.9446737280563,647.2815403052214
alternating,nan,-1937.264204346852,938.3278608450767,-870.982565691456,1411.3292074692852,-666.272575428279,1422.6767248502902,-894.68878747131,564.6607622396995,-469.9890268475668
alternating,-0.16892921753534018,-1517.717347849494,1054.3831241301832,-1271.0345474673568,1199.2538394295088
alternating,0.6907292680330024,-961.1157039637501,1729.0050286648257,-744.1362757939531,1551.596654340876,-1945.9257208105282,1786.2807009251712,-952.1589047239366,849.169029179866,-541.6281329798676,1577.581242636627
alternating,nan,-434.9402232358525,89.97066882356435,-1170.7834257204972
alternating,-0.5890862532608152,-121.15300577730076,832.9860803626314,-336.5569557815715,876.1603088791535,-357.53945331033844
alternating,-0.5779430674313459,-1234.2142191673368,1928.7693868168603,-1491.6411862996472,503.0592735507566,-1929.6212750490783,174.6240010066046,-1574.2438131833967,1528.2192206018105,-1247.3956795421864,392.20031687683223
alternating,nan,-699.1824878971244,421.3907266303546,-382.83858446109843,1475.666615877074,-652.740631741121,941.8093296820394,-1886.9633532671592,1620.1395700312771,-1785.043903284062
alternating,-0.1354422823628456,-631.7314390440187,289.3721233256381,-782.3033673066321,544.8449483022364,-1017.0243387553439,1847.3086049884625,-1890.1720117299747,1050.6471676802898,-145.57223345074027,156.24617399906947
alternating,-0.13795562237173187,-1470.606064325941,1267.7276894582126
alternating,-0.3227462594435411,-1228.3766468614701,1141.6893264989405,-843.175702253667,271.3877634693034,-1825.5754482532475,1188.833404752379,-1872.7414643480038,784.5159205490683,-809.6410915779637,795.4483917919068
alternating,nan,-1695.7300890439158,1127.3826723178242,-1267.7220283586028,1453.2383522760083,-502.20975304202574,1493.1362737347786,-804.0190691825605,50.022923125227436,-680.3481828243104
alternating,nan,-693.9574468649862,133.52575115111014,-1404.8242907625706
alternating,0.0487102304698539,-572.3598428429748,164.31354057371846,-841.9706271781844,1239.734426385052,-512.9877119539144,672.8951177534094
extreme-scale,-0.13923066516359295,0.0006743006566436983,-0.00019692045419413297,0.00030067218286907084,0.000542605041945219,0.00030460437527118976,-0.00047733908871902607,0.0007979470885571977,-0.00027964002699393785,-0.0004690889350719638,0.00028409360035760376,-0.00043508617799209513
extreme-scale,-0.4003943771683478,8.533544679393401e-05,1.0394222158283785e-06,-7.265072468186849e-05,8.63994891816367e-05,6.320886423497203e-05,6.949292409561544e-05,9.777158505559065e-05,-4.230550761148626e-05,6.964031194386393e-05,-4.6063000373304424e-05,-1.0976057142122664e-05
extreme-scale,nan,-3640.227004790546,-7011.791118646791,-4550.585676037844,-9003.59225178305,3741.880102929651,452.75776692175197,3385.594425940668,-5012.3774880540805,887.8325367984163,-9785.827654023713,-9184.24780080116,-7111.5215004901875,-4985.083418585843
extreme-scale,-0.09668183761272031,-4479.022550107574,3707.9635667069065,-5163.5655509941225,-7790.137913817521,1725.8379519134626,4313.765645155771,-6463.957566890044,8024.409945148336,1353.8407795509634
extreme-scale,-0.19387478103529698,-0.00013166328541646056,0.000783663528152574,-0.0008881272714935986,0.0008391823302653736,-0.0003844830024128594,0.000920945339164408,-0.0002763623863276006,-0.0003475879984641637,-5.211795854579826e-05
extreme-scale,nan,0.0007950030454866884,9.021919802850853e-05,5.4686404771948196e-05,0.00016235840288525693,-0.0006572069277983619,-0.0008434428156375346,1.4987930746660939e-05,0.0006671159744884388,-0.0007392917852665175,0.0008310596612518475
extreme-scale,0.2632781388309249,8.789626786805677,-7.695156226293438,-4.990087244632228,-1.7037109642081183,4.66453892550869,2.153778380269813,-1.6091597566175442,-6.130765504964941,1.816690162775989,0.6774087685723185
extreme-scale,-0.29059642087584214,-68.27514712519522,-62.91796422672593,78.99393153941907
extreme-scale,0.09500314316392133,5.820180494381826,8.687601669442104,-8.272207680972341,1.179783525820175,0.9439750204266906,0.15457805019114756,5.7719495331519255,-5.856172853036707,-6.037666031479754,-6.546472682643023,-1.9206487086402224,-5.877059396323194
extreme-scale,-0.39625504723763993,-0.6467880177577274,0.9430167782569665,-0.18441521002326144,-0.3973813600855134,-0.6914766994849941,-0.47895646479803955,-0.1160690120113077,0.5358587475485586,-0.5486513635651962,-0.6696177075018002,-0.635530477144064,0.321980394539507,0.24964490059380262
extreme-scale,0.20583673050570428,0.5481074162925075,0.08661970544127562,-0.9014205471400694
extreme-scale,0.047412717401235094,0.03118823820254604,-0.07805658842021362,-0.0708157192717245,-0.04578595669979686,-0.056431812905121184,0.05058753951594828,0.07138207056001529,0.08586068695731237,0.05554614688899076
extreme-scale,nan,5921.589508833645,8079.479303964025,-9431.712467568828,-3651.5600277733283,9755.675940572339,5075.775573813992,-3420.444029529006,-5580.089486764972,-4469.5187347607425,-5683.937679067377,8183.619217830534,-1489.9555970844713,8200.466718940233,979.4047990489019
extreme-scale,-0.2478602248654873,-0.009133228623638266,0.00024167793892264868,0.003883858742593713,0.00016920586919976443,0.0011950984762176841,0.002481629777829464,-0.0021950316022348293,-0.0031194976859158243,-0.001987390316897495,0.005472783987833101,0.00206977693994983,-0.0018641079868233468,-0.008304497187713445,0.005702555342577968
extreme-scale,0.22873958590702426,4685.903792967738,81.4317052634772,4002.7977442542497,-4006.1607356877917,-2012.305485715291,9372.801045298804,-9209.914751665827,-3474.951810180209,-9316.219992412436,-7664.573434084076,-9610.203215155023,914.6680323793266,700.3640160762648,-2114.7562135180096
extreme-scale,0.14370002870528142,0.07453647174876786,0.026077169597306528,-0.053671559901408955,-0.04720447018318261,-0.007355810054353685,0.03369188214098564,-0.07163143203471663,0.07124877825315583,0.08066502747147271,-0.0687338154927879,-0.077148404150847,-0.08924734529080124
extreme-scale,0.05829681300898848,9521.33133079503,2605.9699382287226,7529.1565794100015,-1798.7432755174648,-9092.34791885322,-7196.992703051233,602.2990775488424,-901.8614665561819,-4664.595608334563,-2292.018500062982
extreme-scale,1.3286148254565657,1.8432267385419032e-05,-2.41539839754823e-05,-4.3702667906471506e-05
extreme-scale,-0.32753582473989074,-0.09295022725420132,0.009569315629104637,-0.010306216176474915,-0.012708635986049833,-0.007275296081561411,-0.07859561558527611,-0.07269483416787584,0.05999172931228545,0.027176354180944842,-0.0021954501096508763
extreme-scale,nan,0.0002995017364417292,0.0009879458315501127,-7.607516984360796e-05,-5.876452896928841e-05,0.00035327206735072636,0.0002879279159523149
extreme-scale,nan,-95.672295330067,39.8565197765234,-10.343513528927328,-57.93572927994386,-42.04011125750562,87.52426521354568,-13.473195533647676,-83.2120081381796,85.17165390590984,59.398841740904416,-39.441416862907495,-40.73886534944191
extreme-scale,0.3334345437876378,0.05621228560920288,-0.003371265719004901,-0.09545276199318127
extreme-scale,nan,-665534.1313518155,-770679.0257107639,-432181.10815566237,-37713.1879797441,-12448.62936796287,-724780.1709261679,370205.7571690223,-812752.1041960383
extreme-scale,0.7541779172489012,0.0002077866127114607,-1.2622677332187137e-05,-0.0004428019472647784,-0.0008757559873890896,0.0007328503554224685,0.0001355076993424118,0.0007170605807448672,-0.00033399994252731544,0.0006330581856700927,-0.0005560448468374406,-0.00017914206792204012,-8.479166163698482e-06,-0.0007956722470805968
extreme-scale,3.0937294021878117,23.93485906249504,-81.95979161978244,-65.59400904365766
extreme-scale,-0.17784075059789595,-1.198204602294639,-9.995664117173234,-3.2599330855519737,-2.0505853730435897,-6.537396888342258,5.072823628929419,-2.074605653353303,5.6112134763279675,-2.8613147820799,-2.549556343043855,7.991017723641367,-3.068324482638054,5.117137108615206,-3.762445900132212
extreme-scale,0.0012002098499659386,0.47017147267364456,-0.40118509830001603,-0.34168011151541755,0.5698228902469471,0.34588091016743716,0.47941167842181964,0.27666427285888684,-0.7717666793684674,-0.13050042374949733,0.13757849872420658,-0.7021828730787611,0.13702046998522754,0.22875002821726298,-0.6660202288332151,0.36147382901838876
extreme-scale,-0.0006219631191166641,-0.006974506443362705,-0.001711411191077459,0.008210412342688772,0.00046547809316679125
extreme-scale,0.06562105302978738,-332854.24191273627,-536555.1075559176,307631.94429893413,74286.48098412549,-517114.5039196894,660447.5550282795,-333358.60310780554,-94570.78032325117,655075.8975143534,301519.9894208873,850059.1644392357,-958064.4302303529,223493.49596388612,160599.33890860312
extreme-scale,-0.6037941629577012,805129.8510159916,333968.3171445846,-189511.10729545407,728855.9069630632,-299639.54253726196
extreme-scale,nan,0.19348769480205985,-0.6171746573473336,0.802113446504422,0.9088986615063281,0.5267294166647603,0.07859349274306959,0.18630833354643483,0.04152550389262233
extreme-scale,-0.0475691258639066,-87608.22923998968,-34038.95986476504,14885.85612979132,39539.70215960612,-95320.94178787988,19450.484278405944,-79708.15387392491,91940.11613650441,-24317.54822046068,56646.15683174006,37665.57754720954,6222.20406561551,98036.53424379049,-90308.01791835931
extreme-scale,-0.07259376556818531,-0.00104160165328949,-0.008307785634689271,-0.008589136694295223,0.007258858712978762,-0.007976338499642424,-0.0021631418337880828,-0.008863817702763321,0.00749047265903746,-0.0034570585579551728,-0.00023618709386872495,0.002342969949777858,0.006881063188175732,0.008859261699723984,-0.0017185120566700941,-0.0018137054206889536
extreme-scale,nan,-0.00016507301625365178,0.00020053784843690958,-0.0008048142307075616,-0.0002768351041413111
extreme-scale,nan,0.020179160774014427,0.049709921406253146,0.057962405830089915,0.06130339595341257,-0.04152742303295152,-0.05989653640494899,0.04845675225823923
extreme-scale,-0.02428035197303524,-0.001350215406380968,-0.008199535155154085,0.005371260178231665,0.0022460018397262326,0.001535373807455902
extreme-scale,2.212556716335117,-109841.78908446807,378016.49799539504,-126653.34830002495,10988.13970316348,467199.4305677369,-205364.78535774405,192502.33204198896,539183.9340408369
extreme-scale,-0.19805660257154367,0.21436154073864389,0.12946035359372488,-0.9457048407679558,-0.8614680358297953,-0.7157096120130375,-0.25465796358244397,0.8384427622942325,0.9451922844094198,-0.9621261637559861,0.4533119438714046
extreme-scale,0.8032012266967357,0.00045307378693369314,0.0008705016160385015,-0.0021814596149335053,-0.0015533047478764228
extreme-scale,-0.2126876398833265,947.9273597882805,-844.7406980678671,153.94023169240546,-113.54783382851785,-30.019661440796153,385.38440553750996,873.6575227694827,-700.0420954396204,-150.79520550554372
extreme-scale,0.8418455869901509,694925.4989902973,-808714.9265752072,-957923.3448375453,66683.66765658895,290987.01889251877,-91769.21498484036,57111.77004237866,-216568.71296078915,-470441.2133383251
extreme-scale,0.12220241988949798,-77.32849011802647,91.70912214560818,-95.90290594790642,-37.15531443941409,-17.451591427721013,81.91712800121633,8.813072770360254,81.94427086827449,9.382205222306993,30.342735215595585,-5.441057663273985,23.78120925594689,-22.38858325558608,57.30951172829437,-23.05704853807191
extreme-scale,-0.4685115122311124,54.95708308565605,-4374.042492925605,-2121.3508901324494,2354.8021804881846
extreme-scale,-0.2543252413349305,-2.405174200915368e-05,8.224880686095442e-05,1.147244889689718e-05,-2.458602621283006e-05,-1.4711621486752425e-05
extreme-scale,nan,-16330.415385058106,-38535.616093542834,90418.32905993848,14546.464042248841,-5803.1711504114455,-19126.81482317087,-71687.13650068863,-96458.7965269961,-6761.951528606991
extreme-scale,-0.07401892433665436,-9.526521710452914e-05,-8.529909133520766e-05,8.999226117305095e-05,-3.1083277296732885e-05,8.938420800268754e-05
extreme-scale,-0.011689688330303594,-260301.14652329427,-834696.467443085,694690.65409325,-468529.0262747501,-139511.34551250454,-45294.111397779394,-58211.80372277146,404383.76337794436,139499.34053223734,488831.0090123451
extreme-scale,-0.9105511165206795,-0.007256989561741652,-0.007974922141157796,0.0007714118005415927
extreme-scale,6.521805034552427,7049.666943331245,-62247.21376123479,76643.57470818584,-65493.39324884154,71602.13479714979,77973.70683958683,-77624.11159066085,-58863.83312002332,-4757.57408441293,13945.043259611146,88101.54195201048,-79270.69253449255
extreme-scale,nan,0.008435966567491527,-0.0024864807640462526,0.0031236830950652685,-0.0007496857924689171,-0.007304364737001658,0.00859165361899082,0.0007162985879495443,-0.00857521484148779,0.0029678639043318735,0.00728202177497566
extreme-scale,0.023308842824150577,-0.002018655189102625,0.08656474407400137,0.004174740662618271,-0.09275614342839321
extreme-scale,-0.16956941533193404,47291.51892318728,-318115.53718723153,255096.9844719626,459240.6605676682,796386.9984950789,-991522.485094972
extreme-scale,nan,-4.382144914534694,3.5511510886509123,4.925726229846936,-0.4465496617223863,-9.873562472523718,3.057668393070645,4.467430732440471,-9.534445081963474
extreme-scale,1.3828683658737106,0.00025012025955620134,-0.0006095597637721661,0.000338223541435998,-0.0007289697513854013
extreme-scale,nan,-0.04661473968842307,0.0030238108754935267,-0.02926750525263775,-0.047435575974565804,0.036919118398815454,0.025560956450856032,0.018685806023435482,-0.07710562681313533,-0.021359267241502413,0.021073714339395113,-0.014891278239755314,-0.06715057298583507,-0.06226685577921276,-0.0927353420512228
extreme-scale,nan,0.0007877041432913959,0.00048413656974324626,0.0009435899843446516,-0.0007028218525070045,-0.0003992132504113808,-0.0002522566330470224,0.0006110217967331076
extreme-scale,1.588833458729138,-230672.25983164686,554779.3867939159,99897.4177049492,-102511.99215475438,558212.7600105504,-467667.7171671513,-615930.4559920446,793609.4457984857
extreme-scale,-0.15143712340597515,0.00013026277562337563,0.00018768028285358373,0.0008495804999018781,0.0004801353815032399,-0.000607838297209105,0.0005591453244082285,0.0005703761734672455,-0.0002209422047320846,0.0008913350810403269,0.0001354161826063296,-0.0003387280872040834,0.0008521706854513713,-0.0007857307736191801,-0.0005861938136630147
extreme-scale,8.235436211008999,-6141.885510240819,52512.19902321611,48796.55425024276,-84408.30175569894,-74107.69585842997,68958.4186879997,95217.88887569164,-6020.981600600628,-80027.99372718978,67702.64783593059
extreme-scale,0.24498875565567446,-7.55232830190844e-05,0.0004211614666863475,0.0003245737090215857,0.00041208646371936443,0.00016635235397217252,-0.0009642944953792925,-0.0005255996686109514,-0.0009945401862635269,-0.0005542241339812242,0.0002666176167035632,-0.00048226399451503643,0.0004001249461743379
extreme-scale,0.32821755172171496,-6.269272688151875e-05,5.015846152579269e-05,-2.1455488290578663e-05,6.0887663810522265e-05,3.45645575876157e-05
extreme-scale,-0.2538548769634238,-0.0019249901757683063,-0.001750613985028313,0.00834487484316229,-6.33538290575597e-05,-0.007919619439750803,-0.0059636021814988395,0.00703567457835536
extreme-scale,0.7509424670374438,422.1693697692379,-82.2885483952378,-985.0459545009809,-67.47317656067887,327.2318998334745,-891.8174692532464,-631.8504068247688
extreme-scale,38.20362812103084,-2435.934329160405,96855.04639492964,-55030.77055760801,69879.96526373035,41867.7750750343,-67348.86771645416,-30199.49590561688,30672.55250169605,23330.808669071623,-99259.75235720008,-52799.12380050864,31028.842291392288,-29227.22803907565,49595.80746232681,35715.85084521731
extreme-scale,nan,9.85930835742785,-1.5959769957254166,0.2764160522033521,5.506064174747083,1.9519610475614635
extreme-scale,0.2167984356553212,0.005993235283636911,-0.0012277034650545417,-0.07024680624847608,0.0764965878811335
extreme-scale,2.1462483354896773,0.004008964353826896,-0.009096118545359948,-0.009156196378700266,-0.007173433920203254,0.006363252004208278,-0.00803356383104431,-0.000810836837633786,-0.001650069355847874,0.0015930371130956655,-0.009520385386035621,0.005474849663835928,0.008685735385346545,-0.003399003768381219,-0.0023684202163206324
extreme-scale,-0.4542947711315659,-8.070580834343332,3.0926985294675435,4.557859727816496,-9.074798484016714,-4.822421203021118,-6.8288095475032495,8.437099885449676,-1.1680811875671848
extreme-scale,1.8777614575485715,-2.335333538168536,3.9862457779289784,9.993692079697414,-5.125416121929753,-4.940060996317701,4.094496722588376,5.2979978778865755,0.542659105310006,-2.832851280932802,9.27985203110589
extreme-scale,-0.8023186277769292,29472.84089022324,77813.21172465847,62773.4654981222,-17365.384807979222,-87057.28026911133,-75417.60898985813,72971.17941878419,-58950.614475729424,59696.33885930712,19496.972884398358,-12364.049262811317,39938.253825581494,64299.87368782273,-14221.000525094762
extreme-scale,0.19417536418999926,-93.89682313764418,18.733001930432746,89.84340421275317,46.72412142296889,-49.55765830128851,29.483370228706775
extreme-scale,nan,2.4931313125638234e-05,7.950709617895354e-05,-8.611954883436712e-05,4.487362162684037e-05
extreme-scale,nan,-42132.92601377077,29933.84745416383,-99930.85148553636
extreme-scale,0.5415587386106182,-0.005220192487052267,0.004950999177043656,0.004773026839392058
extreme-scale,1.1758197440906573,551519.5749932538,-658224.12425243,-761276.1416445061,-688933.9355726934,-299556.9172995549,-357279.4118014262,-6090.752678420186,-130812.58665992146
extreme-scale,-0.6644054408722293,-0.0006942963450065203,-0.0007636728673155675,-0.000992382839938181,-0.0004647067808586032,0.0008933163698655688,0.0004888760982714038,-0.00018291959003345393,-0.0006813694460432798,0.00022333011979521112
extreme-scale,nan,0.7754821927581823,-0.9241174170855366,0.6964888535140912,0.4324727009910301,-0.2541637629108511,0.3681791159128891,0.9736421975733254,0.0987595043206031,0.2037781290454448,0.9636052052414148,0.8278824295112406
extreme-scale,nan,0.0479286078332557,0.09515786117799457,0.07091554205879234,-0.08700676615798729,-0.09906064859880492,-0.004272317604086063,0.07324009027393208
extreme-scale,5.427308625467656,-8.35460928925622e-05,0.000475695285707219,0.0004116341760380249,-0.00017887959761449923,0.0003659462937875344,0.0003217917423956609
extreme-scale,0.06918858232120417,-0.063047180719856,0.01881118514665936,-0.009504198787572849,-0.08891056426269135,-0.04263919604882771,0.03775793674725676,0.09398466965193415,0.019012791855984257,-0.04067559147007696,0.07416266083347016,-0.02409154318708522,0.08422501133670049,-0.05755737147280831,0.05581383304828196,0.0379927648095753
extreme-scale,nan,-8096.979654242844,-4978.174391771046,4290.161614429598,-5530.21710923725,9183.734783257114,-6314.168959221478,4776.952430063444,-9333.81016565366
extreme-scale,nan,4594.319274664227,39397.83682461036,87098.1716131846,68964.2253174847,-303.87765525339285,90573.48462040791
extreme-scale,-0.04573755571074434,6520.393016905155,9015.043199077509,-8561.430478899545,6509.797022263954,7778.0702191064875,-4210.140157878359,-4181.537068239891,-785.7218869278504,-7187.364816113711,-679.6246941838647
extreme-scale,0.03401910584589052,-9.261965715086003e-05,7.113090344302942e-05,-4.7860979586475e-05,-4.6868165844336154e-05,9.096308055453864e-05,5.82408800628276e-05,9.76037377797225e-05,2.892469935087354e-05,-1.770178239157423e-05,-6.0991281522000643e-05,4.242130067474972e-05,-5.0345727080481664e-05,-8.579741981119813e-05
extreme-scale,nan,-9359.610472238535,-2895.5938807260486,2834.2061925962425,-2564.672101969383,810.033439113278,-4669.110967823775
extreme-scale,-0.24046842566611304,0.030231682047905075,-0.028479297423225636,-0.060769364097650616,0.08882657981753848,0.0687111936955422,-0.03381191302566353,-0.025483234244219524,0.07639630231279942,0.09754258685904267,0.044398669446095496,-0.011132526408565102,-0.08678205167950555
extreme-scale,1.0863179083244558,626198.6812689686,-894414.4717419549,-758304.1065759035,-339643.45333380153,173143.31429017725,-81759.11397602697,962430.2476829316,-712023.4492155777,-172869.61728144856
extreme-scale,0.7886235005778193,0.00047007429921539634,-0.00036541786679425984,-0.0007830995992297303,-5.19481164960347e-05,0.0001594542111665218,0.0002709456150749481,-0.0005197282889867674,-0.0008492435460346646,-0.0007116108830237731,-0.0009633688578858779,0.0004779106727416187,-0.0008451686674148873
extreme-scale,0.4164277182443352,-0.39037208266010537,-0.5279767247515623,0.9338264773552349,0.615160765766648,0.37703410767620804,-0.4809921676606064,0.7992748670229921,-0.6255977904020131,0.0822373929156981,0.37549042464566784,0.227975197228673,-0.03883585628993047
extreme-scale,-0.05621258847612165,-0.0006831776238688277,-0.0009885601770550534,0.0006415600616077953,3.9671406745206194e-05,0.0008093025872217842,0.0009148087915193473,0.00042785644628816355,0.0006897005155432587,-0.0004392506836155472,0.00029200068512558766,8.03828846656649e-05,0.0002603790884845609,-0.0007501904352593197,-0.00011103275754810693,-0.0007160366603440869
extreme-scale,-0.009954182957046975,22.687913781878464,-43.28253967197453,1.37981290207283,-60.81676550625335,53.571009470527265,-38.896256641501026,35.128625886327924,-72.70314149464295,-94.85855941455623,78.24218643095264,96.37466973315227,-83.39080102416578,99.17543425865294
extreme-scale,-0.16153101504342948,-0.40435879032411437,0.33789519737857177,0.5299827092463982,-0.6927283206062524,0.7682941664763605,-0.4690233183630139
extreme-scale,0.1684126043428522,0.8845436927092742,-0.9033982139382732,0.911586165270392,0.1142875308673148,-0.6518912291997201,-0.7903571842205739,-0.10723250733804823,-0.010680602596853106,-0.014264053794438514,-0.16022199367638867,0.06137281045129295,-0.6874588438698654,0.40417784401532986
extreme-scale,-0.18297073479552017,497570.41215665423,451752.082711858,-186589.6181429314,-400917.5241209395,-250363.79946831457,631203.9414770398,78653.25681220359,-248887.18467732886,-610096.0628118641,877894.1267362778,-369396.5758467752
extreme-scale,nan,6172.2225180078485,-6553.5794377734865,1566.8177736604628,452.9585590327612,-1364.576799105568,7902.792304135404,4139.182491920046,1679.502728145894,-388.3302611290884,3182.9511848295742
extreme-scale,nan,-0.12492299671531915,-0.9575182852249313,-0.15561135658035763,0.24651032431881248,-0.35115913754784533
extreme-scale,nan,-0.08919223096027006,0.014055660997485854,0.07633089252358168,-0.04162335812949472,-0.014586850463659151,0.047786071601112236,-0.018298543089547793,-0.03652927419998784,-0.07922760894824502,0.025242565478900404,0.09395289684264983,-0.0714963448469018,-0.04190930515652502
extreme-scale,-0.012254957770990171,-0.0003338781738098977,-0.0008642427218998796,-0.00017927817427551673,-9.643759485429282e-07,-0.0009751985508233571,-0.0004039709379896217,5.741957247374585e-05,0.0003715126263453683,0.0003377499479355939,0.0009467629787587047,0.0008400417621501577
extreme-scale,nan,-0.007420756780816174,-0.0040595670257663535,-0.07242900142243176,0.06241720835487985,0.022003848464483,-0.09269765439597018,-0.08430151172656691,-0.07633317677145686
extreme-scale,nan,-0.05997057469403877,-0.054150028310710564,-0.05831133770562731,-0.07455255839853407,-0.0741533993500566,0.05184634644243498,-0.04737942568131706,-0.06859988596310043
extreme-scale,0.672512157201588,0.001823177726847638,-0.0011548523084290885,-0.003168464906987316
extreme-scale,-0.36981074143430037,-1662.901862703201,-5548.233755824774,-3427.687119801699,-9707.2658957819,8022.368102416382,-7687.2780852560445,-7716.571375533059,2598.950704804792,3525.2496908974317
extreme-scale,nan,-28423.481590947762,-22460.266807549622,51665.73834986683,-33092.20367144161
extreme-scale,-0.6265109120997212,1356.242065012503,2878.6889829578668,-54678.944357243585,-42033.29594229688,-96458.87949657097,97585.08830044139,99558.09184379518,-72016.64419770488,-56902.70927145342,-32277.25486111428,21423.020587236617
extreme-scale,nan,-44.16287920772033,35.74797873546387,71.10949423316622,-73.80810844029959,-96.50545905123806,-61.037487355190876
extreme-scale,nan,-6.326239162797219e-05,1.6759909171256828e-05,9.376419164403169e-05,-2.1881671660540316e-05,-3.0296801514897045e-05
extreme-scale,6.460672328181774,-11.371681763038444,81.13950040053489,24.121505124866594,33.044233547486556,-47.29683018520636,-48.05850059013763,70.92698462957769,69.2870361722123,-1.4580429977303133,94.74803183905911
extreme-scale,0.15192469608869041,0.00045296642741980063,-0.00018587915793541888,-0.00046475985352257675,0.0008424730048827554,-0.00043197003358912746,-0.0005292321418254317,0.00015881265058757577,0.0009114011408113683,-0.0004216128106535899,0.0005108668674423959,-0.0009828170932807082,-0.00015177366478413146,6.96955235507386e-05,-0.00036745103163190573,-0.0006035134532594249
extreme-scale,-0.06719815219169067,-3.990904354005509,57.50761249947198,86.75507889538181,-57.51614728132197,17.614156978335906,-64.29631632359542,-12.335280734490507
extreme-scale,nan,0.286576467608493,-0.6772210093440816,0.6089549419742362,0.7291076224504134,-0.9160722432833275,-0.1204861539024209,0.20566116687566205,-0.27198318103770913,0.5099297036052768,0.18803554559749447
extreme-scale,nan,-0.04536911486498281,-0.07243592812902347,-0.09312771933042117,-0.07551556860912541,-0.02370588873385562,-0.008648638057357673,-0.0963682546302171,0.053942705695067185,0.0805748166691433,-0.09284807505711233
extreme-scale,-0.03175430548597169,-698.1426217137845,-202.7987192590941,626.8008777746021,252.2233677677661,-34.15179074950325
extreme-scale,nan,-0.7842648754943848,-5.531114454281944,-0.4826587626762002,-1.2388030677664186,5.519217573506648,-3.02976787683227
extreme-scale,0.3262100362957101,236.91986440266422,-860.960380937678,802.391794761838,-749.1067219100809,830.8806256370735,194.0754135395846,-281.2953543222756,-81.16303455924512,99.69584686414801,-676.0864226739183,387.49721761465895,984.2886561721945
extreme-scale,-0.26985064488562005,0.0011233224790254015,-0.02980855652764285,-0.0030605972625748824,0.007520727026589191,-0.04320149087907295,-0.0188321380103232,-0.0551154475063524,-0.016654530258839586,0.02734420387981338,-0.052147044752818394,-0.047429841403465026,-0.014356054489700676,-0.04181387826771302,0.07892088837968535
extreme-scale,-0.22470545410117448,-5167.759589557623,-2006.8554959522512,-5131.843063517028,-1766.910649839839,-5703.944761586641,4209.016876584155,-1674.727302890624,-1109.5979043837144,927.0431521210365,2838.4563905845985
extreme-scale,nan,-5.2809006407900186e-05,-5.272288474295995e-06,6.361633784527546e-05,8.626371280282593e-05,-9.361129570975626e-05
extreme-scale,0.23115683252158425,-9432.378972053597,1928.1957709371334,9127.225115805213,6172.688552567607,-4361.525063882934,733.1509527140856,613.05261788138
extreme-scale,0.6109387563356525,-0.020162938886622017,0.07779538264441521,-0.03908069889750887,-0.09484411113260104,0.05449521877679367,0.09101361400911478,-0.06159163089197697,-0.09005009613470219,-0.017277387438732795,-0.02374834687901675,0.04591981217581836,0.0915458254249121,-0.07199282034132995,-0.02092584656098755,-0.023761118136432738
extreme-scale,-0.8322550649600664,2.9758078879314365,34.35574756962831,73.97169461620099,0.02222984691699903,67.41116551857755,-24.015127752297573,4.210273662940467,84.14016769335795,-4.629742522031988,17.887375866473665,37.50615612082859,-6.839840441051392
extreme-scale,-0.4150416229721503,-0.004426242336032393,-0.9884699254428724,-0.06228520141481386,-0.11011618189875683,-0.5010829251658282,-0.32186386750360607,0.9307985035557456,-0.9810687235951092,0.19134154547711457,-0.6778729188765011,-0.04603595693786744,-0.511862606180812,-0.5548266582080073,0.6033759966064178
extreme-scale,-0.3024507164364204,0.0009649680872245117,0.00011683843377624826,0.0008409003184521355,-0.0008690306631492673,0.0008230874432086179,-0.0009180475958820147,7.588908329340116e-06,-8.377406124954745e-05,0.0008966384144107067,0.00086255980702274,-0.0009627167704102932
extreme-scale,nan,90.6959283751873,-66.6980413476546,35.472090381680665,36.98024015957271,36.47031830863789
extreme-scale,-0.16404354820459932,99732.75527240329,78703.13682852415,78775.75327806006,-77623.04631764405,-84842.96307773776
extreme-scale,-0.10896578453588646,-6.892708016146483e-05,5.343438210665246e-05,8.464585176612425e-05,8.960405471552633e-05,-2.6325598614258585e-05,-1.1779118288000046e-05,-4.293423296838337e-05,-3.379742368781007e-05
extreme-scale,-0.3485648071430052,-130.01061587330474,750.8904829041913,120.71994989354029,-610.4049685945814,422.0073948431311,647.6383517074671,-836.2937335924165,198.14228621598562
extreme-scale,nan,-19.88647964988799,-42.7397230238501,91.3062736251918,-93.70178856664101
extreme-scale,0.23124418777199018,-7.417459453969924e-05,3.808687273538061e-05,-6.932197761525387e-05,4.265457448045307e-05,9.600680195102606e-05,-1.9659035168539175e-05,8.020569562440573e-06,5.1322328007445316e-05,8.989895682975067e-05
extreme-scale,-0.4926766166847173,-0.0030947796526667195,0.006159130167400333,0.008182310284780525,-0.003614697502984012,0.0037288219232829703,-0.002333764231129045
extreme-scale,nan,5.381785900545384,-3.4320489717602576,0.5884326119097039
extreme-scale,-0.14595094589971302,-8.12849484316479e-05,-4.713174275306076e-05,-4.802327835043194e-05,-3.834171304427399e-05,-6.776940578048665e-05,5.701695872773549e-05,8.162288766029722e-05,2.0781969561281555e-05,-6.868811751080742e-05,9.395770347513246e-05,-9.097271566985104e-05,5.48512578495473e-05,-3.5740519014852534e-06
extreme-scale,-0.21770718901509178,7.50231606338988,4.700711334876308,-8.210782613930842,2.3018000110128156,-0.7836418281876201,-6.911454308174811,6.51529428386316,4.6189957716232914,9.435541119332221,-1.8167054614130107,2.705626164097965,7.367944143786445,-4.54551271634148,-5.70544707603778
extreme-scale,0.10301312483095337,0.009405948004555955,-0.006762083282822207,-0.007188946965650165,-0.0014149682177388057,0.008717326404201768,0.002448245425970621,-0.009482576624564743,0.00413633361022667,0.0012374396253480335,-0.0003809294597255608,0.002825894761999539,-0.005836359459866878
extreme-scale,-0.18321168538396082,-75.51978766836423,28.129195100442427,-76.99391501415833,-58.150258060666516,64.20955240446446,-64.77576961244469,-70.15119936192463,66.12906910135028,75.49350171592313,-49.43642355324545,24.46939443650502
extreme-scale,nan,0.003957756504388362,0.0008160354091834621,0.0031672862770802837,-0.008929505098831012,-0.006514582223789656,0.004627518571471059,0.0024487172179898553,0.005091043389127488,-0.006718686458585257,0.006899971727674777,4.316976801516326e-05
extreme-scale,-0.8703491739937905,-8.06345462375781,0.4193929370138294,0.6493078274670849,-9.546265684352848,1.2281311554680086
extreme-scale,nan,99104.17976902115,70197.93639910739,-13519.53138097859,-17438.710142938453,59837.06677813718,72050.95784713166,34077.66892752504,71507.30265075658,-60288.49420169231,80613.67479608394,55677.34820469006
extreme-scale,-0.24124112792415842,0.004247287169734291,0.006379357852047265,-0.0037441298229293806,0.0026500327502331643,0.008399152372156105,-0.006570353616926634,0.004158882385985836,-0.0023668087298827456,-0.0033139233870535458,0.001107355190127206
extreme-scale,nan,-46379.21672677274,-96459.94063298442,87189.71544019844,25272.07923903516,-95662.49533673831,78745.91353169036,-31634.79038158048
extreme-scale,-0.13408703775064645,3.7088399088859393e-05,8.897900232592456e-05,-2.5318662308585285e-05,-6.887340587630568e-05
extreme-scale,nan,-4.200040159472467,-0.8899841109303419,-8.1809403903595,-8.083786970089095,3.4530323519715878,-7.2480767205460905,-8.574307561073446,-6.4262202438196265,3.997909727460227,5.417821141956278,-2.781197353900291,-5.334398635431123
extreme-scale,1.1246096166391744,0.0012481553314605876,0.0007132377802897749,-0.005657206611651143,-0.007551754361479486,0.007429805934615026,0.0054451917265837604,-0.000524561920342046,-0.0012411165177655702,-0.005765304275881742,-0.004721595057862456,-0.0006007279252153098,-0.007837373191209134
extreme-scale,nan,-0.0002721857021772989,-0.0009205791332066353,0.0007131120578905288,-0.0004127033238135873,-0.0005200849361995512,0.00018797412190067875,0.0008867647860070673,-0.0007200449538892875,-0.0009209539379565877,-0.00010769884831148224,-0.000701688704076237
extreme-scale,-0.796923445904831,-570.7922342188492,-718.3134914625646,169.41214990346265
extreme-scale,nan,182.16680575001809,209.37828982088047,-44.91422276690948,877.9873315868305,-92.39832072972098,291.9459995316156,163.93437376112075
extreme-scale,-0.02979464156828704,-113287.39915610342,919001.9322169281,532000.720971737,856927.0989811093,745556.0064691375,-126304.7877354293,-763937.6526484967,-242480.12790116415,-115257.89137004661,51921.96489611267,-771235.7289063323,730843.6040531446,-673686.1095428918,-344615.1844963177,-153405.29936826086
extreme-scale,0.1356489266358496,0.007140476354640197,0.0065894283053521295,-0.0029964530360598453,-0.009121198966149678,-0.006023712190827493,-0.0033092112929260886,0.003929653013159291,0.006377818988692101,-0.0009525457098243218,0.007854305164284441,-0.009153074627857397,-0.004352154220069504,-0.009132632864904885
extreme-scale,0.14202064779080614,0.07558572528503511,-0.022262792802672585,0.0022621333733210624,0.05488533623538783,-0.0504151274129943,-0.06623004302576922,-0.09062928418063143,0.04039471636191619,-0.017456176816555913
extreme-scale,-0.1990386057311886,1.3412804553314528,-4.4499537958772155,-6.404466906255541,-7.3368165732718555,5.251821713825448,5.180592313868586
extreme-scale,0.6725040442346637,-223.78962620439924,-222.00418636916862,213.4436528795658,997.3009688623144,524.675759666634
extreme-scale,0.22559339827289215,-11.957623024180442,68.12097678317421,83.33217960749779,-85.78224279623974,8.690799411397787,-29.985477563879858,-73.88049371746557,-98.49725694802662
extreme-scale,-0.8674185529961926,0.0004116231086975899,0.0007930429529527656,-0.00011237822742052984
extreme-scale,nan,0.2834018687766027,0.4625829687681908,-0.36176544932277177,-0.018046300880704358,-0.28901496827455664,0.6926255062907931,-0.3207485736639195,0.5242752190614564,-0.5892868630800325,-0.7580069815234247,0.6073759743717275,0.32158338158703015,0.5298197580993276,0.9770398990349005,0.6705289437044584
extreme-scale,-0.17255606890383834,26067.0807740472,-57101.68941222045,55932.42883244511,-4551.13141068173,43505.821787210916,63184.665746977764,77641.66100283891,-94123.43466408344,-38215.71006578903
extreme-scale,0.16036531534830267,-0.009672253713117742,0.005970897156137172,-0.0014707453509818413,0.0030746422003664797,-0.0015767187931974825,0.0034872615141767873,0.004088015402883745,0.0033655152802713473
extreme-scale,0.39314675373016117,-38.57695209981233,-12.73833565514646,19.50586110289172,6.965424184397095,27.585678883559474,92.59480786259616,74.03924465287051
extreme-scale,nan,-61.948271415220105,88.85893193638714,-35.69609769550519,9.450192239063004,-5.901384718295399,-35.283062886672155,10.395638266498985,-99.2203759076892,7.537029953417829,-32.370266142127015
extreme-scale,0.06351084827099784,0.00019440198229491346,0.00018501624494752256,-6.7028260524026884e-06,0.0002326436038612334,-0.00017416756505797372,0.0009404547901630785,-0.0008205243449870614,-0.000836925398335777
extreme-scale,-0.570200218664574,-61.87860758695136,-40.074242235618215,-14.007942724585964,59.77025145336074,-97.99422381344112,-18.21375514388832,-62.056581812533864,47.80695354322169,-4.901444445492276
extreme-scale,-0.8148744198305589,-7.739187034173714,5.253561892889231,-9.150435742908499,-9.634509749017631,1.4067275593107942,-5.880236723090658,-5.295973948518736,-0.5803659523819626,-6.248455415408339,-3.4013087003684683,-4.459474103642071,-9.781899485128987,1.9930154292181856
extreme-scale,nan,0.9032147836767583,0.7692322185108091,-0.08814309708947743,0.9005774879496089,0.9936846898746945,0.9502485948993284,0.9629909213272148
extreme-scale,nan,0.0008610781584866975,-0.000293775008514537,0.0004168889419704849,6.87481731337083e-05,0.0009871896496210105,0.0008956843464153695,-0.0009639887832129968,-0.0002582358021028466,0.00039703565332172453,-0.0006471720134399515,-0.0003766661496737764,0.0008383840845200825,0.0007249245684087922,0.0006729659475798446
extreme-scale,-0.3025773748409132,-9.811662425081419e-05,6.313511810975743e-05,-7.279506812156389e-05,-1.269208761645051e-05,1.4671272282154347e-05,-7.752703357182507e-05,-7.09099617611483e-05,9.780934154579762e-05
extreme-scale,-0.19053006640151127,-699.5960771585541,956.8844998822188,-517.1795466001206,655.4279569607404,184.13696185129734,-733.2953276684216,368.4823726299122,546.1154713437921,83.27706571293136,-156.5462508373352,402.583260667251,-556.468891896642
extreme-scale,nan,-507.2894183643522,142.27130418947564,3.1685045450535743,-734.510581547594
extreme-scale,-0.07947639217676128,-0.034535967080126254,0.09908354950959902,-0.06194422118864591
extreme-scale,-0.20415203707503615,-59.354306673297266,-54.232524305867116,-79.38744554289094,6.306833013018265,96.41034559750292
extreme-scale,nan,5.44294062411393e-05,-7.720423269636148e-05,4.914378071381491e-05
extreme-scale,nan,0.00029963309150316507,0.0003288136070983483,3.971352809609141e-05,-0.0006790339654369833,0.0006789471718190594,0.0007449753971253932,0.0007306704514716625,-8.473765360745512e-05,0.0003971131648435804,0.00019391383075949653,0.00021982640168797342,0.0003127783262717598,0.0004653590784801809
extreme-scale,nan,6942.530122482242,9150.319825797846,1145.5165238435904,9529.603377996691,-2418.8336661205967,2885.9013600184257,-2257.225408489598,-9275.711164427883,9807.517898550426,6645.071230061175,-5266.607549411408,3208.7025046106587,7419.9559896621395,5421.607290313517
extreme-scale,-0.07865516318262733,-64387.44443010103,-3108.906241982745,14921.095014528408,-96675.35406602643,-39372.33407017664,-59027.4196948519,-34317.60321237007,80733.86811497086,12982.500146092147,61526.10413211372,21229.338075975647,10272.02689414346,2942.9925893158515,47423.197898263345,-45198.28671857238
extreme-scale,-0.5644162530585657,-741252.8369334385,756284.4218257008,914399.6150805019,408828.7657348184,-699068.9877186649,135762.34485525073
extreme-scale,-0.5147443111296808,-4.775325931270569e-05,-0.0003073271664811512,0.000472912187450548,0.0002000538318958065,-0.0002783982157048932,-0.0005404234661687775,0.00010067852277157408,-4.1061582981663404e-05,0.0004877775756362868,0.0006565053549057884,-0.0008267074917531434,-0.0009188766775101587,0.000542041531014641
extreme-scale,-0.040456626962474096,612.4867728613772,-531.5076379071234,756.653606730628,-340.2322190474838,-554.792599479871,922.815160092044,-544.605905753542,794.5865586104794,55.689912095368,-239.41832336337998,-631.8784641740589,-376.3862194816778,-390.06912079901633,684.5933600877428,-29.064144957411386
extreme-scale,0.30166135113132,9.264148096964207e-05,-4.467835476852784e-05,-9.073817633589503e-05,-2.3857193437853997e-05,-6.326108729310416e-05,5.6846328086970546e-05,7.199047730761411e-05,3.5938245972272377e-05,-6.262563923386722e-05
extreme-scale,nan,-962165.4602610987,159182.37417938362,-769344.9457210281,-133570.35286910125
extreme-scale,-0.8327771869763543,0.046341845024178485,0.019645248032786666,-0.0638316738350521,-0.00538881004282219,0.01902585181795362,0.021172867637749726,-0.09593523205614587,0.019929384402888675,0.0762813220060552,0.08227262780051614,-0.015912254623788136
extreme-scale,-0.30331546282695376,3886.99826596532,-4726.793631049098,-9758.189217072846,-9269.995041616257,-3789.6905029708773,228.27553777278632,7445.210717899337
extreme-scale,0.031206798245101863,-27412.959301740037,-45133.9570412689,-48151.18099196767,-29892.361675209544,59601.02903082476,80379.18044074277,12818.633065106533,-28116.3212172451,-54655.42280586355,-15305.582941769513,26353.999776191507,61860.5377956176,75560.86904830739,-40717.75307530907
extreme-scale,-0.12467789468011381,0.9366233885264232,0.36734228096106425,-0.3817924888693889,0.4128479636048674,0.15322633327573953,-0.5426277256834469,-0.305219894251322
extreme-scale,0.18488716341979838,0.0029014557269562303,-0.009459113196475511,0.00989803723145994,-0.005066275223233039,0.009736037330530911,-0.002022578330534668,-0.008291825420014299
extreme-scale,2.5158485454180273,2114.905677775545,-6064.4609401735925,-5788.465813510517,5909.109374357011,-7958.418834292686,-5261.984499315686,8479.852801185592,-1508.6950975847224,-1995.7698049250116
extreme-scale,-0.6438405743760012,-0.0006753410886454589,-0.00042813598412784715,-5.197825925753752e-05,-0.0008202272367695924,0.0003289344705447803
extreme-scale,0.2216344667889123,-390906.5932619613,-23343.844992211205,-957157.9640160073,704304.2925053335,-658137.1191125467,891420.782661561,866883.2561734972,600432.3325640672,780571.9470467987,721131.3916963906,-385636.5762684686
extreme-scale,-0.25779700617081747,-249585.86222789926,847879.7513271106,827831.0538695133,-911785.580521842,-390558.9952112882,513125.42664014973,352154.334734329,-347361.2052144024,952288.2555887126,292796.85120836674,-765414.8245159214
extreme-scale,3.7772596258679503,-0.022614155959234973,0.09530593105030088,0.06080382920006784
extreme-scale,-0.02795059169579328,-13393.665913987696,19623.55220719374,-65612.7026237656,22789.018422482244,91968.25418211501,50673.516011424625,37603.25838440661,-10906.133474293078,-56797.99378134713,39492.75415913236,-48348.06972185626,24652.91521839885,-74036.59023627012
extreme-scale,-0.1728522080380659,-7.311710133205506e-05,-0.000501151616286297,7.417278457418286e-05,0.0007821799351808006,-2.439984451894661e-05,-0.0008788051102061481,-0.00012999932848202134,0.0005076064151768491
extreme-scale,nan,3822.9390215924973,-23322.5605313234,40869.313688553244,-1797.972818811444,41426.81353966415,29148.491663484234,192.73889531634669,85333.08072629267
extreme-scale,-0.7540593038284807,84055.37925837837,91766.49238208718,-27653.358124036175
extreme-scale,-0.2067169164024475,-502.2649392485607,657.3677804450189,-238.59742887590696,-448.32492949748047,461.3454731768096,532.8105270869905,984.281709466567,-369.20841196614606,323.72554496860937,146.3428011587884,-424.701507220574,293.8143691275734,-415.0125216600915
near-double-roots,0.32538680797363795,11.71760581064639,-53.19027997689178,94.8596049308493,-85.14610983773231,40.93333500323689,-10.079359537177357,1.0
near-double-roots,-0.047961578231799806,-444.15493567473135,2507.214896992537,-5744.872038776876,7195.873233909705,-5521.83777079563,2722.2806252756227,-868.9376619669224,174.12382487160275,-19.95790267218853,1.0
near-double-roots,-0.4930659334022811,13.453255033541437,-118.76483113964487,455.45368319388814,-999.8688086243396,1394.1767001329176,-1293.704321677064,811.5104775894222,-340.76872370086437,91.9177987284314,-14.414662443273656,1.0
near-double-roots,-0.30868131924996367,8.461063280393402,-20.113719148500426,17.77123253613877,-6.91481881282342,1.0
near-double-roots,0.0380262951174537,4.617339361307065,-13.75338614401511,14.539120526172658,-6.400466161220435,1.0
near-double-roots,0.038346565858200066,67.71080935236367,-364.9179596771875,826.642171113554,-1027.007054881717,766.206234781111,-352.62571041289556,98.15435838551419,-15.168497329994484,1.0
near-double-roots,-0.02634010223797234,83.62416690955271,-255.5222590607435,314.2355491292637,-200.94409551994505,70.8822692049151,-13.127870120414881,1.0
near-double-roots,-0.08538705221284426,2.564438477487458,-19.466655188238718,63.32703692425301,-115.41838255101752,129.05073762636857,-90.74587083707387,39.22879107713943,-9.54002202546724,1.0
near-double-roots,-0.3941232378032947,-6.037839653577251,10.031460755053768,-5.511919291642904,1.0
near-double-roots,0.032307607899800805,-2.5088819451655175,26.36322877682648,-115.16681291238612,274.2390483968451,-392.911465087451,352.00689487263844,-197.65900012323038,67.26508787930884,-12.627893620495664,1.0
near-double-roots,-0.34177484732372576,6.803120650392554,-68.54246272574235,297.6308869692535,-731.5827501753699,1125.5291188015551,-1132.5449845643861,756.1683223893767,-331.7259271271525,91.80769988742178,-14.521937156029978,1.0
near-double-roots,-0.21208317732451598,1.0941992921632062,-7.979672968955597,22.127806241872236,-29.72943832962482,20.75404808689493,-7.245847004126522,1.0
near-double-roots,0.06938732461465258,-3.7572323315586607,15.148137122616443,-23.86722553401334,18.33350234507741,-6.857993058455365,1.0
near-double-roots,-0.11725748085083276,107.34541623995848,-695.0499517281775,2010.6556043110777,-3421.8282447025454,3793.71241377118,-2862.934810158903,1489.2993795054313,-527.3225720221822,121.62440198964998,-16.500868262230764,1.0
near-double-roots,-0.16143809805602427,-3.360538505301265,29.43494661920874,-110.66593677926181,235.51365735632268,-313.74375992188436,272.05952447836586,-153.90189450648668,54.86917455174307,-11.205012432847617,1.0
near-double-roots,-0.19132035821713922,14.401339705379803,-59.82797815879826,99.69730028623746,-85.86060991380224,40.50165355265136,-9.958534011178076,1.0
near-double-roots,-0.47598974114554704,381.2270784002702,-1458.899371909275,2439.064225839417,-2326.658839917495,1384.9713507626557,-526.7611568745702,125.00141372315149,-16.9194499148171,1.0
near-double-roots,0.11106094219308593,276.25603406755806,-2190.1016773407555,7872.500689432718,-16973.333081846446,24455.379237347006,-24814.499766997786,18187.08456233328,-9703.208394495916,3740.6518380639295,-1016.2745920898974,184.71112867063533,-20.16537041071014,1.0
near-double-roots,-0.10928535066985201,-0.8793505988075947,8.392358431125796,-35.27230328783591,85.62860967901986,-132.22498595941562,134.57052631817788,-90.18124445040038,38.32993594544169,-9.363542662969374,1.0
near-double-roots,-0.22487122771516843,-151.96836837210904,1311.0438050801001,-4695.942800821258,9537.355496782857,-12410.770416142548,10969.049336457087,-6758.9803573640365,2914.921661127071,-864.5587436423218,168.27412668814907,-19.370105817866623,1.0
near-double-roots,0.07314893732080385,1.253296617728147,-15.209829707524584,79.81103289705894,-237.46356831377173,441.8496256300019,-535.3586254063944,426.7289519330913,-220.77132899907085,71.02720904078934,-12.866028301353742,1.0
near-double-roots,0.11934662693399223,1.6374689423097704,-6.233145467952352,8.597403634523353,-5.0036174392497355,1.0
near-double-roots,-0.328188193191398,-29.640112640803782,210.37849011998532,-634.838993234577,1073.0096778255534,-1125.3155339193331,762.9446351011907,-335.64075338192396,92.64924565265481,-14.5902865238473,1.0
near-double-roots,-0.5429376990146769,41.12056175436858,-65.60250445586875,38.99007523496844,-10.230341673931445,1.0
near-double-roots,0.0022133900693424025,1.2111746154961662,-9.871983085412136,34.736969707170694,-68.95808919138497,84.52137882470701,-65.53957760646577,31.41619945880599,-8.516072717950717,1.0
near-double-roots,0.4615154359618461,0.3136127966928026,-1.1425712490538675,1.0
near-double-roots,-0.02150263397013563,-0.7449041693657897,4.400204111572748,-9.860986220520957,10.434052265543801,-5.229740904144837,1.0
near-double-roots,-0.44802642234892653,-7.522965775974388,11.587057442939507,-5.915372150998022,1.0
near-double-roots,0.01902650642285697,-103.81034527789225,600.2211545116388,-1515.183401868474,2191.2328014410577,-2000.2208734364283,1194.899668881133,-467.0450148444669,115.15657040572978,-16.250686463488176,1.0
near-double-roots,-0.30710760001538884,5.71744700053233,-33.04806598785121,71.66628293688588,-73.87335355435138,38.792854869285385,-9.991925815833625,1.0
near-double-roots,-0.11681383965295289,248.47888705266007,-1486.9727662343628,3968.437275919199,-6220.930911086627,6344.6580740549,-4399.925562205639,2101.6504234915965,-682.9082195216234,144.50446565561666,-17.9848917507773,1.0
near-double-roots,-0.11809853618342503,1.0692830901144106,-5.364070032489163,8.251921943217866,-4.972809308975088,1.0
near-double-roots,-0.13524903724498638,-6.90918892442506,23.943052131968052,-32.85300290925893,22.313116858133014,-7.503726419464689,1.0
near-double-roots,-0.001375516784888009,118.44058122280904,-563.4936696403345,1144.1971004778643,-1296.764046052387,898.6086322176784,-390.4627942224098,104.02735536303172,-15.553193048440935,1.0
near-double-roots,0.02208637463967622,-12.643828626916997,65.62754162383212,-143.4237512650158,170.7620017227119,-119.37095937563,48.87826763741923,-10.829306398535746,1.0
near-double-roots,-0.08870148288369706,86.14173978558911,-417.3752896846602,870.312605663866,-1020.1609521659327,735.4209173256222,-334.0166897182728,93.39606115851765,-14.710138426012218,1.0
near-double-roots,0.04372621466231519,-130.07860234051836,975.6349054427345,-3290.303300136432,6584.465706989169,-8685.032612354631,7925.470049039068,-5103.5675650041685,2317.9644755728996,-727.2922188277,150.04570671969083,-18.30658663441137,1.0
near-double-roots,-0.4757004735240634,31.67719902320843,-54.68068482867995,34.85378500974503,-9.715423179227416,1.0
near-double-roots,0.1098086840703556,410.33066814981026,-3197.1087067472076,11267.349609408358,-23754.556318308125,33373.69047872783,-32923.48149908305,23389.041484584563,-12057.80844785574,4477.665321094192,-1168.2180414343313,203.28088625667309,-21.18466163825833,1.0
near-double-roots,-0.14370156029912973,218.95166342448064,-1307.859992305852,3496.1166403158945,-5508.271416890231,5665.139339821862,-3974.5843469752717,1926.6244441272365,-637.1977999012511,137.62245964773956,-17.52940028374811,1.0
near-double-roots,-0.34229318914779794,355.059380157246,-1406.3034794426535,2415.7288909505896,-2350.344212471575,1416.4719113179199,-541.4561387072747,128.20617228116436,-17.193450972273673,1.0
near-double-roots,-0.22595600772968283,-14.006910339937516,152.98497882132997,-716.489092995931,1903.2462424693667,-3200.0829328325162,3595.0963938727473,-2768.011447652004,1467.3225578015963,-526.8644514088654,122.43434590061928,-16.616576220514343,1.0
near-double-roots,-0.21260426710967584,-27.818040202907373,131.75935552464662,-258.8429051129332,274.3412312390866,-169.85306033161686,61.55751354896654,-12.113247176682181,1.0
near-double-roots,-0.345980989814624,0.38870853857881166,-2.8312078738458517,6.431835480542706,-4.633268380294786,1.0
near-double-roots,-0.2969111492079758,4.795095648999905,-12.971580472237669,13.152149343838719,-5.923719219042213,1.0
near-double-roots,-0.06520939835544048,86.78552629924759,-420.6935384727213,878.5972595099812,-1032.0100932737562,745.3293107519927,-338.75427209577055,94.58876904545458,-14.832302027784916,1.0
near-double-roots,-0.5213745575207636,36.246751402449775,-59.808834593577906,36.712884614018606,-9.934152262292198,1.0
near-double-roots,-0.26782517291328256,96.07973400752451,-284.1665318718665,342.0551229900031,-214.72023934788177,74.28798341174515,-13.460676082314219,1.0
near-double-roots,-0.25097429401401183,609.4621813719591,-3351.270283813101,8218.750410236242,-11834.382861478694,11076.876489348046,-7040.176632117768,3076.4205003634706,-912.513803300111,175.8117334855503,-19.867537135491503,1.0
near-double-roots,-0.46037801306983983,-10.546844783548634,14.533226772225511,-6.624442155235342,1.0
near-double-roots,-0.010342097174229181,-8.119497300054354,50.69897430263856,-126.91162496900863,164.80217899489645,-120.46800734065087,50.0055557297777,-11.011495597650992,1.0
near-double-roots,-0.18988077576555207,-779.8080755351652,4956.786552379514,-14172.38292375535,24050.33483107522,-26905.100443963296,20827.18613251918,-11380.523794102362,4388.697091194803,-1170.3459810605427,205.53281111910155,-21.393745206150378,1.0
near-double-roots,0.035953776456758346,-1.120516725935792,6.1642761292483,-12.841680700631859,12.578632471143852,-5.777271125253984,1.0
near-double-roots,-0.48454273529303526,0.3821182193560258,-2.792512314617283,6.338219499266247,-4.517479450747793,1.0
near-double-roots,-0.1294901391210711,-7.381893529098189,43.38142583963261,-104.04588290684775,133.4460783017128,-99.4649709572679,43.24294245612838,-10.17398196921031,1.0
near-double-roots,-0.16109218996859542,2.1250988004345093,-24.587099750127482,121.88090544707802,-340.40150901139583,592.8993450979908,-673.1933966736686,505.1902092983812,-247.8218893737602,76.19786317684793,-13.287116970934969,1.0
near-double-roots,-0.162791331035417,0.7652748893726959,-9.094415043445986,47.467228733363775,-142.9893684492816,274.6070098926866,-350.22324684669655,299.2690964446822,-168.42422640240798,59.432782284850575,-11.809969147627651,1.0
near-double-roots,-0.032013686344849024,0.4875509942736504,-1.505015147295926,1.0
near-double-roots,-0.33491770887253036,-6.873033794234819,11.000556465082916,-5.779668984200185,1.0
near-double-roots,-0.05311156422471941,4.94850840096003,-13.607551594096378,13.781262160642077,-6.106083579902395,1.0
near-double-roots,-0.18806515485842057,65.05335834466099,-515.4807525666213,1742.7715708293117,-3322.6719294326303,3978.177317448924,-3142.4521774210098,1666.5902338967785,-588.3895750130959,132.808433418263,-17.35749692200114,1.0
near-double-roots,-0.25124712611148214,35.55309245010109,-207.99506229776526,501.8896200570932,-663.2808931119365,530.0763229622673,-263.88560018390586,80.23874571053204,-13.664343671391434,1.0
near-double-roots,-0.09749918753365505,63.67024738338574,-318.26301198330066,686.8142745110393,-835.5103294053846,626.4694813059172,-296.35957859108447,86.3421316482573,-14.1579244490675,1.0
near-double-roots,-0.11022426090154092,-96.13817552259019,556.2039535737775,-1410.8601757975457,2057.0495845015985,-1897.4752742545993,1146.8692142169273,-453.64160046411314,113.11027656081994,-16.119355764411758,1.0
near-double-roots,0.29332430133582155,0.23846150897558768,-3.3973328916920633,21.108649363897516,-74.98643338132442,167.7484854230571,-245.31153092666472,235.6758660178961,-145.65534782622893,55.024036195857335,-11.45106646273608,1.0
near-double-roots,-0.5906621635945499,1.204557522356118,-6.37072721259086,10.618404203011801,-5.804639294014054,1.0
near-double-roots,-0.22490124768955388,-0.30911334961122816,1.502613906836697,-2.269123826674914,1.0
near-double-roots,-0.4063644765048381,1.3826137185074177,-6.4206424377348075,9.862311198257078,-5.565740491936793,1.0
near-double-roots,-0.030656681541978315,8.464769066307309,-79.36932220098682,323.3119850184954,-753.8478747562792,1115.0467639021538,-1094.135293711232,721.8766342369942,-316.50339524156107,88.35941513081251,-14.203679937882995,1.0
near-double-roots,-0.30998204488338554,3.2297991104875776,-17.201608620370404,36.89049175762196,-40.840709762272134,24.714048037429666,-7.782606433633667,1.0
near-double-roots,0.07350945718829838,35.59518820250207,-193.5623710401857,452.0488920959035,-592.5412383860034,477.1343886890411,-241.84859225526833,75.40228663976515,-13.22714177675693,1.0
near-double-roots,-0.02196859394198314,-0.39831080497552973,5.487787271700718,-33.536064647291454,119.82062632522766,-277.7350042914976,437.9730498887602,-478.88673461247004,362.64753431365756,-186.1876353466246,61.661508478201355,-11.846756960669493,1.0
near-double-roots,-0.18937056223948467,10.325168274402388,-24.667292351890552,21.159420118510607,-7.676704639349223,1.0
near-double-roots,-0.09945431928825132,62.20996389859823,-213.70370055819228,287.71166404288914,-195.00621196765331,70.91602623113033,-13.244975862679214,1.0
near-double-roots,-0.47033328683812525,-18.59763636254367,210.11163818144098,-1010.0427779557972,2722.4310317763466,-4575.844440891016,5055.014282664875,-3768.443828176286,1908.8879864249461,-648.1055994896693,141.27867435572227,-17.88354914753881,1.0
near-double-roots,-0.4302893579564514,0.6111589272275162,-3.4418592103311196,6.409349507746701,-4.402636733585097,1.0
near-double-roots,-0.001969486106632945,-0.028138593222231677,0.3039351365518643,-1.2871978387134244,2.6559839712527786,-2.6448191352422694,1.0
near-double-roots,0.0327471907870045,-5.708240095247176,45.50903263229623,-158.87879655041442,318.44723971432916,-403.3282229859658,334.25217139499046,-180.93670676235863,61.56910653596388,-11.925584770608742,1.0
near-double-roots,0.03257170284923272,1.5186417826357503,-12.220396180180522,42.26891073699019,-82.11598775263089,98.0552297992953,-73.74351648078266,34.13247504312393,-8.895353929899347,1.0
near-double-roots,-0.031296884048296,3.439173317744498,-18.43658684925074,39.59843543046238,-43.74751989313592,26.241117559382523,-8.094750831905444,1.0
near-double-roots,0.0991181737114375,-14.18751783471358,74.84601271481225,-164.96941907757227,196.26809740056086,-135.5630079016779,54.095605753104614,-11.490325640216755,1.0
near-double-roots,-0.25290493129306546,-2.615792409582707,5.699960127254706,-4.136922580731787,1.0
near-double-roots,-0.2958942484128265,6.895218582716064,-17.15826275125141,15.926098472146169,-6.534354482328022,1.0
near-double-roots,0.056611389020674974,-44.320762399372455,301.4805612411096,-880.4446875268759,1446.2169125759383,-1471.0304574674942,961.1118861917709,-404.0088790964243,105.62279298349702,-15.628337041074124,1.0
near-double-roots,0.3315719108114763,-3.4196242085190875,31.92710931298911,-126.96527578253156,281.77935779362895,-384.32113482626494,334.17724104323554,-185.50466277030367,63.50803963166967,-12.187866894523864,1.0
near-double-roots,0.03466151859832878,-502.111607785755,2729.715322037324,-6146.945690954109,7626.4150382884845,-5811.115130057461,2844.825353089577,-900.6391105519083,178.69243267968525,-20.23889698462522,1.0
near-double-roots,-0.26175132595247275,9.72880470628389,-89.84878497577623,360.4203247778306,-826.9041240916796,1202.633690709581,-1160.3702966808487,753.5757633139373,-325.83257961782044,89.90921804206597,-14.315992002214678,1.0
near-double-roots,0.5073600437010302,0.5956831097098433,-5.080955565359937,16.811209747998877,-27.032459944898193,21.574016072467344,-7.74359258451188,1.0
near-double-roots,-0.1368078915829426,-50.819942639381395,216.9675564593847,-388.69099414963813,378.3509846391703,-215.96685173983116,72.27458974050047,-13.13244019098935,1.0
near-double-roots,-0.41415672462080155,16.65271127624609,-33.415928167723045,24.924907893652318,-8.188609893099775,1.0
near-double-roots,0.1904794109941057,-1.1192364293382044,3.376790211146731,-3.2737689376867376,1.0
near-double-roots,-0.5559255329478621,-15.18055522115401,18.434982363968302,-7.444741680506526,1.0
near-double-roots,-0.20279914211712036,-17.122975930223337,153.15108263339204,-617.7002594978994,1482.135098385038,-2349.2575706104867,2580.9150176450175,-2003.6274217560617,1098.0632911414002,-415.84685863737354,103.51026571339396,-15.219669175130242,1.0
near-double-roots,-0.45290108735680124,23.062607178319674,-42.79037862574679,29.45303380734552,-8.910291832459475,1.0
near-double-roots,-0.567694264893623,5.96939801708546,-37.0031015722788,82.41159748605665,-82.5819096674665,41.46266802786962,-10.26012522354761,1.0
near-double-roots,-0.17430259024456884,274.3541649948916,-1638.6245588259992,4363.07323671755,-6817.735962826133,6921.247074026772,-4768.194321926396,2256.8798709712682,-724.4911883453566,150.92191699779136,-18.4193246999749,1.0
near-double-roots,-0.4350399115533995,251.18427805721697,-1012.1647523140001,1781.8996420493577,-1790.0495567495384,1122.2959526036593,-449.6793824317715,112.4461690056591,-16.043802402413217,1.0
near-double-roots,-0.18379406307982982,-0.027176719599922843,0.35217813400619635,-1.9051293997054355,5.555086286178034,-9.386131721636476,9.142198960263928,-4.72872829118133,1.0
near-double-roots,0.13412474866854884,-0.8458807193847444,7.6020283077459165,-27.00337873381546,49.685019162409674,-51.195927271260366,29.385437017038583,-8.625647642623093,1.0
near-double-roots,0.018589898275760852,1.4967687539945187,-10.211650673124678,27.11505024721428,-35.52862208830104,24.055476245044623,-7.926841334898528,1.0
near-double-roots,-0.23010646512442767,537.7213455010698,-2974.9482286703296,7348.038605491362,-10668.724039615161,10082.382702878418,-6479.759913073471,2867.9456625238718,-863.172926169784,169.07304268433916,-19.46304732756096,1.0
near-double-roots,0.24577715232373398,-2.406028696343055,5.77686861931492,-4.265340709909852,1.0
near-double-roots,-0.0631939751462045,283.7425435819431,-1213.8006933503843,2209.1573728723183,-2239.3745421295753,1386.8170216773688,-538.782542560944,128.5520610917552,-17.258846525352023,1.0
near-double-roots,0.5711626994036205,-8.11831885918635,34.48101606695218,-51.530478256295645,32.92497939945072,-9.42481119804733,1.0
near-double-roots,-0.30764705663912073,-0.7710255976209195,9.723804823141725,-51.06508053061833,145.5859095220411,-246.6649359435741,255.90990888473817,-161.89589760191413,60.296338637589294,-12.075999597724483,1.0
near-double-roots,-0.08968295528545778,0.44773309652161764,-3.4581646091296308,10.568787024780507,-16.368374089247943,13.630713948339261,-5.8204964288487675,1.0
near-double-roots,0.024412953339750576,1.5768417353200874,-12.635332958915951,43.63410715871423,-84.75882718569802,101.2096705450977,-76.00256284272874,35.015079413086404,-9.038976933672402,1.0
near-double-roots,-0.019324962757042985,4.740423383946374,-13.714116089150513,14.27325928403205,-6.298821387412297,1.0
near-double-roots,-0.30488237178634336,-6.8079850556830275,38.866289287846435,-92.58315072782034,119.47752703371043,-90.4275371913198,40.237715670741295,-9.768361296589125,1.0
near-double-roots,-0.20021229589124412,-619.8488293899636,2881.2421548412162,-5869.513812459174,6879.032199404095,-5112.782871586278,2499.847348874477,-804.3478489182636,164.29449463340598,-19.339291686615795,1.0
near-double-roots,-0.23420197389633768,-118.58254194715163,781.7584361607546,-2133.324694683013,3175.67134729978,-2868.905334030263,1646.361925425173,-604.8502382830152,138.04164440094308,-17.847699519836667,1.0
near-double-roots,0.055747942853321186,-307.8941571701133,2167.1587507157456,-6830.221391578802,12723.42322891735,-15565.599474783769,13131.999619084963,-7796.583206838259,3257.8255177670017,-939.0299962086724,177.8412574177392,-19.920611106709927,1.0
near-double-roots,-0.18321631431759133,439.58085126915734,-2525.182858829902,6452.936751599867,-9656.727558459954,9369.238103125408,-6156.995349435045,2775.061108165376,-847.069760954963,167.60088177288705,-19.413884214366046,1.0
near-double-roots,-0.316823346330653,-100.11339319136302,547.4726424383379,-1326.2487130036718,1867.8997993363516,-1685.475488114156,1010.4268643704899,-402.4230259158012,102.67083450775921,-15.22609545528478,1.0
near-double-roots,-0.14064599384108822,-0.2093709218928922,1.1671293371972833,-2.0120238754553985,1.0
near-double-roots,-0.1302170908589816,3.4366040858223683,-42.292607231091495,214.43575460152533,-591.0941010208321,989.1012242511493,-1057.834969656275,736.8333327740215,-331.8303089134315,92.9375659080443,-14.69072570941814,1.0
near-double-roots,-0.38240495952972053,16.5340458789008,-117.51481648349355,335.0641229385179,-502.79109248143186,441.45379935470663,-235.4972494677992,75.32112488440947,-13.307278018387096,1.0
near-double-roots,0.04588527629871275,0.838564212106517,-5.23617069853786,13.56691301554982,-18.66890275325864,14.388855862449207,-5.889257820190715,1.0
near-double-roots,0.16273368607766137,1.0983820529339146,-7.603206804282237,20.83155734665177,-28.655993813187756,20.658059607574874,-7.3221169328464235,1.0
near-double-roots,-0.3103931824606797,-0.3988098451429018,3.326520503727574,-9.475496821111296,10.944230375001416,-5.491905412026948,1.0
near-double-roots,-0.2543702151288201,7.1377813090334215,-52.909439348735326,161.67785160983263,-266.9259858524516,262.4048017925669,-158.40953276632533,57.6837773541143,-11.638726468302405,1.0
near-double-roots,-0.41452929902725444,20.11306412692346,-38.870990913404704,27.750270896896588,-8.667353162749915,1.0
near-double-roots,-0.0024269735102131484,63.223738028772466,-453.855495550465,1442.6983875837204,-2671.786398004172,3189.3363953329135,-2561.7183015041323,1400.8282523640128,-514.5120919285005,121.39106242126734,-16.60554773766576,1.0
near-double-roots,0.2930370662171269,76.29488715860246,-539.4404834583573,1678.6168705822736,-3031.1412753285113,3521.9400801180423,-2754.571779199381,1470.0484289427586,-528.9878641364814,122.90408921129976,-16.655457702550812,1.0
near-double-roots,-0.2462859940850809,-4.408891562133754,8.406230951626203,-5.158032903486632,1.0
near-double-roots,-0.6021149284783939,43.213541889925395,-67.42582764581795,39.44842421667386,-10.256903600341257,1.0
near-double-roots,-0.23382318798223956,398.36951447317364,-3352.4752856339137,12508.205482597647,-27424.392409073727,39453.06223516623,-39324.822420986646,27903.262778072894,-14225.360237702804,5178.902228108834,-1314.694728014916,221.1356457411801,-22.149734557437363,1.0
near-double-roots,-0.34944431835762557,-4.357765467855201,19.601416892521648,-32.21350398822317,23.8224893261877,-8.01782213133374,1.0
near-double-roots,-0.37299992128296344,-93.44125813128693,586.1146014651296,-1561.61442452632,2327.951305626474,-2150.7691324882217,1283.068418601837,-496.13150076631166,120.26647058050686,-16.623109967332773,1.0
near-double-roots,-0.46989206201402434,161.01353533445538,-419.14877093280006,452.3577758787339,-259.1145083404855,83.10224140992257,-14.152042959318086,1.0
near-double-roots,0.32677716970086546,-5.911735528968241,12.065267251938511,-6.354976525419797,1.0
near-double-roots,0.22297899650385822,-14.14965296015143,116.30691106006347,-398.1469314859465,751.987021092576,-868.70588532749,639.2468559176099,-300.6246251971095,87.36096415239945,-14.267978951574158,1.0
near-double-roots,-0.6119107815075945,-18.027339461102823,20.62745720304499,-7.866864796609322,1.0
near-double-roots,-0.15615799458127477,-0.053429818225258274,0.814518000256513,-5.351865001497506,19.775828222669467,-44.94597867752256,64.52649382374256,-57.809525617237185,30.74093442579103,-8.70741625902942,1.0
near-double-roots,0.5242517649365221,16.409376104601787,-76.62804180193113,135.11540562635437,-114.70531674031449,50.67524635929897,-11.270987919111885,1.0
near-double-roots,-0.3916291137460296,-0.2638090503393441,1.8295581699264252,-4.972379876458733,6.573542815476188,-4.178351849989312,1.0
near-double-roots,-0.4453423869884737,11.186194555598014,-24.4689693289731,20.070166819129323,-7.316013413949651,1.0
near-double-roots,-0.028632496140361452,-127.9905903168275,983.4895222180968,-3376.099886617688,6834.341674608428,-9066.725403228136,8279.633561214794,-5313.15462277579,2397.25087737589,-745.7324587103001,152.42127741681745,-18.43397552202784,1.0
near-double-roots,-0.25968073515389756,-14.401706945429666,127.29302272087504,-455.5312949275031,870.6107919959973,-995.3221699537669,715.592899441597,-326.8307757055909,92.12129383511068,-14.621608525481165,1.0
near-double-roots,0.030566886122279202,0.3193300824851499,-1.7526869313921318,3.5351481252857164,-3.1015905048861825,1.0
near-double-roots,-0.1390431614328106,1.028088723970889,-14.266761208124699,88.44886027984197,-323.9109254164175,780.291289244965,-1302.3094366581877,1543.5132086804024,-1308.149503140824,786.1410464850942,-326.32781992593675,88.68839458430958,-14.1464369511347,1.0
near-double-roots,0.0847703370102535,-5.9317822101098026,65.20653578047347,-313.08445810993135,868.8842316112152,-1553.3485952020935,1883.71659797116,-1585.1198899282065,927.5407705502853,-370.54166845827285,96.39440793498602,-14.716194255837067,1.0
near-double-roots,-0.09752385179761525,12.21047989605005,-109.81232001679957,429.0076104100625,-960.0354631535079,1364.9463839250366,-1290.0523321845744,821.648726219732,-348.45776105213304,94.21777768657628,-14.672891765738617,1.0
near-double-roots,0.16174705186069005,36.72830142744057,-296.3719577982041,1040.2835372210723,-2089.9352764464297,2661.3326593795873,-2246.732418350625,1275.8242357973145,-482.3418382285363,116.48728938923928,-16.268092502875046,1.0
near-double-roots,0.1334457280493655,14.814266895114496,-128.93222958698465,484.3247815365021,-1041.7553711241014,1428.1637078827255,-1308.8122120672851,814.3446266278684,-340.45629473688535,91.696403547435,-14.388212213178026,1.0
near-double-roots,-0.6357109804417598,25.07397420273072,-117.41838714551236,201.0744978681544,-158.9548754890758,63.79257033302501,-12.703316258936724,1.0
near-double-roots,-0.18148429230226648,4.845525428918422,-13.35725172569718,13.620105743080714,-6.078249256182623,1.0
near-double-roots,-0.5371820214914256,-3638.5793918347345,13244.90011349605,-21398.586107558047,20138.4483457989,-12166.179405726369,4892.69869810305,-1309.7630102674632,225.04851493183793,-22.520815542136074,1.0
near-double-roots,0.13957855980665168,77.17166106394323,-376.28523410905655,788.5909424126367,-930.3436162881562,677.1184608134434,-311.7765727648008,88.78767431884496,-14.309940335893453,1.0
near-double-roots,-0.3230729540768038,3.0902824679750274,-18.508376744127183,42.60291115219631,-48.106516069638445,28.465638704974545,-8.470445727303822,1.0
near-double-roots,-0.446018454862095,25.789703569704542,-46.858281453703114,31.441331805994334,-9.227056532536121,1.0
near-double-roots,-0.2541206507318362,430.24586828359094,-1670.4934881335469,2806.643592048396,-2666.3669118607413,1567.3450287508342,-584.0287489681554,134.78604773497,-17.623512131733037,1.0
near-double-roots,-0.317882671452676,7.998649866200523,-76.31173177628783,269.95815373101397,-457.6275835630352,429.19535692429264,-236.52642290294853,76.5150671881513,-13.479935889487027,1.0
near-double-roots,-0.29024296729645527,-0.42864554536026417,1.858496448846795,-2.5120814201866932,1.0
near-double-roots,0.03984553935429003,-15.084696030904842,154.07511747097982,-688.1382409308079,1775.7781888794375,-2946.2239839675767,3305.0275678739767,-2561.983803680479,1374.5589989239465,-501.03724443704084,118.36694344424767,-16.338822102521025,1.0
near-double-roots,0.01136429500947922,-8.068276597929378,46.40332476224883,-111.5735776485399,144.7441384749921,-108.7961995994754,47.04719410652556,-10.756602627797367,1.0
near-double-roots,0.09171648727641424,7.388736931134615,-34.12437863004685,64.00649387245542,-62.25756909442637,33.04011994817577,-9.052346144908041,1.0
near-double-roots,0.18875038422596369,-1590.6643248789621,9926.3795819891,-27373.25556272277,44155.49889377666,-46431.16593838138,33508.5622323224,-16974.607920482245,6047.647731485521,-1487.4764137415204,240.87664998740124,-23.139927649866117,1.0
near-double-roots,-0.05724294714900802,-1.782344568541962,4.485704403218374,-3.7055165623275634,1.0
near-double-roots,-0.19516915247886746,-5.450906340144662,19.461427229975715,-27.759182868879066,19.774002590767928,-7.03488037951105,1.0
near-double-roots,-0.40780912614795606,151.27959668006145,-403.73331411546496,443.8868622749535,-257.4726974860954,83.15492559202859,-14.188635364486254,1.0
near-double-roots,-0.10624739934651928,-0.19129730046431506,1.3772810408496565,-3.9051486345557205,5.4440347510435965,-3.726302504703386,1.0
near-double-roots,-0.325383589654904,0.5440114868867236,-4.354320338782468,13.635680248692397,-21.096720543579874,16.828665558984596,-6.594547154546038,1.0
near-double-roots,-0.47733057409706314,193.39626299854555,-490.2218143247944,514.4663859941151,-286.1255726002432,88.94811116050504,-14.655697783015727,1.0
near-double-roots,0.18463457606819778,2.0089291722928997,-11.257966098178239,25.80518799525681,-30.937011372360452,20.451019351997807,-7.070966102569903,1.0
near-double-roots,-0.3032939738737864,7.445366529308801,-65.06262191335442,217.61899678761267,-365.912975781832,350.086683869948,-200.1750307996204,67.94547033381546,-12.662409065798245,1.0
near-double-roots,-0.5490353204531797,4.9425550002189365,-4.446386294997117,1.0
near-double-roots,-0.19993013636148804,-4.528780641063405,27.219789861597235,-68.51625501873039,93.70716643375891,-75.30647543571814,35.614194983020084,-9.19121093453045,1.0
near-double-roots,-0.3398052778324543,-1.7251418739591062,4.802274920911598,-3.9332258990453157,1.0
near-double-roots,-0.45001361769686243,-2.150171424729738,12.220189015398505,-24.197773598326318,20.13608294011326,-7.409582493009094,1.0
near-double-roots,-0.21142895686396146,-0.8635180486705353,12.907935655538012,-82.81968850768837,299.5860235332844,-676.7216552294035,1002.2718721691267,-996.6522963048495,668.9276176635256,-298.6707300187432,84.94870240533515,-13.920440455532423,1.0
near-double-roots,-0.2844154332447807,-6.7363049435429305,10.983981358572406,-5.808025532484237,1.0
near-double-roots,0.4451144202927957,-0.11749413221936436,2.073870553416469,-15.935221574778575,70.06435599747763,-194.9653454822047,358.7233349252338,-443.0197719321242,365.50107035407274,-196.83837992793252,65.94112229993749,-12.412691418287107,1.0
near-double-roots,-0.3124377626246022,156.22099588149433,-682.8430696784715,1297.0126535520553,-1397.688668443214,934.1905597355055,-396.3677261726572,104.19880098887816,-15.508440967220341,1.0
near-double-roots,0.019436957193560866,-63.349264724065065,154.06171517747782,-138.58445260780852,59.41943624707284,-12.332103736358375,1.0
near-double-roots,-0.005368002341927469,-7.639404177449553,46.45983026400408,-114.53058012351187,149.10003063837098,-110.96836807931825,47.29776843002901,-10.71927294658655,1.0
near-double-roots,-0.4592290805631406,30.510604343680967,-53.36578907235885,34.3825893659464,-9.66131608969647,1.0
near-double-roots,0.25384359926260736,-0.6300359390662803,3.6440866342474925,-8.228678576164308,9.041635857977777,-4.823877612042681,1.0
near-double-roots,0.05070447853201032,73.16791884533095,-504.8418199998319,1547.5679770458935,-2775.388847631537,3224.599448923349,-2536.0923726732826,1367.3024728662867,-498.9372615829503,117.91954719510684,-16.297013509363847,1.0
near-double-roots,-0.31326617149382563,-238.023978888731,798.4393653474516,-1129.4758178913094,873.5791611391842,-399.16996230968596,107.8399896434133,-15.964330818198658,1.0
near-double-roots,0.017398014662552974,0.8079705373571092,-1.8049271206986521,1.0
near-double-roots,0.020084957909475065,3.2747472491684984,-35.93972998330176,169.47992252014294,-451.70113556274504,753.0969581794141,-820.6070763509942,591.9926389521321,-279.37374622069717,82.6224857061441,-13.845431027125258,1.0
near-double-roots,-0.6608231468664727,1.6099777151698438,-8.574386163071065,13.954018409795832,-6.757609107543869,1.0
near-double-roots,-0.10169167507369015,207.7889285661375,-1456.8101366380884,4293.9254181434935,-7142.98614521062,7508.886126434737,-5248.6007109384,2482.2044112473886,-786.9369651944824,160.46450128033925,-19.041014356298316,1.0
near-double-roots,-0.27531922912410456,0.07002729152118181,-1.1294251791603511,7.897979115183778,-31.41729585294445,78.4013306292812,-127.67902032943496,136.82614864020547,-94.95074597737384,40.774987560598404,-9.789654102277549,1.0
near-double-roots,-0.15326125050764872,9.478600128867534,-102.13726146793101,497.56387432299397,-1448.668233952867,2806.9568202680166,-3812.323359741753,3720.706691728148,-2628.576894426016,1333.7742622588376,-473.9060055400962,111.88487023460095,-15.753358465285935,1.0
near-double-roots,-0.18212120592323655,-3.021207129813853,26.97124686205891,-102.87100172607906,221.54787501640894,-298.30957551903487,261.31740595833355,-149.31248146719363,53.76989933716449,-11.092038583855588,1.0
near-double-roots,-0.3606725674596246,13.693326368056558,-89.9700382585623,246.8593168387676,-371.19917876646105,336.40181349842806,-189.03340731708124,64.55933354250979,-12.287081040887955,1.0
near-double-roots,-0.1361067712176186,5.915710285834989,-42.47965271323923,129.58032777797,-218.86343784783313,223.45849924984492,-141.02015977061956,53.67596652216279,-11.268097080727104,1.0
near-double-roots,-0.2682126134604029,82.46395987712471,-391.4640197285348,806.704096531382,-942.2294560510701,682.0001436071841,-313.15178457848754,89.05116449845141,-14.33543764291563,1.0
near-double-roots,0.2151402847208146,0.26368655276755654,-2.973626547544238,13.983332616900611,-35.72828172933107,54.151590731070726,-49.818710174363574,27.185741771667594,-8.065722341429812,1.0
near-double-roots,0.028794128056020885,-0.7071141092053447,7.506872443852702,-34.667344525106714,91.13369832425994,-149.73138953992364,158.69590929706845,-107.8528909075545,44.986647045544366,-10.364362346153449,1.0
near-double-roots,-0.20408778681136053,0.016421946922573736,-0.3302903434449699,2.972353252513932,-15.79896388539631,55.132232661862346,-132.76109197514086,225.62330038874043,-271.877014967838,229.83905381674973,-132.53087363441585,49.341591723650986,-10.626332906721883,1.0
near-double-roots,0.03182107079918972,-0.12259805599908842,1.2382781709933575,-5.243802105381274,12.063707973490429,-16.280661821309902,12.889524999870154,-5.544438667541717,1.0
near-double-roots,-0.3019160381353905,20.934609681451786,-130.35057966469932,339.08693171287507,-482.9770554215867,414.3456774627149,-220.44508782776884,71.3606965865078,-12.899510504515321,1.0
near-double-roots,-0.11492355834145307,-295.63445696497445,1494.1022292512732,-3306.679524752111,4207.703616564961,-3394.1459799898726,1800.7719835517323,-628.7228496625687,139.37143499049722,-17.80910400280037,1.0
near-double-roots,-0.4468551628035089,-0.7182901659071985,2.676431711278208,-3.0685244761619543,1.0
near-double-roots,0.01575555232180892,-2.0553679033332513,5.013025103931521,-3.9558518822421886,1.0
near-double-roots,-0.3158927392917972,0.15062458801203973,-2.2856071067187567,15.71614006598455,-64.7042241904746,177.50069949661452,-341.52189781893674,472.18083393375383,-472.2659771398139,338.87174553875315,-170.0090584042428,56.57677729836948,-11.210042094538906,1.0
near-double-roots,-0.26979388582836816,320.3484311985572,-2046.8581698982719,5686.4032588290975,-9060.510331352061,9190.548300769462,-6216.5031020192255,2846.543394087775,-873.298092360195,172.15855465527437,-19.730540568793845,1.0
near-double-roots,0.2035305876679223,1123.6936796721714,-8171.8722909417575,26703.39140586013,-51926.20828807884,67024.51917705749,-60583.569591111656,39372.14784073681,-18556.760998980444,6301.478286514452,-1504.8650246025663,240.08598892233164,-22.99100764521551,1.0
near-double-roots,0.017528576634798787,-7.580830438678406,57.483870248239576,-191.20835438650985,366.0875001476242,-444.5247408749989,354.96674998822766,-186.40173735941477,62.07448632954467,-11.896945011038802,1.0
near-double-roots,-0.3102658848713121,72.68499082172163,-218.34928443715484,270.6518708643609,-177.27943410481583,64.75449971709216,-12.513370472329727,1.0
near-double-roots,-0.1971449997251521,-10.680000798894623,15.869019013955413,-7.102002377633899,1.0
near-double-roots,-0.28091140281706617,422.9258086031157,-1667.2483712949079,2835.114578394294,-2716.2277521525793,1603.8956384355627,-597.9051789039362,137.47417184931888,-17.834166435819533,1.0
near-double-roots,-0.1582356447335408,-592.0922789242,2706.816087647671,-5449.213319236571,6344.779208608518,-4711.375086555716,2314.840124855487,-752.8416581258024,156.33085295400764,-18.813616928428893,1.0
near-double-roots,0.06623659157897421,33.97815029321524,-199.55045109820765,494.52759344285624,-673.8913362798711,551.5758621692966,-277.7482698376182,84.19507111756192,-14.089815809594132,1.0
near-double-roots,-0.15814478853739822,-1060.0149241721285,6475.946511547756,-17822.66197981472,29166.939194331375,-31536.208585984612,23654.179235624324,-12558.757484371781,4719.65336446947,-1230.2907961193619,211.85343459710563,-21.688289315234154,1.0
near-double-roots,-0.10543196770934704,-73.42590905944567,480.85175833762935,-1315.5605364420098,2002.9287402714374,-1887.7300941690942,1149.72758149865,-454.75230436934964,113.07002618353866,-16.085477742584445,1.0
near-double-roots,-0.46484020000721626,-63.78747867138379,140.9311683075054,-123.63739463656648,53.840812295960035,-11.640949200882195,1.0
near-double-roots,-0.18418920062905952,-1.6856721450761976,18.60136376664487,-85.21396077468458,212.4811376084573,-318.51592144858444,298.6499876751304,-175.58963879756556,62.489093709613506,-12.214248944444375,1.0
near-double-roots,0.13273894164869127,3.0408882099383505,-9.987164238345944,11.687764587383786,-5.727167533307982,1.0
near-double-roots,-0.2734335886231366,-0.6182658814390009,5.609878769892031,-20.710980643419802,40.03023935636078,-43.40205057776486,26.206519527210812,-8.132206491904842,1.0
near-double-roots,-0.14064535202794337,2.331332334607791,-7.558297709742814,9.17983202290469,-4.950187028943043,1.0
near-double-roots,0.09507715830198316,-44.97927314960332,494.0055766601081,-2241.6938375402315,5575.240446732005,-8554.542404352413,8604.970744064894,-5846.932055850902,2704.933686120901,-840.3431576395394,167.85898975614367,-19.488622123883815,1.0
near-double-roots,-0.3312788001412258,21.570637459470912,-41.078915285886666,28.77477024152638,-8.81826304315491,1.0
near-double-roots,-0.6055492600127386,452.06398151850055,-3458.797523389478,10553.52491072756,-17050.85562028012,16646.23074755324,-10493.027197040079,4390.948123027522,-1216.9269996361556,215.31659953854617,-22.077245266594403,1.0
near-double-roots,-0.4815248089388342,-15.892823977249389,90.33295463654811,-203.81540823305858,237.35085052797416,-156.3141390736642,58.95961653473425,-11.906247394734708,1.0
near-double-roots,0.28640484548949785,-5.477207415084467,35.7918544450043,-92.4055620695713,124.39335926091914,-95.59387808503439,42.345760374792334,-10.08115955535016,1.0
near-double-roots,-0.3619899153388928,-13.777315369676465,18.084092479410515,-7.497055872353361,1.0
near-double-roots,-0.47516907700024036,0.4432940863230197,-3.0026232817778418,6.416124405603452,-4.509775042508403,1.0
near-double-roots,0.10413443164539204,5.688005164123616,-15.654109513992623,15.436141149795565,-6.521557431545495,1.0
near-double-roots,-0.5239536209246805,-4.467505677754877,20.4902213946171,-33.774371954971215,24.566299531178664,-8.12246387027347,1.0
near-double-roots,0.11673863648105098,-0.0836337109405663,0.99668816716771,-4.85346102138188,12.449283023718676,-18.052527011300334,14.6825507679685,-6.1370509542576706,1.0
near-double-roots,-0.24781253920182433,302.2190297308539,-1833.3996544521126,4904.344820393453,-7636.306311445931,7678.38516434845,-5217.151010574158,2428.6389870665535,-765.5394290048746,156.4976422400461,-18.747897430604038,1.0
near-double-roots,0.025552988661109666,-6.0854045090617515,22.726378867995447,-32.909242324281735,22.9988728511302,-7.730858280294635,1.0
near-double-roots,-0.23525512504288748,14.688897776377056,-106.06716850895765,308.6465504894189,-474.09445366713675,425.66431861002195,-231.32481059839236,74.95154440349332,-13.324359132117133,1.0
near-double-roots,-0.12607423973677834,18.073679697911263,-37.91934344768799,28.133308072865248,-8.833342053679068,1.0
near-double-roots,-0.1423167771749364,7.378808820124012,-32.00752976531685,57.640891147151606,-55.16659007863372,29.598060258669637,-8.441558140117952,1.0
near-double-roots,0.15621810559171,1.0797033263310776,-6.679448674916913,16.96398694302316,-22.597130971610518,16.61724403465669,-6.3840651303986595,1.0
near-double-roots,-0.4480630113522114,-13.823224851916715,79.3745652187076,-181.69996394746335,215.62369647609478,-145.13802101750252,56.057534902274234,-11.605445300521861,1.0
near-double-roots,-0.37972404062373233,-1.8661779814117245,4.915677440736939,-3.9432646444166695,1.0
near-double-roots,-0.48183315753856615,1.1767862447556756,-5.4068032852443695,8.379987294062238,-4.984123870809345,1.0
near-double-roots,-0.4841745634302421,29.967407745286927,-52.09391726908454,33.587836558192436,-9.516153843508077,1.0
near-double-roots,-0.13420861890575375,19.162891102513107,-75.32584608510058,120.62307596919285,-100.34319615770036,45.5376305104274,-10.645243053996843,1.0
near-double-roots,-0.31104539244169993,2689.3740274715124,-12396.937820377334,25615.34124492234,-31250.51130787551,24933.72360099932,-13596.877224448392,5133.000467204864,-1324.7788934103507,223.73175925208093,-22.328010255425454,1.0
near-double-roots,5.312359182552129e-06,-3.5166151309461005,38.8635007133137,-191.06059368639222,551.1023960693898,-1035.4094409453592,1329.2992311627931,-1188.993676850644,740.4264182117205,-314.45861073987743,86.73578467854067,-13.988393482531082,1.0
near-double-roots,-0.39568415477819907,-113.96710780746037,1008.2005362472906,-3801.922680089077,8124.644879060446,-11041.590473694956,10105.397384750477,-6397.258639593007,2815.2871485601167,-847.2786895147913,166.57267801745755,-19.298085382602203,1.0
near-double-roots,-0.08118469330840472,-0.12345913965099255,1.0267103874295844,-3.276222008679921,4.987957533590526,-3.61392440226921,1.0
near-double-roots,-0.6047292516339837,1.3292936234529087,-7.0654360738417195,11.405412080765796,-6.016333599902508,1.0
near-double-roots,0.27907542173820676,-25.749708634876963,197.36278158628903,-636.2861319175923,1131.787604030991,-1226.6475081980961,843.6393053780535,-369.95031282214734,100.1879897326119,-15.263557638657643,1.0
near-double-roots,-0.029044953454262168,-57.42725298409988,242.10375568609106,-425.88417015495145,405.7373354980795,-226.5569378902802,74.30720155956043,-13.282246627394553,1.0
near-double-roots,-0.3863491203517452,35.83987943402627,-119.65021251412439,165.83404128911275,-122.10052098854202,50.35118046672068,-11.021581793102502,1.0
near-double-roots,-0.2770035160686648,5687.174382602779,-25023.690412246848,48956.922320576195,-56135.34699777173,41815.245207768625,-21162.174365270825,7374.823347760803,-1748.7320870880667,270.19475209621146,-24.577881456860972,1.0
near-double-roots,-0.03380540160064727,-32.202923656585355,86.07977193293661,-88.10814116197281,43.67151811755298,-10.5558152801427,1.0
near-double-roots,-0.5947733430971344,17.545655758167342,-85.1233818791311,152.6502759907275,-128.22375718082696,55.10118315002924,-11.794794566544512,1.0
near-double-roots,-0.2981253274914556,-2.915834396566456,6.122996294725214,-4.285909973996055,1.0
near-double-roots,-0.1668008993088862,66.52040011680039,-355.63130694638465,801.3728622661395,-995.2558119666469,745.769189841679,-345.68170760021565,96.97920325025697,-15.091664360027632,1.0
near-double-roots,-0.16939065401118403,-38.14456752520039,253.9369927051776,-731.865604525548,1198.4752374445775,-1229.1147729978152,818.9361183546737,-354.64188274741224,96.30857113351443,-14.89298553826117,1.0
near-double-roots,-0.0021571570271772256,-2.4173186355554432,16.79439119663914,-48.25731262577656,74.164268225838,-65.68407597581957,33.43685547902726,-9.036806778474912,1.0
near-double-roots,-0.35114170841877257,38.214061236192485,-223.50537523640736,544.5729023070304,-723.9621044315652,577.4117027134274,-284.42313210129373,84.89625335028008,-14.095277363931752,1.0
near-double-roots,-0.1719610031493668,24.287199880325193,-87.8473878662821,131.02424759495247,-103.15630665842016,45.22179413050136,-10.468364980386555,1.0
near-double-roots,-0.2051961619544731,-1.3354568254647492,11.528180824948308,-39.32597612261698,68.2860644106697,-65.21428030688675,34.36674835467643,-9.288209725672719,1.0
near-double-roots,0.44841843442526264,-0.4277041070601842,3.401584308118231,-9.640553011169567,11.661662902202991,-5.810131111002128,1.0
near-double-roots,-0.08201830777128816,-71.36802391115219,417.7684218786114,-1074.5229474829794,1593.9349930602948,-1503.0297741415661,934.5578195393284,-383.28210662801837,100.01407798325363,-15.072961025175676,1.0
near-double-roots,-0.39699712101269846,-433.0554303222991,2004.0668265284019,-4112.658273801473,4911.9753801896,-3762.636081310384,1916.930027858684,-649.5001203775859,141.12291546164727,-17.84202044736918,1.0
near-double-roots,-0.0826993690381097,59.10706538270614,-299.70201400107607,654.91532842025,-805.2954241301974,609.2822286352134,-290.42930605040004,85.18379470079127,-14.058922277236908,1.0
near-double-roots,0.6150680564272675,2.627456211667503,-10.494665229728085,13.721444101470272,-6.474469131807283,1.0
near-double-roots,-0.3891123378222733,1.272395587633509,-9.439275234669456,26.015910155528523,-33.820195713424944,22.59579254469348,-7.543919210489268,1.0
near-double-roots,-0.14061009820029913,-78.38953032816862,310.37498575259394,-516.5592400026801,468.8411690782328,-250.90993959675183,79.26452292364938,-13.699352095901082,1.0
near-double-roots,-0.07353852257799753,-0.5180683101641502,1.9755511307845166,-2.4649736902395665,1.0
near-double-roots,-0.0004022826679288549,12.02194694903733,-51.611531659915286,89.91311636929366,-81.03282688204322,39.665158870387536,-9.955862697595395,1.0
near-double-roots,0.011095599714946669,-1.0534078095433865,12.122058716692335,-58.487201020246495,154.9349343238296,-247.94713447494166,248.08428445938364,-154.79186558815059,57.94324037866556,-11.804922436049399,1.0
near-double-roots,-0.0853986113559213,0.31012960392219957,-1.7883380494381051,3.6918706807367867,-3.2112932499151645,1.0
near-double-roots,-0.2495937734727094,-23.88896345322427,66.30694970990884,-71.95947579982187,38.136705177999715,-9.873284002784706,1.0
near-double-roots,-0.07836867601017161,-1.5618203461438611,4.042978538183013,-3.4845513148838547,1.0
near-double-roots,0.2966431975331758,3.041900563095436,-10.5789967563985,12.686037504337826,-6.065611890914241,1.0
near-double-roots,0.06770993542974901,2.696475747025466,-3.8156379062538166,1.0
near-double-roots,-0.34817665589400104,-4.806491814793033,8.619530011937542,-5.110417053740938,1.0
near-double-roots,-0.4931986514859724,9.499012500551684,-49.973505380539144,98.3346869028464,-91.93829002669426,44.198540597866526,-10.580009808855165,1.0
near-double-roots,-7.888590298854581e-05,0.5421344610744617,-6.897555025641623,37.762693748088715,-117.22916760805364,228.93520457125746,-294.66718236811414,253.87975945370212,-144.95579728819047,52.60240504332664,-10.972494987212976,1.0
near-double-roots,-0.5302841177382621,6.0893892713377715,-53.27125296659532,185.69003464077562,-333.22732629449956,336.537403688641,-199.2281203809755,68.73028447654139,-12.816629999962228,1.0
near-double-roots,-0.08922920155494529,448.16824978233973,-2565.578412495306,6534.12090560062,-9748.705892035985,9434.680960590878,-6187.943093779364,2785.1062351722853,-849.3090367241041,167.91871735169158,-19.435539931564023,1.0
near-double-roots,-0.26054108526595054,1289.8961265073453,-6562.781506081723,14889.426916813416,-19836.64608807221,17186.264744724274,-10118.389341116505,4099.987050604279,-1129.1241062600843,202.28676530135579,-21.291692633991154,1.0
near-double-roots,0.44407500058110605,-3.066839418626601,7.343394200985365,-4.901455215577499,1.0
near-double-roots,0.043728430673704244,0.1956660030847115,-1.2539084299386616,2.893567639368693,-2.8347067332747202,1.0
near-double-roots,0.21042429394736573,-18.24791179815155,134.3447699485563,-426.9077708144308,767.174528791843,-858.2893575461737,619.8887965098152,-289.31988446791206,84.29785245904753,-13.944024574114954,1.0
near-double-roots,-0.13321889075605509,8.145439631898434,-20.70219547412885,18.862056188537476,-7.253692162543375,1.0
near-double-roots,-0.48426296050720663,1340.3855572860975,-4426.2481026812275,6366.433113102661,-5209.575560181196,2652.6924657297463,-860.7389958397132,173.81387283959134,-19.972942902198756,1.0
near-double-roots,-0.09061953441798276,-2.3090421288091454,16.738772502855838,-50.19877188530403,80.10905127372342,-72.72392697395227,37.07015079252535,-9.68845064291674,1.0
near-double-roots,-0.03706171417221704,8.2553561690229,-21.865897033732637,20.225434540823148,-7.610258188950888,1.0
near-double-roots,-0.34276501485420596,20.860977433285406,-41.31940340067073,29.595187499003465,-9.046664282718341,1.0
near-double-roots,-0.46149404005514916,65.301618312292,-648.7637967565338,2515.284085365842,-5037.307509566551,5998.3514872784435,-4561.263865308863,2283.3598742786894,-751.7945119296819,157.05963678388287,-18.906702811154066,1.0
near-double-roots,-0.33058328290524797,-4.456571362757904,8.190935989872393,-4.979914137509716,1.0
near-double-roots,-0.33502660372075344,6.195511404774162,-15.725576256381117,14.956903191739611,-6.317830730996114,1.0
near-double-roots,0.014048449535745577,-16.73179163613405,160.80742275867195,-685.7242995333606,1711.675038048694,-2778.141003090618,3078.4472477130407,-2377.1056284916967,1279.805901203334,-471.16986357309264,113.07159555887856,-15.934578322888012,1.0
near-double-roots,0.18544655326461945,-15.123479105011745,115.06526839386542,-377.40256207249695,698.9007932295636,-803.9560568380421,595.1051675315969,-283.3955516213664,83.75887902801188,-13.955125474456297,1.0
near-double-roots,0.060351865428014184,-0.11883420873542785,1.0977185650127719,-3.694531354179789,5.588639066186387,-3.8735532131673103,1.0
near-double-roots,-0.19196613236356974,0.7705248516208638,-3.417936676571132,5.545958951351398,-3.8937735180810886,1.0
near-double-roots,-0.2728043507379109,82.95302557623563,-250.17215819230958,307.86005510012893,-198.0208492615433,70.31849091467821,-13.092097651220826,1.0
near-double-roots,-0.665586212786885,-0.830288030920049,6.090203543716479,-16.0220825787985,17.739448776007514,-7.348212318901561,1.0
near-double-roots,-0.31235874061172353,0.2548143630081821,-3.145316858322713,16.003800858747585,-43.34330274305376,67.54176339060925,-61.53399510586247,32.12565687343451,-8.865619421787699,1.0
near-double-roots,-0.3373916923762996,0.3914083499818304,-4.557016427168015,21.75481378261218,-55.18046691371498,80.78767197843605,-69.68750332167423,34.723974102220296,-9.202004639804684,1.0
near-double-roots,0.4061846051780471,-0.3579025545838298,2.4225043824562893,-6.36182954152474,8.008095351401678,-4.728870371726514,1.0
near-double-roots,-0.2355100854258133,-15.323302493871433,126.99537243309527,-442.4657213566134,848.0258609928135,-984.6258771236163,719.6638339028871,-332.3475525733193,93.95105022081724,-14.826346751980408,1.0
near-double-roots,-0.0020114662994139554,-440.89202249418173,2204.229128550629,-4769.962813306779,5873.327958774785,-4543.903487147276,2295.3622264282667,-758.6087025839754,158.4621243758407,-19.014287180392326,1.0
near-double-roots,0.04378605074386899,-0.5778814680491614,2.123916694504985,-2.5453696727708817,1.0
near-double-roots,-0.6151553146429727,389.77578143535436,-865.9414795741912,801.3508207072189,-395.39027237470304,109.70362713579961,-16.228661584901296,1.0
near-double-roots,-0.47942667525620064,5.004825555539611,-28.829507580507062,62.40713305637739,-64.6415746390467,34.68566534293946,-9.337865852821515,1.0
near-double-roots,-0.5255652973695447,-125.08562277853083,917.7674776059353,-2651.0551586170423,3978.3840664887794,-3523.3451386343986,1953.7465836932197,-688.8814765239447,150.506146157818,-18.62519282030549,1.0
near-double-roots,-0.233851608735124,7.28806279308893,-18.214662839415,16.780038584074042,-6.747086829352416,1.0
near-double-roots,0.002079032031355954,-6.744342093873909,75.21406144330184,-366.31134928208917,1028.3341803743747,-1850.162626160675,2242.9183372464613,-1872.3510137697317,1078.0261761128436,-420.17880068030763,105.73533872863153,-15.479961592740198,1.0
near-double-roots,0.11489618232142917,-41.16374076609486,390.56558167321157,-1621.336580080204,3883.2114734218558,-5958.820688543288,6151.16380652683,-4361.4272824421905,2126.8952800696034,-700.4021426747752,148.66450141486087,-18.34856617868023,1.0
near-double-roots,-0.5221726249950849,37.75145229035404,-61.79416548385494,37.57567425525163,-10.05728249050155,1.0
near-double-roots,0.01208408559078844,100.92420682620437,-504.1760533709272,1069.9727379268206,-1258.21008169942,896.0073700161633,-395.7378860266051,105.98820758113374,-15.768247276141611,1.0
near-double-roots,-0.3750372689941037,131.7531004898374,-580.235913210544,1114.4522984113364,-1219.008254416086,830.2943588130713,-360.4875301206661,97.38830790387168,-14.960819848424897,1.0
near-double-roots,-0.20719709144287457,2.6815162571256304,-15.885988068631026,36.87417915397608,-42.80765366936858,26.307045566211,-8.150057949239823,1.0
near-double-roots,0.04012895841744024,0.35433381350776777,-2.553913415115276,7.636218641858164,-12.125571107375261,10.786360276544222,-5.097426678166815,1.0
near-double-roots,-0.2210437875213298,3.493773614073627,-10.241823279464494,11.244176366759765,-5.4793607475482204,1.0
near-double-roots,-0.4890104703826592,0.37820614938651764,-5.1700349296078265,28.420146858409378,-80.13590053899006,123.08586830718338,-102.91136052506856,46.7028958503562,-10.81111497333306,1.0
near-double-roots,-0.3939853700737702,-1.3449657028013917,7.455147052095944,-15.199749286147403,14.129003583336209,-6.108166738275913,1.0
near-double-roots,-0.6222266465492453,-4.056783978701606,10.072721840354033,-5.8733411112065665,1.0
near-double-roots,-0.24141055892537944,-369.6271727734309,1783.3678073445064,-3791.4482679901416,4662.157156357793,-3654.45370759315,1893.8714228654235,-648.9641152025176,141.80567348412472,-17.932114848818372,1.0
near-double-roots,-0.2621681704582758,3.6426294958669496,-27.849677758365214,89.32063731763516,-157.53084685495588,168.0147774266936,-111.53176187421539,45.19076901766505,-10.253077539180044,1.0
near-double-roots,-0.2285577083200907,8.990919665069725,-21.615863769558914,18.989100043457693,-7.208925976983549,1.0
near-double-roots,-0.11280573681161976,-3.3490552956282875,36.24352044782544,-175.71717073184504,503.17651985709307,-944.3477646760667,1217.9161774896556,-1099.731489975715,694.1288554290527,-299.6274716201817,84.10067168557443,-13.792802948611776,1.0
near-double-roots,-0.24578473045371985,657.8260879073379,-3497.9216692101822,8337.28055184923,-11730.638716409072,10790.224883278428,-6780.049214031895,2947.29798290704,-875.1936845408042,169.89763336248416,-19.46892956077918,1.0
near-double-roots,-0.38585078861627764,53.479830251388385,-166.5722850616581,215.48723470533378,-148.21846251617728,57.1768132802433,-11.730171667561653,1.0
near-double-roots,0.0633807018588759,-277.57592733208344,1425.388412830724,-3195.040092645412,4107.814702848282,-3341.356556700263,1784.5072090011565,-626.1186273099463,139.24103351734448,-17.81774556020367,1.0
near-double-roots,-0.35548641560050365,239.44655645800484,-985.0242704355071,1763.589141961892,-1794.5803747958867,1134.9425176803043,-456.70560549799006,114.16987322025969,-16.206909165057844,1.0
near-double-roots,0.13265617319823053,-1.1551823424816121,6.284394223801961,-13.220269524796588,13.255686480538301,-6.167161040565486,1.0
near-double-roots,-0.46857330400930164,-26.432703816068788,68.66861739606433,-71.3505485385694,37.06541067267283,-9.626601305141133,1.0
near-double-roots,-0.417344185029473,9.771497117663952,-49.1059073113396,94.38098318530731,-88.38403093055986,43.04487088134391,-10.456935758924221,1.0
near-double-roots,-0.23254671862927634,14.476311891821249,-32.1344985551955,25.442579937538767,-8.445834796510187,1.0
near-double-roots,-0.6073556162381348,-18.787861981989103,21.24017054779666,-7.990150112492284,1.0
near-double-roots,0.20821146282846348,-0.48750945185645667,1.8629707839942409,-2.366878260128827,1.0
near-double-roots,-0.08451574705056364,5.8147170177887855,-15.914331455851368,15.711780656729406,-6.5997262712399,1.0
near-double-roots,-0.5533701260424102,-78.04357094239805,431.44762861201593,-775.7204226775887,689.8091009412576,-344.85852319286005,99.18256502464823,-15.38336082824283,1.0
near-double-roots,-0.21082851302144323,-190.45124142027714,979.8573581444616,-2226.4190124554198,2932.679603175483,-2468.269712023794,1376.7385137279707,-508.9938603927448,120.29732441986968,-16.495280300782007,1.0
near-double-roots,-0.0019510730443728086,432.87565530875446,-2498.6649302151645,6387.413083332011,-9535.071430582431,9217.00014417175,-6035.716984787368,2714.6603430196037,-828.855943480577,164.55749420019063,-19.19747105485556,1.0
near-double-roots,0.33376196416982107,-21.30089088025756,108.36727552447739,-225.25785411522614,248.81283193929426,-158.8214537155378,58.969898980573,-11.856225112359773,1.0
near-double-roots,0.11189226183367973,-3.4505826311177867,21.72771734129597,-57.524720953215294,82.80622275896067,-69.80362963472709,34.354988623118174,-9.110114057975824,1.0
near-double-roots,-0.5559535407590884,-0.22876135640496606,1.5371117676734731,-2.889459106805127,1.0
near-double-roots,-0.44245820621064447,-1372.6211661134735,5617.813460732105,-10181.702119814307,10724.978822956644,-7235.755544442401,3242.4367436596376,-965.0679516865848,183.97190848044596,-20.3826965834964,1.0
near-double-roots,-0.3615724973882979,14.556271926413247,-30.505611204007195,23.613154064513846,-7.995644886454116,1.0
near-double-roots,0.2245596259876248,-6.189926437981887,36.79280784718972,-90.86825632612461,120.64574057354264,-92.92217937295032,41.539670744007864,-9.993582126428468,1.0
near-double-roots,0.07095891917745711,-161.34863966342837,894.5246516796121,-2154.315101869896,2961.4146452060477,-2564.0400460007386,1451.8967899254994,-538.3277169459097,126.16292059959156,-16.975362756198418,1.0
near-double-roots,-0.13459300229522964,-68.14784583651169,275.39153644647564,-468.02681585538164,433.81629592173937,-237.01571585295662,76.38450094637585,-13.454862947320494,1.0
near-double-roots,-0.23393961002076857,154.57041385797928,-677.1360302094636,1286.6327934446608,-1385.4342877620088,924.9929908331846,-392.2511719101509,103.20770548501265,-15.41014625016296,1.0
near-double-roots,0.07288154692465132,2.3209512778280494,-19.44988085794153,68.18100609586713,-130.89926958843026,150.66737948646957,-106.4420911955735,45.02195741658749,-10.399583285041118,1.0
near-double-roots,0.038670973702259026,1379.8484011801506,-9568.50831614083,30031.475147188637,-56465.53297616459,70901.3820423211,-62689.56069912732,40052.51857569342,-18643.97017403297,6279.265154044562,-1493.1027577214354,238.0449951752383,-22.856927716300298,1.0
near-double-roots,0.2940526031439312,2.4386492753775224,-13.720321322522626,31.192055754475895,-36.552739510035906,23.234150186048225,-7.596367180670757,1.0
near-double-roots,-0.29847582179574716,-104.26400356162222,386.90233940254154,-609.867132806131,529.0871029995885,-272.6926603123548,83.45264787705098,-14.033914351547676,1.0
near-double-roots,0.022070593868830812,2.447681520307956,-13.50131802224701,30.402379996552824,-35.647280430989284,22.853020078087624,-7.554467818618646,1.0
near-double-roots,0.3605590269671466,-2.238783215468023,30.449776545059013,-178.09813598317197,590.5257646337723,-1232.2160087249388,1697.3547450701215,-1573.719320520981,982.0840234583256,-404.8070941329647,105.23957536076476,-15.585209966302296,1.0
near-double-roots,0.05779177819267556,1.1423790031676821,-9.94459685637447,36.7577469436913,-75.45233762663221,94.12276009538374,-73.05666376830973,34.43662287968071,-9.005897629850827,1.0
near-double-roots,0.07908049075083334,0.6402320138522797,-6.818052809749077,29.300210681132384,-66.5433257824005,88.37541657416648,-71.05480042738188,34.0771231213076,-8.976486803680686,1.0
near-double-roots,0.41553571867454786,-2.566158986798412,18.618000280216624,-55.39846372169828,86.85299180064749,-76.72698188876262,37.89971590800049,-9.70498106910087,1.0
near-double-roots,-0.0650237168682889,1.5873579312222892,-5.66207016576812,7.568924371953707,-4.494046679399849,1.0
near-double-roots,-0.35581354739450344,-69.28948030834752,269.29687324524014,-446.13782667804355,408.3152674204953,-222.9245929037192,72.5933194809133,-13.054196594980176,1.0
near-double-roots,-0.040805399275621435,9.182441493547438,-23.878213559682983,21.583776426044388,-7.879937032829976,1.0
near-double-roots,-0.33352666758837424,-0.6723387993766309,4.775339007630326,-11.877115212390898,12.515543826017227,-5.847085646649039,1.0
near-double-roots,-0.12546599353776966,-3.436633301735701,23.982988606894033,-66.79328539768157,97.18692744368846,-80.4087949468209,38.064236154585274,-9.599475521284996,1.0
near-double-roots,-0.41861113704667263,-381.6401442657463,1165.3800827797663,-1514.1382545060055,1085.4823837596596,-463.9262628001793,118.25816882654084,-16.654292761805067,1.0
near-double-roots,-0.26343576068169783,-3.081879992252305,6.3610830992471605,-4.370998435605716,1.0
near-double-roots,-0.6590403680549056,-25.416718389780165,25.933924372490644,-8.820538104710982,1.0
near-double-roots,-0.32678872719919627,-0.26105650737819824,1.9751372165962437,-5.607019116921882,7.389072950161438,-4.467657982663346,1.0
near-double-roots,-0.4442519232582878,-498.4287466375311,1454.7053806617969,-1811.5832948371676,1248.0395761755153,-513.7659105056341,126.39020259873833,-17.20615468344796,1.0
near-double-roots,-0.13600549385266592,3011.997946233617,-19987.204309471632,59899.84891553327,-107212.36262706114,127671.29977080092,-106599.9777677436,64021.315673843295,-27880.987648932976,8743.444305292694,-1926.7423916522341,283.37751760334686,-24.991011309041202,1.0
near-double-roots,-0.5644056582346995,34.903151512893416,-57.51797384000449,35.5121845374394,-9.735791346262056,1.0
near-double-roots,-0.25661127797947736,43.09676901692814,-142.1115167717542,192.8265750845735,-137.89617034282384,54.86614450306804,-11.527130621832178,1.0
near-double-roots,-0.045631208952510605,-10.68029538314241,35.681218747934494,-46.10112972806911,28.731008000243158,-8.633858290261728,1.0
near-double-roots,0.03296433926120912,2.990405426284688,-16.078901616208263,35.031187204728035,-39.56947248289373,24.41327940404507,-7.786577349216821,1.0
near-double-roots,-0.22821177655557612,-1.9923770146713902,9.108012430960684,-16.269247730817778,14.179543681769156,-6.028640314533302,1.0
near-double-roots,-0.3713841644177074,-16.61570484533958,47.54286731530622,-54.3105281569956,30.9601575183492,-8.806838230138112,1.0
near-double-roots,-0.000988670054032914,7.765055714860294,-95.38286835066967,515.3986242468864,-1623.191168910445,3325.9574775136102,-4680.174320149756,4644.698549128894,-3279.3638364604276,1636.3706536205461,-563.2529261402269,127.05487503875996,-16.880115251092324,1.0
near-double-roots,-0.42065107014196,466.2098344647436,-3497.985711182096,11941.35364174031,-24522.731602259366,33736.5020255533,-32751.483352604446,23003.930990857494,-11777.261626568765,4361.433852043512,-1139.2473558823187,199.21699656858902,-20.937053170142725,1.0
near-double-roots,-0.2669391525369377,-0.46455821955750015,4.118660174061889,-15.09351048320932,29.503802988171312,-33.07752712718361,21.203078202219082,-7.195762163914877,1.0
near-double-roots,-0.34245263212890764,16.73037714076404,-34.396176969713444,25.859356224392236,-8.409222753873102,1.0
near-double-roots,-0.1315987141894036,11.829577614110168,-26.903961519129485,22.08104543828836,-7.784860288837834,1.0
near-double-roots,-0.49982504321816723,5.397244735087587,-4.698867069779425,1.0
near-double-roots,0.2587778392449447,-80.06880147080143,484.82205020913176,-1267.553869577851,1883.000053918501,-1756.9567342851308,1070.8675402814526,-427.4188884192936,107.95232418696088,-15.68321263638444,1.0
near-double-roots,-0.5344113637431396,23.57409501784407,-42.80779997928983,29.1441220459519,-8.816686376692974,1.0
near-double-roots,-0.4722906096738556,-9.769173948189888,13.886395060958971,-6.50247124457299,1.0
near-double-roots,-0.5318929716187949,-60.27552220538031,133.02576870137125,-117.31951842557422,51.68301545644255,-11.37267642644001,1.0
near-double-roots,-0.2254398123793837,24.02268667894082,-228.48049758029953,901.168244714397,-1952.709524602979,2606.336529848512,-2262.6905202483936,1304.2156907357348,-495.7278572240757,119.43503368065271,-16.526112325552965,1.0
near-double-roots,-0.05071410228187201,-0.3819995582289579,2.4918000256332555,-6.187916082079308,7.428610613337404,-4.350483410012693,1.0
near-double-roots,-0.18394300680156617,-0.06381121026785,0.9170182485288743,-5.678500611862899,19.81562419420838,-42.764346275693434,58.91139494021673,-51.54559047405733,27.49608460919448,-8.089976062292623,1.0
near-double-roots,-0.3402466606776131,-1.140589173546768,6.991066016370697,-15.327964544783843,14.703193940923278,-6.335878111856515,1.0
near-double-roots,-0.27132429219318077,-14.909500518431564,44.446307220059595,-52.4348440246002,30.574634523543956,-8.803151557600723,1.0
near-double-roots,-0.3130275826634831,-158.74036636540248,921.119687570391,-2273.1687418419315,3159.844148143419,-2741.68817420701,1545.4927902148909,-567.4644737320267,131.13096878312575,-17.333430135766715,1.0
near-double-roots,-0.4275837304444273,-26.684312483345167,69.83007577969325,-72.79724868833156,37.770348636083206,-9.746903471147153,1.0
near-double-roots,-0.31426906027411305,-0.23777269704635595,2.7713349829119065,-12.63537573501857,28.638749589940343,-34.442600354243496,22.412743774256235,-7.46774149684482,1.0
near-double-roots,0.0014429517289213933,-90.10959035977214,361.9403161456587,-604.0725680544582,543.1539073616593,-284.4692454158327,86.96330823396197,-14.40500929307941,1.0
near-double-roots,-0.34916983911964006,-52.809380858998544,364.8407482739646,-1058.6505896635035,1700.3661702172035,-1677.570686311371,1061.0749059061488,-432.5589858884073,110.06741865889792,-15.919176784160857,1.0
near-double-roots,-0.24241560072249413,2.175029781753331,-16.07935987116054,43.29414359645486,-53.133689338743764,32.08932753999176,-9.205796712404638,1.0
near-double-roots,0.18876833353879596,1.39580594861722,-5.31307606996391,7.418875667380729,-4.49710972230299,1.0
near-double-roots,-0.15294099453655052,-328.9219479580829,1627.432011197596,-3534.850033300202,4425.692445958819,-3521.4213779167694,1847.3440474176966,-639.1766673772131,140.69205737695683,-17.881350025341305,1.0
near-double-roots,-0.2232266390114429,-0.1874579955846705,2.584284736754454,-15.037763989631845,48.16496935673498,-93.0650402960234,112.17852466706307,-84.4456427327238,38.38549374501885,-9.580302340960007,1.0
near-double-roots,0.1280875687981169,4.823814285501856,-14.777647689496572,15.710420996324768,-6.728412552092275,1.0
near-double-roots,-0.4736589242484259,-4.4193792043011975,30.523776080992743,-84.51923738341866,121.060712296831,-96.83450029760459,43.58601476056839,-10.319286660631413,1.0
near-double-roots,-0.5385433802397841,-0.7299217716575522,10.611463980028704,-62.74692338045456,194.0106622714958,-337.9986673021486,339.6788244893671,-201.00911409833412,69.26604510854433,-12.878203382239215,1.0
near-double-roots,-0.32953119931231956,37.395822424970824,-124.34113249864014,171.3471206259079,-125.261385589066,51.235206164602786,-11.117935310457744,1.0
near-double-roots,-0.18714399055173958,4.5645196835708814,-52.151283387186076,251.0164355869412,-669.3239526090462,1095.5633972750238,-1152.1217999489716,790.3862211015938,-350.4750516677608,96.53765675008792,-14.98473755485611,1.0
near-double-roots,-0.310353849243341,-10.955586511901567,37.38273197183549,-47.951897875577124,29.38574728635416,-8.692751676376261,1.0
near-double-roots,-0.43063358188767964,-8.546259101240533,12.799129098682881,-6.273222315550955,1.0
near-double-roots,-0.39931663278917173,2.55088220517017,-17.031556330316842,42.136244283888004,-48.95481629702819,29.078387059337075,-8.582460596010913,1.0
near-double-roots,-0.5464953097795133,-98.89116771504806,198.87734334784594,-159.35901307882318,63.589685693654474,-12.634923392366668,1.0
near-double-roots,-0.5269556860506583,230.76905262292496,-562.6509700990359,570.0669504492494,-307.2460435802354,92.91509735269084,-14.950165476234277,1.0
near-double-roots,-0.6058401956331154,47.42953476376521,-72.3234963605339,41.34464882917441,-10.501584340605605,1.0
long-conventional,0.33379169358138516,-2635.438135659515,1313.1166212325554,370.5506132160141,1852.1687952420841,239.13167590951477,663.600068930289,66.94010842763116,108.54642104458696,917.0522822731158,1528.8558059321663,1178.8291740138473,798.4417919095113,9.426526260675079,666.7101406710831,1232.4415940069673,595.5425014433922,1522.686679188796,1546.3697434641804,301.2714911577288,1618.2025410542735,1791.1681777190063,325.10703565561084,1887.75188088538,1866.382512263937,910.1782080084135,298.717621153128,1979.9112694321593,613.568786119924,1840.8078911378009,1134.3170644164456,1033.575801446752,62.351194021185535,1826.5258018733814,510.6742764509218,383.17609735903443,1724.8314873547724,623.2029478963212,173.45642629899248,551.6367610712174,193.31883980066075,613.7456313023594,1914.3718817213573,1849.2534162235772,1943.3813179916324,354.51646540320996,624.3652139022798,1752.431796589665,508.9728882966471,1524.3785380618087,1933.1569603190462,1002.9527496173787,344.8767425582776,67.61004394870598,1000.9650320328504,67.18922099011779,1263.7429690672743,474.0029224667625,391.3376529197541,265.6879811699387,523.1545418353762,526.2725685024928,886.8630876505265,295.3295368351796,1014.3027737612175,386.22738480155607,1289.864928446162,1353.786697006581,165.32047766348407,65.79900944858511,891.6361613201633,610.8451543207897,599.0317139126602,373.7313450192008,713.0141433364429,38.39483491843027,535.9719165870866,227.3745989390324,1218.8946285995087,763.0396946992302,433.7305162078336,310.4809260849841,874.2397389943283,845.448862336351,1579.186310649283,292.472272622011,1161.5430468278323,654.499547958784,1339.7487368228317,252.4887386450123,261.26465392794057,649.5984853407249,653.5166885589581,680.5043820822,1997.3776434924157,717.4086811949811,1229.422056169715,1801.8815444842483,737.0222368755713,1635.843078618574,249.94587015517936,1385.7656427350764,1390.4118750694067,635.6674082469578,1158.8539747725379,811.0356355987979,268.6490928102874,1028.9645855282806,309.82352593252944,333.2879779693156,1837.0471227391738,1311.1399374585114,238.62026964160066,876.7578301193918,395.51584224484634,368.2231336551816,21.807581997517673,1744.9244049172876,1740.363623085167,808.8144266999885,1321.8023587776938,1972.9078365702117,1548.353212670367,390.5973270221419,1261.4509897800265,1237.8341358768848,60.72843185482453,662.9113220132635,522.6808786397955,87.40483046189426,797.8996345188065,1447.2482726897153,889.1121245160499,1381.8159423460613,454.9505061362446,771.2027769552635,364.71224855572876,719.4877838521999,663.4179025072374,762.5996071592533,1855.4144696157741,856.9049381231008,1901.9145399434542,498.8689784542485,1871.7237049462428,1924.7327997351026,1641.333121419009,1120.431753572361,748.5481885882007,982.0300404517928,1887.8556452926848,728.1432812437633,1920.955644813911,1618.7991270215512,259.8238469637726,270.8203462176513,1602.8331848863631,1536.6249047117867,1523.7626056569325,699.9090970953357,1925.1277648759635,1836.969717934414,1884.0717552414355,194.8396363145245,1534.8411616359867,1375.4369443867784,920.3308703695021,390.92488125831045,1648.543575091804,95.2280116232608,448.02375483174734,487.7136447923066,1053.55609124148,364.3148492211492,1851.9259020981294,630.1629647306196,412.8085120647274,1531.4017090411203,1446.735516862942,1764.4982425360442,1334.0279295848864,1817.0458915419508,1096.0030281942697,230.21299012447798,1290.3218948641345,1434.4023695914796,1232.1866963907369,40.967220149793796,937.4474379663507,1656.0761583850383,114.32091019919648,998.4542647982859,917.8973492203293,1974.0161494419385,613.8953714161736,329.0033198584807,693.2241254958678,589.8197853681733,1537.5833214229024,1621.161074176177,930.5146980990072,947.7654368642831,1078.8160422712658,1224.0494419625304,1995.4236019656141,46.503325376503014,1174.7479161148294,473.66092506302465,944.0084799600587,554.5610977359019,1692.213958744458,1927.5057037247616,810.9615368767512,118.90991440292423,712.5769941869594,553.5274449659627,1207.9859337669784,1036.8278983968748,1638.8354842194417,1290.3712830463523,1713.787861172669,1817.1888333926274,896.1950832738005,1965.6198324597844,37.720386462989346,1797.1086610408627,1604.7626642723853,871.6030695844579,1660.6562849035793,1292.3132690795157,624.732351109769,1982.9816632438312,1948.3838289323535,506.4362858971003,578.4903772446905,431.02909841035995,1802.1343385403522,1970.3053805765364,1114.6816031217697,318.8343494937211,1269.8769676993018,1888.190864667281,756.0353414298265,1317.9371861890268,812.9469391888516,283.79366822273533,1806.39348813476,444.6642267261519,319.1199803692881,402.75966913579543,213.01799985951507,1089.4967565580862,1911.2767654400793,1419.8229119087575,1841.8635258791512,790.8228394100705,1293.3714786820944,687.9092025626268,1948.4779214702523,1106.4511996605347,135.54593576872128,1346.9777455401957,1408.8908288303742,1921.456240872786,1063.1494882699383,871.6652621588287,1803.331794368477,423.0038184938236,902.1033263169994,306.23491064048903,831.2086134460254,228.99762431150145,112.05880269119149,358.7378423522529,111.69885286434415,623.8138842298099,78.9858073263278,1715.7537660803516,1803.113302618001,13.718442178540169,243.48903484583423,708.8903114913014,1128.0256376580287,947.1618820402697,471.3019223775102,777.8495375250825,1122.4876216971895,1328.6144280398573,1672.205129150849,1796.915224125735,730.1511385226655,542.2556769531529,1908.6094697065123,1199.1758995868831,1179.835430796814,1209.3554371146963,5.194059118053902,534.5083103201252,1264.698451004604,1738.8042097826724,196.0631408098244,913.1593307206521,1052.470210442687,915.8319728798632,1952.8345903967959,1811.0481098775997,177.0847104437425,66.95546991646572,1234.8070245932856,428.94524500175396,84.62634129178373,1946.3870534244948,1693.7472820597734,1695.3617947437845,529.8840660076193,234.279024552449,213.03403783768758,17.06803342974034,1292.7183857917628,683.2194767768581,277.3512814598919,867.75912247509,1191.7287539831566,374.76393513226714,1923.9961090029904,1356.4243550831509
long-conventional,0.02439257636662573,-34118.386393252884,365.1540286775387,91.60270797292156,1986.0918139910011,172.8184789591879,380.8098828535683,676.7597846672635,1356.4081369237988,419.61522524404876,1027.1165171145226,605.4547250790429,1426.4848345554626,540.287651845168,420.31418241118143,339.13576837524425,204.92543494883842,425.833095633854,1023.0624327949998,970.8354745162416,237.798799497844,1598.602308847458,482.88437012240576,131.17894163248835,897.9050196844584,1839.6472177742507,1602.685538994495,747.4508626610024,864.6536525703625,1131.149695177611,1810.5643964272595,171.52329563308191,1838.2524083146643,887.3296844030332,669.2044942360199,98.65262264538765,159.28985219406908,284.33598807155175,753.412338892809,101.6344283359339,1739.54774177468,168.71623204791717,1380.7806662867422,207.88116493929883,430.34009660722063,1332.4367946089264,1294.0449801611921,189.00107294264257,200.1344694721821,1805.2234281916294,1210.3419407717552,1232.030663559401,1502.6257953828772,1173.9788802015335,1523.6553088372184,757.0979164404448,313.2374542505593,1366.7203973859198,222.7913418559105,1429.6884067285625,1776.6810639969738,969.7539213652797,1100.3906347772252,1304.1042835621413,1383.0582927776325,683.5123673002929,763.5515196663051,1721.876944743806,1825.2456259913345,297.6139856976294,706.1705339756918,725.0470507160614,962.1243527404158,1941.1546860393928,371.79727684093297,580.9606321397716,845.4919834819322,1679.5250154480602,63.80871456222808,187.70663864895118,712.4768479238211,696.5241684443172,348.8435783650682,395.192879770956,1363.4223195005818,662.1665090505451,907.0166988561449,1535.1254712999703,311.9000038127782,79.6616717168161,344.210390879077,9.850398719365499,1339.7127441285463,102.87973210361513,48.21283037481502,1049.8094862704065,1666.5382859059557,1685.2598914732491,358.51246762375166,669.0589240484562,1749.357314636037,926.9672207606384,1994.4522472127474,979.4521525935562,269.2490751171052,1618.7279044164352,383.6831142041027,1512.0282084255846,1555.4876100703025,370.8185502385855,1606.135234129074,341.1924926604019,1040.6051893061922,314.1258265819269,921.5933609972014,638.5084101950864,1485.5774371485445,674.150161167115,797.8215924496131,1665.8592614905301,1119.6273952925744,13.759928881448076,1059.9963544176608,982.8016282144638,1883.9736697203978,1513.7628796914312,1846.305081562041,588.7145391216327,1555.4537628533726,559.7228924473972,47.49865023297301,543.615484716902,941.2390024686708,946.6430822998508,1397.4476575974097,145.2130419687941,1465.0810804746477,245.51498095675385,245.1071122163994,833.8362550021671,476.3078743711197,1556.3364516141178,1528.0672025178142,17.610740583133666,1066.5499395238276,846.3203995352314,872.7624606959963,1420.6683185129357,1754.6414014356574,1292.7244720687413,1001.3474146279921,1828.4261442274244,1841.4985887872704,691.7070845592763,1403.6403833292852,1449.9526382446747,931.3649418226368,1305.3778728613963,1353.8596923145826,1851.8568038267294,855.935872967306,1914.2943314140045,971.5272783598724,1294.2500297450595,1678.1053708666323,973.2027981938356,259.0137282325667,564.2051505000071,1471.4311925489733,580.5831101695175,1010.5234408387272,298.94930825141284,360.01289185739563,1893.1650954789038,451.6376716214161,648.8781548793758,781.1323433174152,317.9380253284415,793.9474439405609,1414.1658664369775,607.7086869809702,544.8507945887668,1306.7939717215015,1271.5200633759582,540.1806872179851,1203.5297136440865,638.6696232587502,1027.0361640042588,363.1849701613724,1193.640664380217,646.1495979516798,697.3197395306454,523.5555869758896,1524.777921008704,229.40267274631756,144.88146823168486,1314.2769856842663,1700.8271674156144,1553.6948637062853,720.5006110822407,1180.4886727529351,163.46337710987504,1844.5071650784632,816.7007682410793,342.89583586601043,1742.9075790117477,1867.8346260539697,1510.2309931686138,1798.4841034335932,1747.1048536955445,1529.8248081695808,1958.4372673259536,756.4879364893613,510.96836798036287,1802.3181921891387,1967.048089002512,1759.4820296536086,1242.5729283814258,1816.8018256494015,422.7375737656454,769.5840653498842,448.28912653411675,1351.0786864846937,446.18936919860175,1277.2383680653295,1522.474001209224,1035.9583347797584,54.32572320975063,326.1558721738273,1917.9798190416618,1239.0286037303015,146.53627845375513,1191.8994599285122,1424.642291376926,906.0986359517237,844.4434244110831,236.14860571624607,1932.396711262187,1062.1369260743547,409.77635231461824,194.94457527463723,564.4272788525465,1964.8940839804932,697.3383700299262,465.6007708188974,1096.044161910033,1598.2150225734717,1519.748686400973,471.3194982587345,1220.2400383963397,855.7232139469376,459.5100924931885,36.00397350173306,1875.359777923179,163.60976216600346,1865.9545456777264,907.0733859444888,1934.4858736807532,1197.418814128562,60.83558038879956,1808.0927162743967,357.24496544006564,1595.0271098578505,1010.3842059057898,1792.6054009538784,851.5394983048668,1598.4044170971515,621.3875068103936,1788.4355905117673,586.0173133326834,1248.2238174638887
long-conventional,0.035969976830909633,-30798.259731306458,1206.6655903326493,1908.8307417454143,1265.7204334159217,1864.0758786143645,1750.8897500646456,944.7153850586858,1040.231071214855,1933.5387077562805,728.2294887711802,876.437838988063,1534.897601974903,977.1980062090986,1179.8963844860557,1769.2617152444589,132.2769739318551,1893.343852958155,544.6221313684309,1698.698994419976,1234.3405942917295,1809.310741368805,1702.5503872884235,437.7427076302836,563.3115273516438,136.93834668830817,763.901227897769,382.4004725540665,898.6555572678562,106.08739365031967,1225.52518004587,253.0986635689829,941.939596742952,981.5260889479173,360.08105409825754,27.81088460390612,362.99686743833723,1767.4558453679902,847.8587432233601,341.0500621777536,673.6254513317432,1444.9790911148389,954.8830923378,1006.7348074330171,1043.3691839800747,364.2675368172772,785.7040731612846,743.783575132625,1491.0103825442795,513.7148588176262,1455.3671886764532,557.8122940955013,1963.598978470348,996.9505639770412,95.2064277051434,1610.709755812182,914.0226392331681,470.71920683219713,279.12297914548304,1610.3137536494803,1628.0580137746258,1126.8192488665775,1839.1774125459763,1858.6473240881355,1546.3273201290551,1705.1109472276125,1281.5586813964537,1924.1348565115723,365.61797727803713,552.0637119079386,1424.4468423079932,166.96451959573386,274.7810396110934,1040.7907162246245,286.67397588969897,800.3603048121023,1683.4587089798376,1306.4895262798855,169.36699333171782,1851.0337913517337,1549.1442729243697,839.1505985762037,1875.3570574522912,1027.1031723904791,1769.366447450553,1638.5195249089122,1376.7291712569665,1440.3255662363804,1190.193729524494,1293.56238555696,929.1238665116902,967.2375108365426,505.2003501222119,1311.7412441761505,982.232524075992,1246.9003723065453,657.3598487095792,999.5180777432097,1897.8027762682118,990.3964500239412,1173.811327657245,1226.5809051173405,1702.2460162795146,770.5970460513574,1904.5946424427887,1104.8947758988984,884.9329335041863,138.52688138647846,1500.6605080931904,1353.9563012578594,48.63557094439716,1571.6583344286632,585.5000016847812,1487.213341571875,68.418693985606,1910.9771118027757,1653.033912920197,811.9460779135696,1215.9991130222918,1853.8030582068527,605.846712026445,797.2255236409616,1280.901987338088,475.83892240252374,1691.6978551282182,1147.3068763724602,1149.0169970342406,1077.4499192967419,1884.7645531793264,693.6145124361867,1043.7833567325886,511.9825141488501,1399.6434044547073,1481.4158211808492,1860.2468912067745,1472.3096195377434,1821.463232577271,1570.0897003269097,1426.1698656198564,1533.8906062631352,1543.7696520912143,1761.5701248911848,779.8766101063527,1642.9988090973106,1311.0462263413128,1620.5380381497346,187.52357044082387,1982.4781230628473,1651.9569475612102,1256.886766114497,1777.5563927901912,997.9136836347639,243.1493362782335,1797.9507071362145,1617.9726522147573,1421.3464377580299,1998.6117396189209,206.8602399251125,489.7361142864176,1310.8796669412359,1190.8663957817243,958.4328398150994,912.1827542494561,1640.8628369548885,1052.742038230657
long-conventional,0.15771919969981885,-5431.002971720825,221.15463191881184,898.95690536827,1517.7041177489562,399.5912544295978,329.51339092452696,1456.953331211644,500.5588524806643,1130.2619597200976,126.52837362601133,922.2872460964247,1714.4658437618436,1226.8122732023046,976.64529235101,1677.9090382203963,1871.003061745678,437.58510442258404,679.7034481501262,1210.2449265057044,1935.37507514355,90.954982431672,1872.4368103107277,1463.0069360623474,785.5435119100056,450.6116041688763,708.8536294264586,1905.3989562443896,1907.0783444555352,546.7386795929871,1236.2725442181036,564.4017426381793,731.5685133689244,865.2934597527862,1718.5294859302749,990.5214760038568,1809.456714369671,23.383348356062335,446.91289949591186,800.511385415486,1725.2539179400608,928.3908023954892,620.7124299821575,633.5418361242679,1244.755526377704,1131.0139892719683,585.5083315181348,1610.9933273760653,1671.7893980248523,1792.3211394205066,1872.8452982278886,264.40694853874163,1997.142755345794,692.4142754225245,1311.9322525385485,311.58297135565044,592.8857262598876,464.0677357709943,549.7485111798918,42.580141336897036,1518.96387640252,854.9647161485387,32.42919699729803,1599.1109344461593,226.0223400936783,1809.704994315583,1346.516041963251,1906.9405898811156,926.046387514768,1531.6499715797706,391.806128355716,290.1891262200894,932.2972190802208,1474.0614763064902,1977.1587319526025,1963.8502205669465,561.2890675423619,845.7810781608272,736.8469848193216,1345.553108620195,1633.8802924746017,665.6692732829459,1892.1226426573276,648.4301753964439,1519.515273322521,544.5761343362093,1115.281212924056,508.9021059683017,1737.156030985548,621.2660640410185,1772.4687512259172,1041.2153882441696,1565.139253980978,69.89902886887482,219.9506963237889,1004.287349889842,1014.157206378432,1990.3304451985496,460.9612596351679,1441.4177313687894,89.32463936943493,1077.858211005399,580.5329041421168,193.8553837028537,1106.7343876505313,1244.0421790967403,1655.9811794196914,504.18034051189943,496.18783400203137,142.14756532292134,806.3088296809015,1069.581697590206,1456.0308457126807,629.3448534491893,944.1599348578136,1192.1699741914995,1767.7017797504946,640.0312948844484,659.3825895758121,379.1958150350785,999.862419298105,1336.2479782494484,103.91384860941939,1018.2864416268287,619.6724038678798,1846.460517630127,414.38522402083953,1288.3933789797252,1613.9094582942503,1585.366771786128,1954.4311723710232,219.94633159436736,851.4069568031659,732.543513601638,677.1157553940224,1669.1891528258948,657.6428535246165,877.1050227199997,944.4616376840972,31.882861467708555,1188.2031275778702,1524.228694351743,319.4051172206158,911.6942412636945,497.50191998622256,1843.8254263111035,396.38285262679364,1730.1695610836216,528.6070075702909,1214.8854158509162,183.1914274958331,435.5013471484012,1727.3782314638663,774.8073868436012,160.15443276207293,822.242777827165,256.9516169859195,675.0895028031728,1506.855796211315,1374.35872880529,1488.3322403253123,162.3203721754093,1756.7261630309079,428.2199745510002,1911.1510625225378,155.3073270417912,1877.904220245939,602.1450000609352,466.80406876229375,558.6850659512046,1206.6300751439592,345.48385402036365,1222.0203568256024,654.4282232144391,1117.3858615546962,1853.9870883485842,529.0146902037233,900.1643053332616,90.50630542775882,1422.8500025414621,405.30330808927374,1158.5745549053086,1044.043650319521,462.3314930594876,1509.483131174276,1310.8989537630243,541.1712642201369,1809.5132070963643,1333.5222903461733,889.402484850989,434.7714492648178,395.4289480341718,701.7409905931304,554.5650483106169,1951.3096537308604,1448.2591515263864,436.23204191702024,1387.823149253314,541.0422806353266,1220.2068142488126,396.0817173958639,880.4477779547123,1452.3272905681322,1787.0957200656915,1538.2538936196306,775.9722218388814,865.5318869527042,1539.0372602902776,257.0496027397939,932.0742049795855,1364.7655845402014,1500.6125685740803,1495.6018576995614,418.669641458469,1959.5812907768563,1309.9653426145092,666.5491046814683,218.21003216062599,60.56773524836258,60.73848096151652,1440.8853372944286,1971.29789445991,1774.7676438993033,1209.45948313477,1753.2053232495678,1282.2631151481319,1533.143638287194,934.0396400593919,1414.8765269843093,1801.3151221814906,1453.2310625099694,1863.5074141878404,745.9664262555403,1433.1145232616925,188.96783109906985,86.2137803232889,1849.5462633835757,1140.0922655039788,1715.2936605567834,1311.1241450786172,1876.983626343982,616.3416971235157,1868.8270532271426,479.8880313843098,1124.1147415399705,1772.692161485751,1555.3134448994374,1241.6451391676778,1448.3125569688607,1512.2022207500638,1170.3165941519267,788.8561769085701,1649.190297180049,515.2035059758488,1089.3066889478703,668.2167128917009,1018.4010382245262,1549.7557497839061,1078.266767936663,1056.6355901689146,74.56015142256567,215.10745257274823,1606.6443922572957,628.3418810147974,824.9011547553063,1079.3231216375234,1007.8822463924168,99.04948455234563,385.2999470111263,76.59425151784995,1524.4000143995916,1781.0432477121321,196.23122372524847,472.3850740691896,1268.7992202024589,404.06009536337604,720.7211956296259,726.3193439485173,703.0335592853814,1807.8372979369992,357.5842329018362,158.83940111243126,1744.386756657405,713.0550667044978,1991.7554396817277,11.673551389060467,1352.0712705845147,1683.6585553196614,1302.59626685159,1196.3790339248926,1452.6496966635145,743.8309141949293,462.45669758709903,1442.3999640421387,1883.5366389968322,40.41083689334066,1783.6795397223464,883.2112056588464,1390.7173052269418,702.6149278400819,623.9982413581439,1334.101815782927,1192.9868543865982,1202.7586539653546,1930.32229808533,713.9509692729264,1524.810654594725,1416.6840320568565,1417.6552119827315,982.5909294168754,131.5561984268484,1724.4858689384625,1902.478244053914,267.31732049492643,1156.8065811630365,1098.8843213443358,267.37473395155644,284.96386391672206,1752.0115718071108,1825.3516525057034,311.1999698780384,102.43219157156294,1035.306938096014,1743.3506973304816,1664.0785096999825,1239.5308993165077,393.66660159459445,1092.9234490646784,1114.5420586913144,618.2507750672976
long-conventional,0.03775264054745375,-28084.748976844563,816.4289354453488,1913.8922821159806,941.3239929685011,1591.6143192136249,424.45802538171324,418.9831553828409,466.61537177605464,247.68847124398295,1501.9268364404647,1801.7044231873151,1818.122498901348,1500.8130122828288,735.3026314218229,1498.888632041238,1761.61772927141,132.95279120599784,1468.4646192713644,1998.142042900888,638.4831943963497,913.2443040201223,111.65034297635168,634.2386388564684,7.634897815143864,113.59400144940666,1913.9516055580766,1738.3110560395,39.62169683757812,1872.9698827226898,1197.503197746775,596.3311130516493,961.3423235117924,1100.4632068718429,533.0390832050462,658.4643405096264,1691.5251983969688,141.65515916976526,1995.7762675343724,971.3718380316577,560.4329043776182,604.9990381194783,1775.3129536750878,1776.4676948655347,646.725701141789,712.9722733054925,1619.4884936956596,1796.7174702116413,1981.5559623096071,1911.9424523586338,1567.8883490999713,1237.6918095357137,1532.1981955876981,1159.8818133969517,1050.0772907386277,679.3248389166857,1493.4235383010769,1370.3455884637574,1381.9630051781346,1250.2958780616375,1332.0827642841386,1368.7499851230114,568.3744509344394,1172.8529946456767,866.0196622061551,1249.6319787148573,1979.0301360771668,1043.5473965178696,1579.1392261159222,756.6031960250493,543.8647454967089,1215.4683772967135,1925.7785433171553,254.5299368687509,1595.8994539811147,1308.048901089407,676.6852765619028,1764.8690652281202,1402.159077696401,1722.0191769840371,1779.7700047990718,93.34859898251423,1297.787569095343,1605.3622007476224,1543.9452007252992,1794.3558778160807,1756.9481127281274,1499.4025811075892,882.5506119835087,1624.8024625792564,1961.825179909851,1877.060346946501,853.9418989581104,1169.81333689955,39.60078670583541,849.3974883007626,1731.7783944835785,1786.053672198733
long-conventional,0.04146829939824692,-26203.211469414488,1801.1207668646293,257.95199239857794,1026.2725595563152,936.1222076086175,837.7648476117503,970.450375125863,898.5006313711813,234.73611370203196,122.28221382954841,243.29579825414987,1482.0031074009946,1763.1526599823044,448.375344978969,1477.3683503815084,1684.621690255456,662.2420588528171,495.92201433150785,1388.249210426921,1880.181219922865,1959.5192577285716,1883.4658392304852,1986.0138264610184,1801.0996009474404,479.0966521072836,448.0671242709139,993.29152432863,866.9449670499944,938.6358121541489,1934.0408853039637,1818.208787251006,176.30449627717744,1492.1016318189954,1959.0917781588892,1324.3225660191235,1562.698452242098,1332.8443326285603,1100.0450590030305,1881.0221114044102,375.73959872451326,623.7957356891613,1901.0411988896205,1179.2090388658105,930.7133971275969,1568.0978127945973,1632.955318005052,1158.3706685724653,15.393711959389691,1844.5552183826182,1178.789366390745,1428.1811966985292,1961.465832769966,642.8174266312295,778.872584202608,1671.8219485303841,522.4409473831497,1735.1407899323433,397.8609615716132,1374.2224789336992,933.1385688285865,1322.8340690005566,1667.606681424764,773.2308149932768,1801.980406712727,750.0547469641433,1473.2683796068854,932.3578773165733,1053.4513069358309,509.8146829211902,318.8733147674935,979.0398383564711,1253.6346418376315,116.23859762522034,1232.076285486862,745.770039224435,1034.7422856980618,446.0570284444094,1157.5533018505662,395.1560651631538,160.7778176115584,1508.2835856913762,1274.6493252242426,471.48833757056514,1726.8996956145193,294.4969200962304,1396.734804358594,1822.0141675673335,854.9934073354528,1077.0324580398992,857.1275165918972,476.4333857212175,1399.864481082031,1693.8951626687176,218.3837002121146,1616.1542927425967,35.51091397866752,698.5501126882831,1791.2843463691688,276.16605181520765,1601.1185004881368,1665.1183394709187,810.0960066180884,754.8569093711368,1094.4101504439402,203.55199557286846,372.1213988581645,1986.283610350375,1390.915973127588,555.5300497562166,1740.2838057968065,1857.1053446663873,842.5513626920384,833.1074252536151,1241.2137498781806,1511.933243700477,1084.808637544864,1587.9117355568915,275.74758979818716,923.8801256016527,1666.4714420305659,484.2365256734455,1839.4496673172234,1958.457171133271,1473.7345628161147,1574.522113699762,1556.3638311553527,1391.3518525091874,162.00850138553125,1205.4279331501448,2.464329189633408,1902.497702570095,426.15330097335766,1947.4989341238734,896.3037370846206,1955.3203547281473,1686.8174362232685,1082.2010747629504,1675.2621431978177,607.062262094051,1046.919125286244,207.14074525166114,1767.7086825840686,1.0195597900327784,1154.8162182741517,750.3704075828819,1578.5344100190882,1181.2666122150088,33.65327584270951,190.85071442337073,1381.9453887320972,568.1637904545104,1637.883102353731,84.85415325916205,835.3709508659811,45.43991078972845,582.2737038751415,533.381951720013,1893.700253974531,1545.5586480920888,1036.4986754992785,47.97968597748745,217.2624808362015,1744.8665146406995,1368.2411954660336,567.9552739257578,1056.9116378188992,1501.7406981878555,1508.1553795843881,1802.689922429173,1774.7089155608628,1313.5579872096416,1323.382969600632,1186.9262009721317,1304.7810661740477,1402.4309501116104,1304.4005670557624,1137.1346469759035,479.3022532957728,26.010140460172188,813.930127614286,1390.0019689727021,856.1977868179005,1466.3769468062715,1776.3734112460947,1078.9348661311094,1014.0542916747268,1724.930476025644,1157.9819959960462,1354.2044507561347,330.0564686972779,1186.4936108353677,1174.2284047950257,254.52926903923247,424.52706582424526,569.9950941429257,371.7003034761494,974.9858263934094,403.95736515042546,1665.9423043725044,1354.8062035196301,1352.9575602715622,613.1974989739649,442.9041628911142,43.00505865812234,1589.3528109767171,787.192986338131,834.6299954445891,216.50765526666194,928.7510660207184,333.371174693074,1241.8516107045339,1696.7538628192012,1306.116323984466,1486.2345525832807,1812.9870956235422,1094.6566577061235,348.1585183246631,174.79261778173804,478.34939691922744,1907.229761632155,896.3336049701571,1237.9696358765352,968.8482814428169,282.1792311843521,1639.1129018285665,1960.1058541315715,6.479536977433799,1056.4950857162971,1607.03442757439,1916.1465894843525,777.8905031909684,882.3243263780777,520.9801188776394,1275.761955114206,571.7624550505016,1313.8267716906846,995.430520696684,32.96393751439898,1410.3847966035883,910.9770901247985,1217.3295649441097,184.78472993729685,561.1536570885203,891.5028818172555,451.6833477470373,665.268154407826,1854.7301949568603,1334.343677528136,124.22586664980123,1115.7124738729487,1917.9393928586271,491.9085297209694,964.0573793706161,1649.6380026736324,1422.7608537349452,1997.7450811467265,661.7369567831735,400.54783573210386,1014.9407451027396,1926.9577008773304,793.7923786633351,733.3169878899982,1285.9670875794206,1342.7048289840097,365.73030546283036,749.917215416259,1035.4510263103934,1653.5776063253,876.5464617667562,29.023858134507982,517.7971091640682,1534.5788251823265,579.72763526276,43.52832017422644,1068.5587773430116,1226.4750994035296,1086.821257828171,1266.6790612959417,691.8445960063495,1424.6280529459898,1746.498725089162,552.1343352963643,1220.7553506522195,1822.991383655061,1428.8652656774048,1030.5042410285957,833.9334853040742,1503.8283949796942,233.15907034663832,1867.9063029021593,1314.3493766636477,1308.8175797835734,1977.5428874429733,657.5522990022432,48.37066668678584,48.173665625516875,1846.601614094986,842.5538951778686,1272.198626845937,284.6457315144725,1553.6859710927683,1719.3358629688523,1467.904233052459,366.46192121668594,1979.59150786108,1647.7797930813522,1402.5724782843945,31.136954855423507,230.80769798309376,1519.251004292818,1594.4177076075907,701.6106696178522,135.41492112460378,1400.8483564554817,207.022895494643,7.966807901673308,709.2340646410418,1798.4666609158996,99.35066265521421,1282.4018330591252,342.05412253734147,934.8780487554723,1593.0697255686694,485.6928311645265,1933.7131614717014,845.189200130987,945.0489718373591,64.03725909703368,1933.5462518779134,1661.401425241656,200.15311688606187,1218.8238800086153,1212.8113139837276,1766.6998610123962,759.07926772082,1143.2711474657308,1010.3623758769855,1180.9021778978154,344.2598703212966,1913.9197081927398,1423.8981267978245,971.0244054127169,1665.8165748606034,1237.514646654924,1384.1668814403065,1636.5689644446402,432.1191038563898,1616.7595314796142,596.8841282289407,1313.0537363393742,1891.2902518055444,1713.7034103150504,1463.7542321764631,1223.9892972395746
long-conventional,0.03945882719294391,-27511.418757801497,1360.719039753157,122.14239830641172,1900.8610594320503,1055.291089289375,1019.3189600553159,1936.0590622489592,120.80205743122234,1201.7885033147675,1330.2906503351642,1832.1133169624889,621.3028145472051,1823.537637535253,1751.2229088344263,1500.3984526319275,420.4096172751077,40.3133097259476,583.3280018275382,1998.6592878807667,545.5670979617637,971.2659875587227,669.3764747801715,419.71763914669197,1702.3099010048484,1854.3159052677343,1538.2320675652784,528.5956508314353,1010.0941028244848,1421.0911758878829,482.3737287384211,1449.5263551922944,262.9317622301718,561.3716960080152,968.2749112916656,1774.289784445101,1566.098726072695,1334.6869604620733,925.7849533585576,1762.3705580453793,1222.6516816256444,52.170547241863844,995.7146752227666,354.4956590550646,1672.6891585831052,183.22446726209873,710.2362911727301,1178.3075891525966,1841.6660386980236,205.8858865780838,397.2996053188231,1805.1240157095704,742.6343330950908,1421.0639782710084,1530.753698269385,290.0670147276469,1576.367560220302,64.71747385218764,1714.3689459441907,708.7020710151006,903.2129803278733,484.1098417685046,1945.1424939309852,534.965314751939,1132.9451664296462,1102.6308434755324,265.63132586640813,1570.3388564920126,612.3939368269614,1427.9118430126296,669.988311572702,1541.2805675257714,1002.4423112257842,818.0412142697571,1768.708430581418,651.3629073314207,139.6939885287564,1977.138431426076,1657.8624801032613,391.0570086560159,1494.7613745136352,1490.6207377064502,1491.1488170065704,1535.5253586742979,382.83491284824333,404.44527947885183,209.2330796161269,426.3584406170461,1767.4775054517925,448.3665934047147,1375.7825002423908,385.4690223841048,1898.8551481037757,115.83481402662449,668.4087900802814,1866.2692542185569,1286.8619086034907,1984.3443243365878,1310.7723757941324,1526.4945980280413,1567.1137423729936,1625.7578067576615,869.5779735460214,1997.5068786812963,1937.3731142029048,725.2389888387744,1987.0675374305288,1383.1433256323978,590.9459579358194,1620.3897008198344,388.4598036076381,1995.5534843915575,1305.6408886433678,1945.6605630783943,915.4161796917195,218.40099979403567,824.8757002377812,712.1111435348805,285.70833255536616,68.67497832711098,1055.41994208239,560.5418726550413,974.5624497161541,1811.1710944576503,1910.2264010577992,1978.6355672687162,1722.486418211645,501.79929435916756,926.6868328532152,1987.2953649742783,1976.4574128262743,1140.2436714598211,1581.9912667752587,433.05118916876324,274.3869694529563,67.63533683145926,1374.1070054000145,723.4691833846094,1683.928585706754,887.2899854547418,1892.123609576424,905.0649533178944,861.5493832486119,1847.5950200839861,1737.1880370433908,408.9565777328006,190.45715042224057,1052.637294208638,223.5546434176325,1506.2632412702392,1797.3777398980296,1771.7749945283467,490.11720956439314,221.19710986329852,1163.5415321658786,5.011990948411302,1816.131063118721,123.92257505427915,1128.5117247044832,1277.7949563298394,227.06666870012327,1423.962381954552,1135.3253168076296,613.78989512424,362.279967940453,80.9142255956967,465.0530816878016,824.6550451330568,588.5142887425701,970.8031879056259,614.256956017278,409.1346577854021,70.41915930327971,852.0200820603716,164.35298616139346,470.07852845923236,483.80717338078625,1112.154188224083,1574.5072893370507,210.39846226090862,869.3164595032546,1803.8487749643286,1846.296981332384,757.8519802271721,1262.097901011594,853.1226011541269,1972.1475892784204,16.19000580451311,1947.2959408674942,473.5761085207233,1740.0177438386847,485.8716703499754,201.4467051158611,356.2159980128568,1127.032261248796,1980.1491213456281,1207.4534012085912,1651.6094964942,391.63607736134225,779.4956249856191,1564.4598574160575,1241.4698948069777,1480.1072705673344,750.7851602796105,207.1121299818764,1186.5186972920224,915.8733452512001,1565.9339408126546,1532.2557902668373,790.9007325496844,1048.2546417537033,740.7834354922853,1603.816066599542,857.1265153168379,781.6031631639903,1921.6895237864205,1530.3024488168066,1780.4268281685463,1840.791701990289,677.5968735471066,1547.8751602820284,836.1946254309454,1720.8133276209385,93.7068217087023,1536.3742263510474,737.743283593119,436.38476760225757,1079.0524532173683,1068.7314508885704,1236.7189742258436,1880.6128241755384,1286.4897874290602,1888.9731664979242,526.4538132258775,1538.7642208065624,1814.888172039317,478.8590004909616,1587.622262567565,138.9868289474896,378.75259834628287,18.66073737268736,467.2560261888608,1388.1446455082819,1375.4845048286186,692.7141327694062,117.71500015795192,1791.864735375555,656.0769711917967,55.170955967271986,1801.4212461507454,1313.9986713121555,1847.9850012907198,250.55199000961875,1942.8826858967193,1552.219208569073,1115.522708175337,496.1842228263284,1327.1412462810217,310.5701190944255,97.41208162913505,617.2217860499636,1592.85614004569,352.5025802740668,1091.0784545826857,741.0490866203614,1806.7804730383154,789.8404176429921,653.558745754045,785.9512046386737,1601.2154566156119,1048.5560102835275,13.01604147656644,1481.9959437793323,45.53804637229918,1345.3111542376778,1453.4276012121202,456.98938573643983,518.3835666539977,665.9427950536433,1213.9936325954423,745.3231989161741,769.0466938107364,662.7727460106652,96.81923223062007,262.1030829276228,503.6533512278893,318.0759690747369,285.56647246123646,1746.5983518065389,1124.8948637919443,220.7130883331755,981.7887575847935,962.5774793975878,1758.5104003550873,1606.648055171457,355.0495940546652,242.71027331504143,486.5624057002344,1757.866280219389,667.7218193995865,297.27337384288916,1491.5366814021945,1199.9560888442184,712.9896926625406,1650.8836740947809,1760.6824789132722,1765.3321620516622
long-conventional,0.028696523263944673,-36481.29949236294,413.18899318188585,1124.7065699129219,498.6779802676511,799.1750851439787,887.8554320904151,89.33395821105927,1797.7417961905858,1590.0708544839374,646.024455362557,1133.7718152858854,1435.5334272040354,412.59709880433013,1532.1181749838295,1844.1219780531335,1825.1608674484344,1998.571504219895,749.9785239638028,1430.012383996447,1528.1064822228516,191.88918276741194,1416.9120112161586,989.1794387185863,785.1273889103456,1817.645632777363,1169.61462778638,674.9881040136697,299.1174172410654,282.07055686486365,1502.9584336526239,1332.3421886436656,1631.5201512120464,367.99967114757425,1222.3121618244631,1529.6370866512996,1916.751824134583,1507.4795567910267,1672.1283258242954,398.7905486559048,547.3008997402993,747.5052150897114,1066.1360872980397,597.2761913726614,1001.0234221508085,973.4541901570236,674.0269464690703,48.44453920813356,1527.2447358378347,892.1380921493873,248.65647408309704,105.7489755598465,846.6935778562985,1488.0521118796198,1790.474428126457,1284.3117657687455,360.8960861507239,1578.557942846915,1229.4849220851136,915.3888216488382,1053.1791141168812,711.3018898674783,385.8338006804526,1803.3465645250574,1043.0562851382354,1614.6218826178476,1234.9687505006013,788.3044331980223,825.5184858960138,1865.507678347953,1034.9617694044132,351.3019567950047,172.93078212871114,737.3106979072102,949.8587328643854,15.104301447150796,1479.2911858520279,1500.0518001746086,965.0128962621959,662.3056849275372,1217.4733510592625,1745.4197702524311,1987.6415435712424,930.8926039081637,50.01079772701882,1942.8201715789269,1526.1674856131242,340.43435097851005,1836.446882101183,474.0475477128559,1448.7666440367768,167.0839112706635,1822.3150181829442,1686.2636932759847,1711.1803479481282,198.31563606139727,449.2656321713641,668.5991342137737,1852.8980601162975,1732.108945168112,1735.3783375023518,1410.4939882074193,1048.5792534435839,810.1562113176794,122.90285478291302,488.1462599235143,1818.73459227244,1564.6773647053972,1900.0411844046444,1170.2861397179552,1121.0799582045188,1252.298711084079,852.3519891758054,159.4708858147935,907.3829660532746,1829.382490755316,951.7513099398,1512.2100300604186,458.7460267832548,1157.9268656306272,1062.3774596341557,5.93907721976557,881.3005053081765,336.60241973581066,557.1640160840632,792.0672182841412,1952.6953748713424,1921.4327275579808,1349.1413702228108,1407.9427086031646,1709.9772391345753,1059.5761793656598,240.91338381186978,753.6673458507615,1231.245750828064,1494.1213517764545,1670.408639953458,1666.0121967243535,1440.685149432463,1706.516323106382,176.41412708146066,1081.8950041988742,248.40728523031464,820.963793675062,392.2456179050249,323.562639254783,732.639608318573,1410.1189067142723,728.1219360525583,1521.6001644929233,154.41093803171594,1503.862253287301,789.8467418597708,263.71649436901725,365.1788337046132,1223.881551868508,970.0679620311687,1800.8018484439565,1836.996274915968,71.60000736304303,370.92196073095164,1929.600613636099,1215.2502856182412,514.5577922509902,293.44304979663275,1078.3758685887815,1681.377050462162,59.08256014828922,1797.6941300061737,476.57016612754995,1132.7321113934618,396.63058977764945,1037.9104869931869,662.506166881344,349.63345115474834,1953.411381524351,1742.8058726223505,1134.3396596275231,1119.6690895008546,442.8398939952444,512.5861137276088,648.7711800941211,497.34594860781334,446.6611924939269,1798.9881455201946,793.4974839597169,641.4442767204158,1199.37594254444,85.88312554449747,1047.982009404709,576.8520598848066,555.9166122020073,572.8502605149404,758.5134388688756,1844.312728897903,1635.1684867012077,72.63708296842707,1071.2329552304934,246.1871632698085,326.91243296018445,631.103076883033,976.6620857340872,569.2394743866498,135.34550470887734,1466.4582912527142,848.1139322241195,1716.4301795137249,257.23333706493725,136.99037394552394,67.31803720054042,1803.7533480544234,776.0972440963743,729.9695873305566,1950.728052173977,1366.0981796681576,294.1420785464893,1613.9024658752098,1518.2445756625548,306.39798704974464,595.891991303402,1751.6446121890601,628.9201732655149,872.311565396027,290.85139638223455,286.513448906521,427.8048152380491,539.1715205388364,700.6646981888006,1797.1241811415528,237.08777228916477,924.6781896391202,281.2464727196296,1741.4133577469975,1393.5348843428092,1906.8034204510345,1264.8967516353537,1466.1985125890426,931.800350716332,543.3524760978572,902.2825569694658,1785.1843562585827,647.5074297239343,1445.0467957344183,93.71468118223463,1283.859554317354,890.5389703304106,1908.1616193568887,308.2065414670885,1308.705195841096,306.21263500284647,721.6266793607598,117.37025677339629,761.5517764251625,7.83086971376674,174.94688041334933,461.67354139176734,620.0883886867829,301.45927756923936,1873.1792940258167,712.8497297475343,1773.2652706488884,287.0451794399197,1729.179285498836,1140.723912795065,1405.1811257972322,477.6847004218566,1469.8808937835533,471.65446854061986,1449.689438919827,974.275485815763,199.1063064469056,1522.3720517170811,592.5553002064934,595.9123381850573,1877.575333774519,782.3444033313024,1934.4145016493383,1922.0204727039381,1976.0255155321736,1543.428403599575,522.6032439311318,1689.9328223384232,1236.4006831101533,861.9898537900498,369.19825747777946,427.09667122278074,679.3803494429428,1049.5409304581901,734.4828103003317,334.69384749565825,1008.3646143374359,1167.3845995076429,1149.7052036003538,193.55940434384928,1198.9679886336953,770.6422414547666,235.93338559450748,1157.8739066444796,570.9258181052032,598.2318074493865,288.4333412559183,643.4444516066683,1247.931833894928,79.53358862583839,1129.4325752142267,1430.9928191012375,1821.1101460654363,1752.0560156115782,559.3804132522674,1257.0542029452822,11.431945721313353,1016.7440812556184,912.8979784062087,168.690441983559,1074.8629781934876,982.0390381150052,50.35554609293718,227.7960680206116,1359.9139343911102,150.68884533725742,1458.0391651479476
long-conventional,0.021849654867835078,-44057.51939370301,478.3736606181671,162.91777538505806,485.9807656072024,138.9728027005915,1742.7095285451232,67.56455661776833,1837.716318136335,1661.7026483840725,364.0848207331966,6.182149473790935,367.55848158280924,1435.9699485630592,1264.9272690681682,1293.3265746996942,1417.6569566549874,232.92858527716277,244.77603720894436,1447.28839793953,894.7031079731249,724.1834105195344,1200.1207398514637,1148.2479735289874,603.1525484410994,1409.9579882374906,1426.8620956385325,210.0756366527405,1654.3374425715497,357.60884614433564,102.50844301821067,1027.5518486441285,1802.5774966464444,579.2465475654764,682.4519783000104,1785.770500426692,1025.6283591287556,1235.8758342608276,114.0742288058896,227.96833060332875,1713.4818223601721,564.1498659700128,1225.538837144531,51.47785050516914,424.7960877914086,1494.0311633112337,503.9568904468162,1479.6920174576217,899.1111936550301,1920.8787721160954,828.4294750566077,1246.4732992067209,451.57428408579716,1461.445744633918,1167.2942867445338,1582.497169676158,171.4670621370247,1348.770860079889,1317.9437453909727,1196.3803558548616,1966.5098518047375,123.28060994832477,966.6792319350415,1452.1282296519487,1790.2345288789213,1853.7599752211543,1288.9026091820974,1194.901891961152,907.5167323793305,1068.9205498568233,1375.214836914704,963.6150593039473,1456.1518089849708,1955.289809348074,1846.8120200231863,317.6700130639389,1765.5072758011647,1875.7040498106633,1268.0192248950207,1265.6358314986194,565.8900501017833,1674.5381258556793,1053.7706291890374,1322.9900375273482,1214.545911360263,1999.4980631040958,646.0076885564455,1296.70063075769,474.8342920495283,716.1831428862789,1147.664397727638,1267.1915573451217,1882.4634099938808,1625.6340851910352,853.7177195837779,462.126896295062,116.0236943292396,889.757588008976,1065.53978009211,1505.0690979540618,1231.4502552821582,331.3636595712332,1641.5992925707187,1929.421333638427,1624.2794061111254,1949.1159128243253,1937.155894341959,501.85616907729934,789.2433155269367,593.8866547652336,154.89802492325003,803.2800456994797,797.1805730332345,1468.1139419326316,1140.8180022587203,1847.4240212336865,223.4952910441722,1854.133040982899,1194.4204818809103,923.1640904132147,88.03936832164328,1158.35719830204,1241.8621563989914,1728.0635106696295,1219.633712344705,1216.6882004343643,1254.649860549828,1367.6503291649053,637.4813929040787,243.80879059077793,201.5739290289088,1574.3129924909406,1667.8004508774657,541.8007848785873,600.8252379688844,115.32853718747327,1518.403826924275,1333.4989024316421,1888.1350292641102,1773.8161716957702,1504.6536347145475,328.3066662972278,1201.268312448597,1793.6523389648253,1638.661703443276,584.066973745085,149.7625610327012,1372.4960233184158,640.6220301469887,1293.4023805005154,122.01695209330441,350.2574290082177,1826.3232010274564,586.0357111256807,1299.1336908034307,214.43721865260798,1446.0225868293503,199.32494779388853,1602.6477190074634,1857.60560810421,12.402272110189507,214.21143662517912,181.60977122531017,372.24014994016073,767.3081251352098,503.6376854749725,1658.0109979934782,1848.2842993277256,1116.3973622021163,215.79137370545274,649.5060867935414,996.0612951874227,521.8619128042855,134.4231873499147,800.2618395779119,1436.6737067794452,31.59692665892279,1135.0232339252332,891.2270537026234,304.01070746563425,649.09991779279,168.36256344661217,426.95482046666297,1019.8133696219307,1184.3915895997475,804.7230257772761,316.5018405260172,700.694123562099,287.96549108525755,713.9833441117078,1181.3156524346803,1792.8783598870875,107.61613100867469,314.6901028763167,1103.0133367914573,1625.4866749830214,406.81938776841577,1214.7534931593016,1364.0182238148566,155.43234285448997,1249.964608946416,443.3977732318413,388.88145950326054,893.385947654939,1515.930255206297,991.4970564939471,533.8057023622836,822.8018246306771,1185.5627959885874,427.89707699786067,957.0096840068411,139.2207543813811,966.7768162218193,1786.8531934531156,921.9006185350087,1750.404071111336,523.42970114706,755.2667449294107,1250.3911519305461,440.3472386596413,782.736206463358,986.2921274037584,661.1849878314372,125.43620491072758,1030.0833942251163,20.646167131265123,1418.3511694530548,1203.3580358953848,541.7292349618853,140.36018624782227,1282.3808540019384,1472.5357301362599,1353.9801106984314,1403.9172870308637,1853.5774013896382,691.8045968188086,219.95242516392565,112.19810765416457,1228.1182765428553,722.9054128286107,373.6447957108213,779.55394931383,1026.6715411488628,1872.776922453929,977.2626011825561,1063.409699173616,646.9235432451693,993.7785441809388,1592.5699028743115,1118.782412333803,790.6065583382789,1408.2236872879841,84.7561023066826,140.66708134386144,1126.6544178313939,27.83759711907033,1204.6924254361084,1324.4112853499707,298.8099556413722,1259.1498267695351,836.9320396323287,1077.0563120072065,48.13480445551693,771.0380348007631,1872.6604162852843,529.6474751861356,1714.790474923139,1008.0032296069669,1485.8802303860684,1980.7545951727961,187.3298266759709,606.833950857241,348.0105939405546,1846.4397084989196,1174.3873496934043,383.38627837791006,733.6909011679267,251.6610903391925,1014.3273742893675,557.5450898295408,168.8831423893,1405.4233589926978,655.9583360553875,1532.8939577323813,1354.4866100704062,1527.384456468798,1836.8609389388332,446.9469339179761,1004.2249029779091,1769.0881202715314,328.7372897377641,1927.3029253529892,483.5025305023186,1072.439161197722,1525.0272738428785,1410.335965163264,441.6041218814821,239.00153826039298,1194.9902773014173,1839.6695248822768,1371.1227790926648,1646.3518072614706,159.48913600995564,1696.6837396100627,269.22284238149126,168.97178714197366,1106.3149138479814,1244.3736016699247,532.271933314784,1172.4169950649036,746.1739000275527,1131.5726858338778,580.7759750601579,1734.0202415612373,153.23969027136545,1444.4356727267,1910.4437538238542,1653.115324856901,656.0215910648662,694.2610746176482,1977.4888029567405,74.87778444344325,154.58645421261514,345.5197407731026,181.3483465232392,324.2624178580703,1025.1092525799806,360.5754523220045,904.3076165660486,1355.343107823734,206.1112156739982,1444.9304887348862,376.6298461804488,1828.641113178552,227.46629555086506,1860.7666860360735,1459.2441205510224,1354.7363221685368,1462.3972998590634,358.8026163761609,435.29218829277147,403.13812838192155,1657.0090792942542,1673.154990341939,427.9245608707277,1827.714695334387,321.32859387799124,153.22312777204118,1787.4097396640782,1817.9978843988115,521.3242640444433,193.12507801102,1068.0375254260969,554.517186236697,1909.7695639622086,1610.4844859575605,1133.4809514465162,1172.853800520341,1876.0945489588864,1455.2079191511152,11.291277270960947,1757.362844038816,1837.810582734051,874.907622140263,1797.1595424971474,1887.1082357047449,1400.3768610397206,1806.3307772074272,1902.5173717619339,1130.1811564685704,412.1704830732927,1440.7137766743115,1058.9994815577313,1326.1737716827236,601.8372289518929,155.18445304587496,840.9488628870048,77.73723619667709,99.96729020839123,134.8086155125161,856.7287160616053,1012.5597192623281,1169.417797414258,1304.463502483679,140.8140461715394,753.4714463088163,1154.2220939470933,699.1445291662083,1421.6972666420838,474.2067944336189,676.846914323171,1100.4942101658562,1323.866847621843,1915.6336657276984
long-conventional,0.01918908547763798,-44931.00040231154,218.9374154004293,1039.4698997353737,1200.6307804917972,1114.2655440118137,195.46367738021561,429.1817743134749,9.839577098241316,1284.4645917068851,1782.2279479354233,1691.8454947266737,1258.069874631609,1410.0569765870882,1950.4971693941702,409.1767454960327,416.94282749923866,29.00153902181762,554.9838926747038,1043.9945128494448,444.5601832806802,1233.9460786672385,137.07488049023695,661.2593812095844,702.7947812231415,1040.5629877123138,52.6970804418727,999.0974846467203,1244.6596342540904,782.420178675381,1744.5250448499764,1511.4547307692308,47.385988894928325,1841.2912334894743,234.90809008350894,1401.1269191981132,567.5374382759584,1316.511062175947,83.3311145212049,999.9567992187996,1413.7417555792733,220.81392865620165,623.65011625985,142.77908845687114,93.37973277074981,1463.133378816485,1792.947797087041,989.2352015211782,409.96748852855313,379.3433147106607,1620.5019673013671,1260.233184710677,126.13872972195041,1707.5804410612004,1722.9678971084522,1118.4055106236358,147.5610403822857,318.7007773292581,1523.9880690972802,579.0349826195348,983.1493921305006,323.2983821167401,799.621296291698,553.8070013729256,1817.6457339371498,479.69099742861846,32.56512149617477,658.8611460624902,286.6799081137085,386.35132385196283,1144.12910008738,791.8203798043463,1400.1278456489458,831.1667412908431,705.4726466196938,722.723492196026,601.1477336381355,929.3755896767044,304.1824086156916,147.54612249527128,952.4416610451003,1263.6243271874255,1927.920663456084,745.5940308348312,1156.144476430147,375.25031254397805,1286.147103051851,839.0088295190405,1736.9200273172773,428.8421963312902,932.6736865712642,441.2196905932825,790.1167207147697,328.0485489418184,253.19277527230386,810.6337600201102,1090.3281232801905,350.09158092368034,1419.3500685064585,1465.4129830187726,529.0667519308615,743.2581949963159,869.2288941827809,584.5728540731149,660.9751014849019,171.57321667749625,1807.0844029715352,772.6902950305744,290.07101129315777,648.5294985024736,1589.7524453017345,775.3375296207101,647.5004020103386,1386.424323231321,744.8179099705274,887.1784934171208,401.9436892282705,518.4747852878521,1485.9914482296733,908.7380661303207,1047.8699559097236,1536.0595949662888,163.72409592796998,1277.9663944229972,1103.0086930884104,221.6850091235172,1155.6443890323787,1162.9672269967589,7.142835250717673,1536.6528281901049,626.8252373851116,312.23862682349056,1942.3200256474113,1489.78312955267,1943.2706722657058,307.24144299114795,590.0820819159119,1472.7524660822348,39.594113170507526,1422.7877915602255,399.7624285017622,99.54547642619511,129.3139524952338,1212.8461205173787,1041.8888416653413,281.7475435148556,191.5659290956501,1690.1349927037304,1883.6090139294304,1089.301589335781,649.514022959418,683.8690901552276,790.035344555661,1157.1270164445896,736.0730826535126,1109.1951523324997,470.1385378328196,408.43299319951154,1162.415499442916,238.26838162768072,1254.4989796453833,1137.8257227120505,1584.2031624444505,1499.7661742761873,214.61713388550743,819.0599526266213,665.5114227061304,546.0420604419786,49.55599497300456,1124.217374467748,912.390696965273,283.4451949678465,1612.966726456741,1449.9567557078374,1920.5707933525428,1218.2143092964768,1328.7081948942682,774.4720569348771,1461.2589808079485,1279.2253796958692,1032.184447078604,1343.1985447052652,1392.6220269708792,977.8598620464255,1216.3286554951092,421.73836110768667,717.5710702846791,1984.9271185673226,896.9638654590915,948.2826405308867,1685.5449910981326,1218.9883214517358,1596.1586911732563,113.81841053514638,1935.2379042363737,777.4723504160468,1066.7817789107892,420.0165299701611,317.0613552660016,1013.7972875492238,1226.9483049712146,1890.5566843727117,1275.6637138818303,309.8376913069604,659.5821899322445,1677.4099500227214,1210.0987892907815,1509.2780123891073,902.0620430860829,1175.8017705386005,1685.4078528833177,1148.8717005132103,350.8613412651308,982.8056301044589,737.1816158142615,562.7133258019369,740.4940707627944,35.654829306376385,1381.576065686758,270.21816654890677,777.1156451401988,668.0040625515192,1521.2758595997966,1375.84847371437,420.3645591212332,1198.0612421916096,1071.172399273654,1582.040367856583,1424.3296008826796,1786.8811443579364,937.5028226025316,490.519513527009,426.76220340400204,83.55134321846525,84.23089361085846,1911.4461532086002,1308.8347283825917,1850.3637934296612,347.6260815773419,1612.1528137897337,562.2075141204609,596.0433710659248,1846.0026578256036,17.2404035830387,871.4220471814631,1256.2674023011293,1038.562327130701,1320.0875906030678,1530.5160159747384,919.4270621307661,1672.2392583664277,881.463729816021,726.0393289525614,1372.5483756344324,929.1923643421902,1500.1037276114077,1047.2933621286145,1767.5294110286236,1915.8320040105004,832.8529344300666,1864.468958292044,1767.6674834572857,351.33182347077246,569.3398189623664,9.606904677974175,1292.9677401450676,782.6998777620537,1941.4333377816006,1261.6714469892163,743.7118887298616,1997.5742625083178,4.269928289240296,411.0803886403597,1414.668865593875,1523.9515243680908,1715.4355211181091,648.3999987689806,1811.0362112903242,1801.6572734734525,270.09696815990355,1927.5382875125326,1313.6480716651283,1183.719819950433,1406.7763646340059,438.2859835056059,873.4714276612316,1769.0378468122776,1320.5244738545596,1756.6706060630738,296.2962589664662,814.7715223583771,1278.9627251677823,1022.4600300047315,1107.8919041637105,1200.1612599285618,1321.4416872004049,748.9434275010831,1589.2996329227376,1738.1268016454042,1373.4417661968578,778.7908657527593,1513.804350263107,690.8036444437724,1831.2356913673414,900.6128562102048,1283.6229949219573,642.2346894680292,200.57307839054258,1020.2295544692079,1194.4036682839653,105.11029392679139,1924.298564311243,1711.825000870621,674.3539430410087,369.44306111571393,1953.4848665081188,790.2601115411309,1878.3404592050529
long-conventional,0.0553772390747187,-18778.976245781523,795.6345295553035,1445.5891115184297,1920.8505283373295,1141.293096287236,990.5598054902334,472.07876172486095,280.45411874612887,1428.485652037294,1951.3256139084192,889.4761470711645,1357.3903184571845,1245.718735020838,640.8156788117495,1857.6335557538944,1013.5149806548643,1865.712460124076,689.6033060655375,322.94215786185305,545.3798197370555,1357.1746386740597,668.1775744560301,1177.145359127174,412.5883433693976,778.0737522507654,333.4535945025029,498.01123760873645,207.66456931538278,1657.3658012823544,1815.917499635675,1684.0175349176118,257.80177421771464,629.816834637442,1103.4705512301164,1637.7087202496623,1018.3490687459145,296.1348903916538,1023.0491958507928,141.29376623393918,1197.1091012233699,92.591410545381,1486.9044681418138,1756.961880977393,533.4638315305474,13.224540159530562,1477.3437724337725,1609.5845928538472,1278.1069545517403,6.798890482030441,289.01433401925186,860.7652220943352,1265.266060225033,1493.1200380795358,1398.1842347556917,806.6106135561402,808.728239720526,219.63270975115768,1831.9430850959784,833.6700624529584,1431.9409146922508,868.988385256807,1399.3326285698802,1580.1307406720964,863.6977201979319,121.8290497600941,21.75337896694995,1850.1707572501864,1807.4255802752953,37.94866322406476,733.7516701364308,693.2171886409254,521.399482232638,184.44183664772495,249.5004595663341,35.74982769812236,540.4244178683148,186.74268684558797,201.7717868319939,1473.8460148290212,1755.0949612924278,1873.4874478735069,514.0065939342837,355.63715203427483,1518.7511152798938,441.1357676981547,1414.4470563818938,500.35479265857344,390.514339665613,358.55612601058914,187.61902268693075,1768.8433501380985,1.9348038506447511,1633.0895464834625,374.97724357432435,774.2183822096556,151.26583060734345,1636.189313756232,114.56794844068241,305.5116759117223,244.13179215048962,451.8812349581473,1763.8734302133357,675.7559969303657,246.24407148079788,1632.1810044694478,376.42632524874705,1006.1547577728192,217.5349023247423,11.400894242647512,384.7134047492372,1587.3192083386557,779.0415693847518,229.64595500173638,1766.9732250761472,336.4248604188742,103.61356717234712,1420.55677947266,1938.2444441202315,694.0646055364326,1870.7271099740267,234.246738530753,630.6276108671793,1508.5801624303429,389.97834855202876,348.398456899096,1635.304950447543,1938.8659572270694,551.1133652589621,811.5344924466982,437.06318170964363,546.521571899601,1285.2950829830509,1735.5025500615213,1831.292400074285,1960.9213206700358,467.146946738966,654.5488507534366,376.1112129479487,1804.8464099767616,791.043179659792,523.0061968287598,222.49382839136695,754.7862260438204,121.21123694401345,15.424569527057423,1107.6800455532416,1870.1664397101824,1517.8761610381666,847.3355997027827,1647.4260931702008,1612.9408458212774,518.2154643250902,742.611129944315,37.28296009977367,307.4087177736221,916.485598786466,405.80963890512106,1262.430755139907,704.2625847939022,1853.956444899215,594.4612558332068,1022.9956997026298,1675.4849333499183,1.4576659229991327,1072.5779613754244,939.3613455530881,6.481081628988224,1645.0241588780736,1776.8760828186355,178.11439914744773,986.7612714417993,1540.8328888693497,1304.5350323183434,991.1503362389442,404.0224524765641,1804.9680753139335,429.62921044765307,400.13699164315324,162.3146352671112,1098.630344786048,1802.4095647628797,563.2367421255842,794.1927651018974,1338.3635648256839,1504.4368569592082,139.57105596781904,1185.6867746706073,1655.4388066005872,1134.8510374879586,365.9876184419766,344.51642607282054,1116.3021536182093,1093.152427225818,839.3122853159521,1644.8352221297566,198.16368867968083,1248.2578445675524,1933.6010607807557,581.3826169697619,756.2591168257968,219.12187062715265,747.4918486203111,1540.5552963901596,736.5959303073258,1024.5427095122222,1987.362130383656,20.11693636092673,110.2868584134769,1406.1624915305167,1809.474374876802,396.5092297386557,685.9148142875536,375.9392774586502,710.6722821335866,426.18338398168805,1552.778634306071,1177.7683324044817,1910.3529077907956,907.2006151305011,128.2556438516063,1333.7081900133187,1625.8624290663415,1708.5275343961375,1328.781584231354,1098.9415310995728,1575.0239529394262,1205.5719885517622,1176.1057460887216,669.3517611590569,1777.0781882248143,1370.761691572614,391.4176651251455,819.4751027749709,1191.7304468384384,859.2469575816814,1967.2395293157845,1521.038231759626,1761.6531755909311,764.4832801275804
long-conventional,0.03581557841106875,-27013.880996732623,372.92244839311553,221.86520141426865,706.5688045076504,1395.0251902709376,1800.1185392467723,46.42023715960787,1769.6447261804497,1313.638874220939,1508.5840504876678,1798.4930960932945,557.530997212924,673.3087030476446,607.6032514794941,1621.4882903764856,545.0089809117571,919.4052865712284,129.5308771165292,888.0986651778902,1985.141163245899,388.30406618995096,1193.2498959360091,1646.0448305988136,1357.907165248537,1735.124772745625,1042.7274470757588,355.38756609050586,333.62029265073056,1846.7087306473513,512.0237978366904,1572.5168252957612,1475.1888382919597,499.01390478933627,1478.6046979879306,741.0920713796905,538.3358886910983,337.43461981942846,1434.6446875505096,1005.794667560058,671.9505947275833,1671.9386197697477,174.79372252574015,1099.8595212572811,139.83970056122592,176.5140886388022,863.7415248917963,1519.4206729515956,431.68217419003946,867.8983181828402,58.788728824052185,784.1952752275029,1559.6600077676078,320.0172039521212,1907.1280865020487,91.82661317085095,1886.4387417865553,1649.7254857624102,1491.7818878528608,935.0940268516533,12.45066296020778,348.2981919465905,195.07781764524321,48.47353679905034,1772.9591967402453,733.2459053948062,1741.1481522385866,1416.6273031229907,1443.7164569115869,66.07732747443681,212.2052611587887,181.50038612138283,1969.028777770631,828.1317109039159,1446.086034239379,733.9773518473904,1299.8322548383258,1864.3309612146445,1348.8014636370444,1669.7236185190754,1439.8199918534133,459.8311003071333,906.6335650806299,1757.6964628083563,171.03425758453875,994.9760894558424,983.6021558628642,331.78540892648647,1846.1049894989387,187.01796832612976,566.5558853333192,253.17935878440235,707.7631883056849,1783.7334848789585,154.61787494255077,1347.272671532608,1350.9905318051249,1528.4160775656026,1722.6991622533694,1537.9623393104346,1539.1734794242363,319.80566024374406,279.8037235553544,1961.0358324187323,1877.6114390833836,928.1922823773506,1054.9544276217268,1161.0757090705724,961.2114078458491,1447.0656387555755,915.3928833078368,177.86346778908808,1406.0300985295733,45.54425801943582,279.7210395437858,1085.2907204590847,1494.969341218077,1860.4809811883144,1456.0107999884708,674.5687321219458,756.0376422858385,1809.6330047192296,464.3553406509935,1766.2147620461394,189.39851435653512,1005.7664417957391,1377.108192490143,335.15921814569,1004.1886875240609,1026.9882658902548,1026.5882351563523,1850.9001336463512,813.7249552535217,1503.783240071457,38.34442489005437,1269.3069126954842,879.8768711521803,1799.8433636540867
long-conventional,0.04919711038892616,-20145.125151084496,1458.0557464115764,1790.4781074576538,385.2481769757195,634.4988041395454,712.5056304251493,1809.0671858783355,346.4747552577758,1554.5287752254792,940.2438104426965,313.7463934476336,343.3204268586135,490.7275646562114,637.559588406277,1715.3281579753411,1368.342756649644,591.8113331936395,1517.767730699285,489.96179408720667,921.5511552749414,907.7262089277477,146.84411274402618,1936.1079795115759,1166.719286019523,1904.6414924721764,599.0738444051802,1951.264926660337,694.4237434060146,260.8359137328267,927.8479226383924,1969.7826745066013,287.1263481769096,984.4936657997926,296.8317953893427,653.148371181854,1553.3440018990273,311.56093206609523,1625.266601388734,1656.3369181095331,1056.5083176297449,160.32936673455345,764.4849342965596,1181.3754031183548,622.1041501623424,1571.7319207564774,817.6933415870236,677.1971632943588,536.7480435001821,1213.9720411731,746.0478350073531,1716.1160871213908,1878.9788161182364,1785.0149899527046,1871.333060815879,357.3758910148718,1532.6100361129622,1900.8138943216436,1067.439771386551,1113.1933652058428,1567.24399916537,477.40865845697846,85.68675869115498,1087.0690445763066,838.7203806338057,243.31516782599357,816.6677513655412,21.264103825105494,168.35879830271566,1777.8960596984955,274.4347692541459,1373.849409356754,958.6382747504099,1693.003478207706,1873.8604825407306,170.8669325718497,835.8256567922313,1516.092207439956,278.925168153675,1234.4337246371913,464.13840310385416,1374.369983271054,1768.6775147740411,868.0142853759805,273.60162507921274,864.0791915572585,392.9438257288365,389.91637184539263,1999.7762913106285,1414.1000736745905,1305.9425612116818,149.31104752247012,276.3432582845695,1083.6722210450935,1477.3713696849998,1330.795292390125,1034.2210818158796,788.7502856318582,52.28723779535707,1072.3258551148722,1087.2065468427243,1311.1857302457618,156.59422194377646,653.1473172891291,1821.4914009104818,1202.023570671466,479.7569617663686,156.91297175976155,515.5028818442597,680.0945809890699,580.4356436194058,1035.0424812241774,1853.4687820558918,1361.6111387780238,672.1377300690937,1875.8706738399485,841.5340633211028,1448.8667177868322,1486.730356755507,1908.0298442667668,1022.6154679565892,423.8773785370558,1766.965710131322,1342.0048357570784,522.0211704445879,260.42757100757916,1620.8607325058538,1397.5550907540448,385.25847918653653,661.3200552156645,1140.5800499858756,1712.363683470725,356.0264140136741,1019.4812964293612,634.2454759169242,1514.5522207292095,972.2757055897816,710.9830459800389,627.3898260522255,904.8684666320463,74.58838505555283,1302.5535122035487,171.0024339144717,1774.1608231488358,1169.4581960326639,1560.2256032021357,788.0040743073636,1819.3588893723231,951.7298062607234,999.2709975466275,1876.6661292713727,1939.4489074228459,1739.2833703052304,686.0229016721638,1134.821144331172,1805.6242064194605,1256.6013396262465,902.8053884591808,266.521693760262,551.108629979869,1765.3311139814937,1733.8416653006882,289.8923020790011,291.6050355945837,1571.936664954849,1394.9341903524291,1459.5993392200571,953.9501153260147,742.6296833442229,1397.178676959208,1121.6030697377005,305.2378776095263,1792.2701727667468,1662.7324877334327,768.7797116532411,825.2515688657098,1976.2926051150755,201.82001635125704,1758.048620978457,1466.8104466849038,1049.6862032856916,1709.5689002063962,1490.6773714944056,1300.7339274070846,1164.3965134262446,107.39533804232524,263.09877984960406,644.1091418493578,1210.5297721655195,1415.2663719270754,33.86894083837086,1224.627277754721,1517.3884533693572,1357.2648705170327,948.7025472368251,696.731527856033,1901.867040533166,395.52804912027364,532.3893419664176,1365.5724933990798,1651.302406712923,106.3492889136289,1866.443531799301,43.351015719661824,1482.854383971348,1926.5192954018055,413.68317520067507,365.2764692139529,1522.2520289405056,1662.6596441655079,1408.8439146230303,689.8195567930479,41.30161518549828,1996.4074865957596,415.0773892292624,1395.4108255627934,493.86181621712353,363.4306852339994
long-conventional,0.06210213431199363,-14439.588035728624,555.2985666066469,700.2687515202718,878.6298092802361,110.99144294799817,1379.2959618744646,1639.873924770979,1615.2423256150114,313.9831040974749,57.03098327626524,1506.1413089310495,678.8727064094744,223.22020584801112,1382.5575671471154,1476.8489460801359,1797.177962505275,1961.091920195761,926.8723014268646,775.9848656265934,42.50136616164354,572.11272033667,1657.5149710254354,1461.579465303496,820.1924413847045,941.7323143916253,474.4057813800371,613.5041242631579,896.6594231638361,87.20882143306862,188.7081108824827,259.7100684953183,121.45890759661917,1968.314187114195,1292.8079783456128,66.08336860062678,1364.3604854966936,1667.7422592888793,1156.0322231056273,494.35601702858696,149.5272705426636,89.70760881992199,524.8484463948638,1837.6267842363054,58.83550625718221,100.21855631121134,154.11511552071877,1670.9502495608906,1429.4044777314161,1853.1467588953665,640.4010285250557,433.3327792398722,1778.3846912055928,1154.5414633906278,777.2233957941685,653.678590438409,506.80277079880955,1524.8820357926113,1101.22875451911,908.5892514868328,154.14336504055757,402.3674135706484,647.1125987216958,1568.9766620301168,1972.2212554972657,1407.9855127243422,1257.3832267854905,563.0655518112193,1649.858603378948,1251.2977704590414,1959.1631722272987,159.46828130909844,1124.3524682048844,814.0905097866456,681.3077686669783,1746.3818244639517,655.4166270495641,869.3583717175076,378.2224887640573,1259.1385703792087,866.3237337831312,1759.3781248480877,1180.9341685893178,463.2808404045503,1099.1464319012498,1458.9531807345516,1088.6263235648348,517.3283025467761,1237.7622469960158,511.0514896421056,1168.8547150817665,1826.3849332478724,1686.2708921612832,1473.3356211643863,547.0570832326782,1792.760332092082,1695.2144507112453,1122.7612487738083,1364.1877258612594,970.8680548592213,136.21909288519544,369.66888250680347,920.8322234164617,1755.4916502097444,1760.9386220960557,1214.2158656693166,607.6577567279644,769.8655649155755,168.58319214526395,1170.5698722044929,765.0858322980959,1137.9411374424924,415.12524277150567,1554.2811226456113,1403.249647389027,1001.2138574656027,1561.1740595126096,1894.278641453267,530.9063486324609,1913.8254501836645,1872.0239267071577,1865.7945450790637,793.4978933835184,1006.4728826907871,46.47086506485731,1146.5534477110018,763.5023966766296,395.0462873807436,224.35081481703594,1342.267058206147,1607.6234381575523,754.5509398333518,1789.1266019407374,1236.1685528980695,863.0803552281831,354.5524270103016,261.35029369324286,1540.7980350413054,42.05842405188843,1950.1555011508287,908.5614639976626,1025.7790093911312,131.91840838471595,303.3297399369253,1726.1604329431839,501.46733282113786,635.2049145515679,792.2965942653819,1941.8565760077392,1457.4749404786942,1361.8888469478236,654.3684325733739,92.72494378831367,853.8163738292002,183.11740087288334,1846.924767658743,1320.4162343756377,150.307532961494,757.8650082750316,1524.2325865120263,1180.1302631419028,228.69332400055805,1388.2871063876792,1806.0622063993148,1276.1782131943742,1557.7079333947468,1453.431034964858,613.1310915297527,604.5467851480382,1644.79709509302,178.16121922755138,1342.5168212489657,771.018704323829,1673.2402360564226,1177.8293965767982,678.5799321930771,884.4037642612936,184.38990946271807,808.8198952481594,1971.5738511965596,1161.4764795198394,1283.16125753059,1823.89546973876,928.001368866259,1107.6399612581404,767.9726003934313,639.9973500817672,320.2603884011791,682.729743693815,92.61439974896072,1886.5152884495599,1835.1025804488688,1177.886336619887,373.60884977587347,117.97671753159555,947.1891241852916,56.03901142441116,1691.6989883018664,340.52276718184197,578.3744449069346,502.46532247000107,443.71985931310917,1480.50060290675,768.8595974692175,234.63546207429175,122.31751307655934,1287.1264034682283,907.0289718940063,1216.9409019130742,1577.1896688372003,1901.9804908787962,1656.5276515347794,1975.0014528545446,33.878104296954426,545.9835716514427,839.8268054852433,407.61337972283627,1737.923977955494,1130.0917432178267,189.12657051924242,208.45185890731173,1086.6663934534777,1933.595728597879,1937.6085461967366,1574.9339459278117,1552.4480395568637,1307.0269234566886,925.78229193541,629.2553636685044,487.46329257284526,1259.0124509555199,1330.3364097860851,555.8744303204264,1807.7189772277075,1599.0757539731862,113.68280649037723,532.0113948448093,1296.413286884673,1234.522660149174,1869.0556574478285,1571.3252786660091,1796.935919866071,164.4057831944163,666.8544893903855,1120.243809902947,775.704344679756,1824.9208946371534,526.8713690201629,1996.5590473643383,1125.5724760908363,391.7794108267326,149.01646942667813,1983.1320802892824,1350.9614310005666,1327.3601407110425,1417.5568595026136,963.2098226458702,1091.6317045516182,86.96087461544369,1894.8528875667228,941.4599808068762,259.7006992149392,196.30995141031084,476.27370693434716,1814.3958918013416,679.5019806978028,834.8865929060923,235.69935470446129,634.5992960469246,789.3839875454477,1819.9136643064737,351.29383961643384,490.7830455555288,916.0503947186482,719.3209247516236,856.0005272272125,67.77026471925574,1932.5495775966317,986.8534391433204,1846.5661294632796,1512.5731441116945,16.678858325069513,986.1247043964147,16.107240140623567,1793.3946232463218,615.9105165960224,778.6251121554781,132.12337875551145,876.4751267704422,1065.484951635315,468.8460012570787,667.0215753753141,1071.056144055792,1182.3882387803624,346.8243925514247,27.999733253497908,363.98871556388747,38.32180883231219,65.9129073394463,290.1702059633804,1719.6641885029035,1071.5332371021636,422.99757839585004,949.559210077743,500.98932937076114,234.48429154431722
long-conventional,0.11358120528793014,-8832.898551454778,1513.2268299271736,436.7915133013283,1293.2297984054856,1035.3029205210303,1355.3118743327293,454.9418478418052,738.9520197931068,955.2210486117305,1005.250230291693,1026.2426156008944,1282.6718711480846,789.5843104729088,11.203123422567822,258.2971121445408,1172.4467132698142,1330.8834816902636,1662.4123582327811,1405.3466078552742,747.8671286795095,1008.69769075868,1799.4323800786954,1687.4032279834812,1758.1852959347427,400.9377473813621,1696.9040955164864,389.4595017263614,573.7802311944008,731.6224960940689,581.9187594477605,1287.5615381421903,126.36287934231969,906.9617943280496,1942.5326899985491,1676.4168466168371,1122.7204426085896,1037.8312815555178,1027.0161190497358,197.05976075113895,1516.7065771893908,1962.9798010375982,234.56846813402385,1052.5615028649822,107.88717752580281,787.9969145507224,1752.5854774396876,1957.3172450630725,277.8002719778744,1554.4738295452942,1690.0651651847627,1653.4267501991544,1860.7207937095463,311.47092448635857,443.9762073599253,713.610487828573,1012.1882999958135,98.12767795468258,19.88432112686884,1709.4753725479527,1282.2503940691736,1115.6901020528292,1006.5909345429183,523.5089472474169,193.26089530745566,1691.9353613214641,787.6135294945109,576.0444492263355,1976.7176066346171,1511.716758379922,1002.9228980594394,792.436326132142,507.07575377253835,1122.9234902341962,531.3270799036878,1774.8191131398712,305.6899028431753,723.9085088969953,1213.739548837869,1587.066257118712,1586.276924483771,238.1936121471991,1283.9932602795068,1158.7956573970575,1815.98201202643,1910.1182311357768,1529.3440017505611,927.1401964101461,843.8473966951125,1831.9696848394856,478.94137974602165,591.8531543433589,1101.6275263365992,1314.5481337172714,132.2483601512922,550.1699605153916,1063.5966417606264,1160.3589953550095,932.7436485321427,1134.6595295067143,546.1230790160887,1761.2145875437604,935.8455631405756,373.4598098151323,448.84976295046846,396.48660536982925,925.71533639277,183.5108173973724,624.8788793074541,1056.7625155633775,1311.6907134534315,182.80173188832154,606.7486617756826,1549.5995617777419,892.3296451730374,1643.769580223126,1414.05912351649,1863.3375496751828,1056.2970289628925,716.6752471588136,113.74614422083624,1988.4168532133442,1135.1866388323485,697.1810741645736,316.7865177060003,1554.605617269435,1514.1368191001927,390.6938619775656,1224.3513032227772,1762.6221020254172,1071.7328049466132,1699.1470568135267,1625.7843779539833,295.50239918740965,1674.55583022632,1005.2360344759043,1781.5641701500483,1222.4880314871214,1040.919451959368,1064.293306973563,986.6052496824918,223.86947496124517,1602.1095733534835,1907.9014704050376,161.50070708736212,1398.2180847783598,1468.2067328782614,1233.2079444089927,1500.0476403987223,1163.4183176999184,391.8201756313892,1952.8498870154965,472.46101469263704,201.49559614182192,1569.7363294167312,1818.3845931339242,86.10886842331774,893.3257808108997,702.2499715456884,618.1809340321522,588.7451833030954,878.8549703824237,1497.7259057749563,1949.0247568933248,1827.78761983333,898.2871687438026,167.02594059085763,1569.5594420654763,1299.0347365041903,1305.440633389222,37.97794956376448,1232.7181172808682,1601.565420221421,988.3415815572391,1182.0957725197125,310.1276851367707,1708.6509875575914,1879.9723281390516,749.9206336159624,1659.1071618912522,1972.137672283506,823.0463947946171,318.1849959612686,1715.1829940659618,1758.941893959168,756.4567829284448,1934.1715143485967,1057.4523078853877,984.5784637023115,1860.2469571402107,1246.3482225407981,1523.84088003868,1487.1162008554634,247.58645138248662,213.7168908805095,818.1583521621743,473.5154943209808,514.2706429377071,572.9012597903969,1798.9676625888576,312.7408744929402,1082.6468283617162,1258.6546967734628,837.9391283887078,143.18429574554796,12.54647389561856,112.5638503746737,1121.4778833966782,77.09469312418342,1280.9776199922628,1992.0773666809553,1060.6633909460654,1862.1034658389253,440.54910276188684,1776.6127079887967,1743.0857467946762,1883.8083153122814,1989.4252010539012,1709.774401013597,355.4220665600607,720.1416691351388,175.6035216522108,1542.703206472271,1927.7805724535604,148.22963418571862,1066.354785592109,605.6308632785789,1521.176498001822,1339.5392652682483,1261.1402244735082,787.8058638873053,12.112751621458905,41.538516556957035,491.95151782493946,1725.981638883931,982.9139570338115,885.4488076788674,1858.88411001152,1081.730878941058,1607.3660286459415,158.39156322900416,721.0554220056912,1782.571955820264
long-conventional,0.2278683914672084,-4535.35205621611,1752.5526630186027,770.3858155149653,475.28981492876227,1417.2347579681768,2.362561964037261,1244.629131955516,566.2247936424476,1450.1726368753432,1442.7211081916103,68.70762170081524,993.8322015768338,763.7061589329129,1285.051713874372,1696.6712608509313,1133.049824530588,1860.3064050907274,1598.3381320545836,682.9347705561834,1950.7189141828533,1959.9449331062642,1159.982973181957,873.6398579957483,1727.157652068951,1708.3360574361652,1590.4229145365493,140.73381686800627,1709.711051750117,635.4811175894549,1972.4137449509756,710.1117316751792,644.3991411591672,1704.4664082933268,1348.4055372541898,1726.5956585126567,346.8538030521306,1260.9796786304335,169.89519212504507,802.8557671699488,1206.907880229898,662.1403330458578,959.0466136324007,1616.302759876359,352.82571178721844,508.08438648577,311.39158938639764,820.4428089341039,858.1802187606025,1955.4319940993053,1731.703107213349,793.3973322187888,1138.7604283833637,1238.2581319389096,1753.9785938668226,1735.5182784784554,479.80935388160543,1407.4982703517476,274.92586383203036,758.4392032339437,421.0827847299905,650.0166640715626,995.3414179117925,686.1242252560237,379.34309168075833,1601.587999873209,1123.1744625128997,698.9040289675513,2.237274769212158,552.4193512336087,175.8421529113219,1784.2503779357603,1820.3962769066725,273.7882705381815,1911.1913164714942,1072.0879635816643,265.08796945098675,1311.182754703339,1904.4663318731828,1117.01359523402,859.4163077402835,938.3411167308672,1872.645816160241,1839.352070678626,279.6059791113548,546.4750986429447,1802.8004192713972,1274.5615643512772,300.14302241573523,1546.4922474146806,1433.5857801112052,1300.7329344969653,1697.3816280969402,629.0438786317076,346.84078641094436,702.3758718450036,1873.3015964779197,1154.77149128271,416.89005277043543,461.7670099342517,1373.5573626079859,1937.169558511018,968.9394010244508,1371.9505584766937,850.0207085750371,1027.7868114520788,1804.4845208604318,114.1478070196522,969.5032853603278,864.1824513417826,1418.5514190382007,1094.9651821171426,427.5616768689486,1243.6347947074921,1367.3005487386204,1787.624464463265,1690.2429519710251,977.0954938070079,1825.000410758785,1735.1540866150247,21.028258480817694,316.66802616499285,691.6322103282349,693.8808895838511,580.44115849433,612.8937039262399,1870.2596283600947,142.2643987553815,1983.693145896588,579.1290486023308,899.0813988062567,601.5762848374155,569.5823325118512,741.045930039467,703.3768585538339,92.35046937408075,416.9044025296457,223.63603780500233,933.0657999176045,1528.4385049459768,1976.7116526057798,900.3609534501763,706.5106480741287,1623.0132686463508,1829.8018852290863,392.17806163718217,1193.5821472320706,299.8207405326076,47.692866428513774,378.416783388362,514.5297141949802,969.52710661312,117.80872069582087,821.3974513455993,817.2654903458896,1661.967916289294,1641.5629529685436,1888.0340963452206,1113.8742141583707,1601.2616778954482,200.82889733031035,254.4245423081125,1205.8481776684848,1589.5749478623186,932.9469477405117,547.628079240596,1262.3378654373828,281.7515513200081,269.3570039663096,353.17890582993397,916.3203385470424,1856.6608723887498
long-conventional,1.28607972302376,-1155.3987722384002,1793.2450664436847,1269.4542585881177,901.1861843855131,569.4808379448996,1193.9293786091316,974.5734351063691,1412.5272265874883,247.77963654588027,855.9446471640073,1701.8975469379156,1909.1899223594764,151.04192397990212,1048.6446244072504,37.37703352429705,40.166319868750456,693.4039862388132,1067.8014141479389,1220.9869665315246,1870.805067966552,1172.9235958924935,1494.3167054121786,1501.5991576901563,1138.1552597382283,120.27842456354956,187.67098980535087,1581.9613166886486,1807.2976790548807,1752.5858556985631,1884.742405080548,1860.9742235203246,1937.869350232299,153.29336913485804,322.9128203438404,1158.714984324492,1798.2090782173157,1626.6179531107541,1649.672067617712,298.9075508407069,1519.211635273225,750.1128951202378,674.2291781076684,135.93940131070576,547.0523124931036,1069.2931865153967,1987.5053290968951,1052.1951788823621,9.549886593556158,926.8411115772334,1293.1471470626034,60.73043266091653,740.3941052811707,695.181206263442,1686.5092987883531,942.4767919622988,1558.5617373510727,16.391001441084683,989.6269109975151,35.2438639270299,1727.608858868637,527.7904727062856,1787.4261605264355,1500.572129701432,708.3158845803707,1680.915334763886,621.8164812992919,383.06874151353225,1358.1668829792518,142.00644270725024,786.4346451128583,756.0515434979943,819.5627618293879,415.61386745271653,1992.9440807002768,807.63342551126,1136.3867672135987,727.2622618463994,1293.53527227874,522.1381008374672,22.054268651579456,1981.537776342607,220.42261949538863,1069.254772976593,1583.8324296451428,1338.2309698988665,892.2472310283877,523.0524811226566,1515.6730021764326,646.5801482492722,101.56261288103025,1464.1591394994,826.6486598182711,1245.4366319671672,815.668343014422,1303.120701630559,1583.5061794520493,1434.736256917538,61.67575296890932,1114.891195059696,1922.8608439350214,324.40729959791565,1091.1067597093497,514.1141972415372,1116.928884506851,1546.8804136972362,1947.9866409980352,15.962448543657109,874.4086200969169,1599.229599972157,1086.3278584232394,418.4899764939864,1687.6828091280597,410.1121995883771,1647.572030859426,1388.6327997145718,557.5555792291185,212.41805905269044,1437.5279573502194,1883.6978254913383
long-conventional,0.03218271131477635,-30619.107613696884,801.0979376909413,1396.3362835638154,1782.4713565054194,306.9953718856777,1315.5936386317107,1130.7215975002052,436.5416247235566,1976.9638652692001,1154.0039740470054,1498.9282008540063,698.8023363220127,701.9480910986802,283.46696770200475,804.653377557376,1773.3471330102054,1179.8343509781566,1995.3786858170108,824.8148884359371,384.8194514829374,508.0506288657837,1816.1069829544556,944.6101176742815,978.8606525792136,1143.7295637888622,211.79305986603742,1878.1746554046913,530.7579938909009,1891.687237562713,439.48303882872426,851.7814275636574,1367.6254611165316,1376.3028298228085,553.6051435930153,1481.9833539129502,1423.4671285281208,1709.5671280916115,77.59139195441087,709.866289406644,231.56891062752453,1808.138140167793,1865.2561897774724,1371.5602651849385,691.0649922448284,865.1002447819823,496.69286417787697,853.9877819107501,896.362038163347,1617.0192186101615,1436.2122668435713,682.4396766142352,519.3514423692799,847.902286982971,1057.92620589709,1706.4525146952344,1613.6593516760333,1940.8432077285083,677.4659602480652,620.7770127336688,1193.487217633198,1212.1530136973777,580.3144869593502,1929.700359615983,1127.270347012657,77.75677129042239,1045.5033935643228,1760.3172646320684,1293.672124931702,1891.7305854651356,631.8056884058814,1033.3223651095605,520.4957951416499,625.4469007140102,1635.8491048768856,317.5392128523416,1167.4928886866312,996.6116326653379,1576.8999440475338,1638.3654437084544
long-conventional,0.028722508466625607,-34624.61429759085,818.3897193014652,940.5766713104397,1864.7329639713948,712.5073766794799,1778.1645941765335,1413.2281126733267,108.1451783322371,1582.0836298814747,1980.7934473257656,1223.8409745769477,742.534472654863,698.2581187488811,677.9433273594715,1536.2544849596534,1800.0016579971084,1025.6364730291837,468.29516201738585,550.1163209831942,1912.8738468868155,1004.3272907202704,460.3161561305203,4.001867257569099,1248.5123949228812,550.3830052230552,1237.1709007203683,417.7369380423013,442.9063048299486,611.3659764683308,783.2746618581306,1076.5727587286135,1616.107036170979,707.1772626439966,1227.5780256723647,291.1306588263608,1987.174123565162,1305.703225469952,186.25518797215327,184.39046036632743,1801.3823041538742,554.8319781018109,869.4989284215536,1412.2830108720682,717.4017497964896,343.580057218808,677.2597413358574,1490.6734280809096,602.674416834058,170.35820561401425,924.8849408071177,126.43474853464576,1271.444729740657,584.2197145670029,1990.481830646295,1242.631977379447,230.87074065791654,916.8292302415344,838.4871219085425,981.5945055691459,887.9155724766498,54.111499662853234,1794.283104807661,1514.7943449702316,271.50669427673853,603.7619492496839,1163.9934687462103,1059.746735440045,1804.9498937917385,573.2047809012565,1331.8754184435927,219.87061787975927,1146.3909788160229,1715.009231892378,1554.1402114348014,549.8547332098796,339.8320978388274,406.62174810370743,968.4269017182733,1031.4176769681692,266.83761674235905,1823.9120043093592,1930.870848198442,835.357467030975,721.7068230646609,1542.496557868247,881.3647404451891,1816.6284072636981,1778.5883867556108,917.28222884311,338.35074912285535,1305.1855774381745,79.34950957538398,1731.8144554863816,1404.3380325727485,1213.0674210749046,617.4102985496276,1717.7069158906056,424.68646679112993,895.0871600311631,1152.3905675862177,1293.0200991780323,381.3963747710672,177.3218590841542,657.9779823204593,1528.3133933868849,919.2608463070269,1607.3955958150843,1615.1035407404643,874.1274630654148,1708.6785699666968,960.0198329638395,233.22416197078093,486.8007204990611,1813.442229710487,1060.032778613712,1717.9197717966604,1249.6789076836706,761.3537167533378,477.3627328681712,1056.5338003412405,518.8592492630667,1589.153252662292,1265.3811305011284,465.0536349236597,1650.4691972322812,769.129826314609,1211.3609710381497,467.82508533229384,1006.4389177009633,238.1970400521401,714.4406748913503,1138.6710512273398,683.1932249096931,1455.8093805711753,1733.003184148678,718.8817973922488,1660.9503767363158,1564.6144536561992,1122.1994795249848,550.2854126910663,661.4271034037756,1663.1707172759466,1562.1159024087965,70.24009372730123,575.8149831057224,1075.0503608217177,736.0264543681784,476.8225564039227,975.1245236070305,1206.954854962161,711.1526783746662,13.806983313594857,1654.5074549245187,221.06284363242122,520.9882741132849,1982.5269992179328,1641.6388763297841,488.3922521183297,1869.7673538019535,1381.6844292878297,917.1325996301899,426.81898416130264,1873.9118586260622,174.46084207708924,87.5506558197141,1195.5435947931962,1025.2459971418843,1445.0891269867675,407.7101899064236,148.73592597053468,1444.1538029752344,8.553198298519792,1671.6883910692156,286.4801913002678,1923.4568711491497,1340.9764566311762,1939.4173832229958,1005.441823641472,1430.3014013223985,308.4093762404517,1514.7188902600924,55.761105368328295,468.0481954520751
long-conventional,0.020260518489523927,-48263.483384848514,399.1629485442071,1924.341956873502,1753.808499689629,1194.422874195287,1915.7205767246624,384.0575026185135,1152.6320657289687,1358.7568031021297,439.5774304795702,70.6046264814506,1417.8240977467995,810.3874534933364,465.6401129012251,844.4438700066655,472.13709748063644,1654.6254712244036,1924.106747793626,616.9196961806005,781.7083491798361,647.374074264209,1939.7700374176334,154.4435380168604,196.91856670507835,295.38809845387783,975.303939048187,1095.4492488850365,1282.6709749424176,1918.8908553322058,530.165182246596,613.9725473694227,1501.671087531465,1967.7413308056573,1897.7443723056247,1006.6031905794496,1566.7050331837752,530.1344957037703,319.1755497188094,1107.6052341721424,1431.4760808730148,458.780694164383,1532.339308654764,498.3826726453724,347.53224994004455,991.4598254871344,1516.4397572419343,1842.7806618824475,226.3120653328973,1339.6605092807981,19.11146686434062,989.0761680475786,1609.495293482073,57.70365239199686,1226.8799560676855,457.8119304839045,901.738676900872,603.9921463687313,381.4119387970552,1415.7803186170888,824.7664012699516,1811.5189796712493,1156.365316607615,1719.7916627551272,1476.1821300102438,949.0508329364816,1606.2792218111583,1780.151415533593,724.0506231445222,552.6141662255249,876.3536739561101,203.65282581065182,1233.1967170910466,384.1867695262934,638.6558054309908,374.40075366198437,160.24332482177377,1282.6695835012822,1162.101635649669,1155.775770110641,1909.0077609133111,1304.1650587345978,160.1974396555076,1833.2363149658336,487.0555027756923,1602.3609376168583,1202.033558488272,74.2285068950082,1048.6902661269307,1071.915996426093,169.9003067576274,1005.9889541703348,9.78872347484711,529.0593479898035,1239.375210546252,336.3208816755605,39.451037973476915,1683.927011896524,224.83442417769115,148.1380231294634,1048.6271913761007,1297.1106025139338,531.703649508486,1725.6620309344655,1940.5467765506996,226.70040213164776,1362.615268895569,1929.7379263892808,1931.6581428484014,596.4397529829834,1870.535201730997,211.91480879408587,582.7002237465532,952.4546231197656,39.30634145826843,376.48506782562225,104.03169909756134,1045.381613819444,137.48631814526527,1897.8845934945434,1178.925930569324,199.71299750107806,209.9585988963867,909.4554600960554,525.1478969753973,1912.8739298138507,612.7987613415802,1324.9314101046682,117.44438653544645,1631.1553258850538,1111.7428000015223,1013.1438666073796,721.9074293713777,173.81733064869,361.8942534770172,1030.9687813929334,641.6283043674239,42.70692174786757,1972.9525996506943,829.5568812997896,1557.2751121502413,837.5604652593855,1180.512452308829,1.0463528204621202,25.430372203631833,1666.801557846278,1182.214272635035,1042.4290499527938,1484.940407041043,229.16924664644205,1342.9380562847984,362.42994627974355,1494.731763168684,105.73988810731437,1188.1093426281636,872.5181532030913,808.4799310385644,712.7913545958581,158.47538221913786,1100.3227465985522,85.64107905526956,190.7498658588319,47.20569739127039,1346.4365362796723,1075.606915062422,998.6618209647072,904.9667989284081,1583.4294635078008,615.1098965614034,1193.2715933630377,79.52376899609192,1196.1103904172335,1665.072185189057,955.9364465024723,1954.210290919958,1429.968617610029,329.2564975941613,1727.729294961904,1398.7806741388843,652.1505906370157,397.393161675503,1438.5367840066779,352.69195287044823,316.37274637601354,753.9152812080615,1851.2990201874832,566.2580432826529,503.31727358826475,851.4529646783886,92.61468435043729,901.3803261677941,705.124773052825,1014.7716198142482,1622.654164638058,803.7596455713194,722.3089834754605,900.1965003955224,841.9562878233622,468.3874884885619,1751.4256115066148,1801.812782184869,1813.3623542040982,1593.2192775342214,404.18827031743757,629.3395737873876,862.390041997134,1260.0888842628121,869.7602780390438,1650.9571343547896,613.8771186001912,27.39621205306143,635.1333717924554,482.86092158632783,1199.4448967011297,1485.2849339117581,497.2869561629432,1089.4432318533684,1387.5862369909953,607.6403825304737,1351.2638894220156,271.83414640774214,1193.852171695411,604.1452946168401,1367.6645937642736,1011.8648425048106,370.81346759453146,1398.1634176810624,715.4644833233161,98.51378375902692,1118.9129737492917,1053.782204081906,938.6852588746367,1526.8368847351308,621.8983385734989,1248.675562968367,1991.8917210960549,1202.812338411102,267.4119270017093,1622.3904764231668,292.8220383932474,517.8380267836484,1446.8234631769817,290.11291782585846,550.1596862223574,1728.0358087127906,775.2593808526569,442.2882450244961,851.8642678496357,632.4967291129752,1130.8475032705292,1597.1668566298406,785.8441240614364,1265.0240109184724,1750.7159750181795,582.8752064194475,1987.0035341993757,111.53492581364314,837.3511760655703,692.9437978995586,943.4172765313958
long-conventional,0.05152337870817014,-19128.717988760513,1290.9214646037929,904.54094275324,1046.4692660258343,1535.4501093738168,424.70700787322284,62.18379035796503,1781.5645618239128,1845.505331489748,523.1285652346219,165.1338021921988,1520.470915656963,1081.907035861037,472.7408689145279,954.2129042039305,1869.9435351098648,795.2116531319773,179.56838214928317,1614.5936987243472,1109.491088629537,583.7015715142084,1275.4166522547218,1633.505763805306,496.36004727310075,1094.5526992968157,1597.2088731618596,1331.998838043917,1058.6028237534608,110.88726912848735,1860.7986611863948,404.8834003317725,1870.5052323232972,185.60427511701712,577.916157585574,150.32157630601392,746.4690010237109,1701.6921414287774,1482.7595796067965,914.4151349159566,994.8636365290723,530.0714942197492,1252.0515269452928,401.59488156594614,294.9469196686422,375.07903583613233,953.3786398955418,1156.7478825863475,170.50897365174845,441.8902724769203,615.8971812823766,1229.2328381884738,275.8050443582527,1971.2095707026617,1679.3147796040969,406.9456822316268,507.134746917788,516.3909687305696,1792.3867492390239,336.4609821848366,553.9266001730412,841.5659298189998,1512.2999721747647,365.6665962674503,182.91830635391648,888.4128781560778,1613.0432099637057,515.6407239664961,1006.9761050236865,548.1859416831084,518.4684816585415,778.2858560921924,603.7404109680225,1666.2663298880593,1766.2869103146827,764.7478948934992,1997.1245317223786,1081.1441831856098,1973.145409208967,1359.4759223627052,241.19165636531366,63.689069723247805,1538.2406352219105,992.3186882655825,588.6139557132317,690.5958901023238,1398.5737759304118,1323.822596703969,477.50455089257605,449.31443791991086,1340.2412551737975,1901.8261471505798,741.9878999646697,821.0982240980195,1071.8972253889176,1313.4158922779143,875.2438613543495,16.705963091087686,715.4508324700397,1589.5051846222439,361.49312116923494,949.4860291930969,1404.368577189299,423.33647391206927,249.55735668513563,1604.3358726618633,1703.5342918623344,322.1247835251707,657.013894057561,894.8793009059465,1500.5253424119537,5.621495575367846,534.9031891595248,733.7421714395168,1359.3280392409242,235.96445185579952,1752.9322353187158,1099.9692151931793,42.26210079551337,1264.2087310737684,1970.6866123660268,549.4317686033843,234.59123533897423,980.1581020542868,1605.3750399942535,752.7231016420902,964.3972815525699,1982.7457583505327,1285.440404967153,1863.7065757616488,234.24855439617636,773.9042942433176,523.3382220140525,771.8412860583178,529.7480892844562,1442.6269920040934,520.2832649640736,592.5396312782747,1121.5469898853573,473.8471668097944,1212.665212561634,1167.7275382976018,407.10100484269793,1726.3526370843772,399.20430361862833,1465.3220537373486,1866.499014953359,937.9749853699943,930.8364237966267,825.0824169534588,326.5966269001357,1146.3035242395547,1074.2735340994027,558.4651322089982,1161.1161386155054,662.3384456408147,191.91445234893672,1484.0659053946329,403.94944296169626,126.44405877690038,1653.1229345621186,1000.1667445452742,330.9129735417567,1538.963901208889,762.6174639530119,1613.433399195706,1543.272792401902,1874.04302109587,1992.4791214570962,19.622938460063722,475.33825171851146,287.50768200476443,1837.7828367673387,801.1008486479744,153.94574387786568,1005.2957607609899,159.45823591936738,1775.1276103339287,131.34503546335932,440.1989166261688,1139.3991079002476,992.1336981313405,258.34097997709273,465.82005211114836,667.4806085082321,1031.4922737689503,1913.3477751523385,1678.2519351502654,1573.2423188905584,1406.2249580280006,494.4025669618548,242.58762454983858,106.28481697703815,1761.1684621772358,330.6091598261858,1722.6170810682736,961.7170591144741,71.61381561250819,1754.9474925070813,1506.3726271572466,299.85943246042285,238.35669637397461,773.1568048768321,268.6603986008242,1043.913203534379,32.93856869075306,1283.1281947077534,137.5905438416192,704.499068528114,1329.1538606581444,1933.242640513392,1840.2198333389822,1033.0196942575155,1083.9387993160892,815.2354870784453,580.3606352941266,1992.8099904875294,1843.1341077260108,674.1439832407243,1745.0125923511675,407.3991709153601,976.8044903216953,1823.2843349551006,1402.1241170908909,1647.778866783715,1927.1363070398218,177.90491410524103,1569.2418818271092,554.472405625758,492.3796410460949,1006.1920805016812,1564.145590846177,525.835737156834,260.2096179451737,1056.246616436271,1043.6535729187178,968.1353663077808,1493.4751257008775,677.5649144588507,1176.0879467072994,1601.19498539921
long-conventional,0.045236600226157275,-22952.675370330526,985.1812125133008,1694.3811018193658,909.7654019654602,383.11872624080274,1211.1756113430004,1133.200729880005,1616.1048373847152,740.9105214018867,1871.9175301926682,1616.8551221256278,373.1700843311894,734.9265976376979,996.6985723446221,1616.4678018415796,1012.617651982895,511.29113038322464,874.8988786624097,105.65283361527635,1221.8309110305158,1218.1187777180085,964.8716760425012,1332.9925141313352,1809.3346700561729,148.07059379756723,743.6284139490905,1805.778712439078,755.6552692349574,80.80448166931373,1076.944706047973,1778.2597327960175,1366.013559401242,214.78149797889026,451.36610998034655,1172.62644590931,1781.1822951272754,415.1969193171422,1979.2797368587874,294.8683628482741,878.7883311027416,1884.2915995521398,1415.0430110666832,311.6516658302039,726.1849206682841,1817.5052096837167,1475.0681679115294,824.7783882837662,73.37921807754559,504.03850025472957,1165.8675480395143,1730.5998786826628,580.068867884056,903.6063381142501,1298.2619182224616,282.61095636661497,1828.5077671410495,130.4364269487105,918.0630486237274,785.0021728619529,1004.0377589306685,944.2192297784853,373.8106826109608,824.7932851558222,346.4326824387965,1764.823168252397,1568.754909484222,857.1267728298013,532.0285115551126,40.539179614171566,227.6236297428426,1557.7603064901325,1509.323391269437,580.9172822202338,1971.062119156252,1050.1217310007482,1536.7306711034855,678.3607561314058,795.8663668697404,1492.2633169786043,361.4159090765238,206.99910166909999,460.44616951493384,43.12503111516455,1238.334731101388,755.4513560543103,1305.7058425947446,1917.8013358277049,404.39027686753946,1697.0190276434012,1647.1933154886356,1631.2193765623495,1871.9405085068304,1753.9894252013237,452.5057025722141,13.690290738846182,701.2044532882767,575.6612413991285,1816.3324708253792,744.3456693045483,400.864721648541,1787.400860268987,645.3576816493048,1325.4149208905733,697.616311918729,905.6369855407385,1511.0249889425204,478.9314068512119,685.8699409376466,648.1211818935145,772.0731547014734,738.1271195888462,997.9693141123602,135.3328789828702,1101.6520316314836,1828.845001414174,410.99924519594646,1416.2331740472014,1700.509956507434,34.55952119151118,849.3013846722538,37.62363657411246,1975.088170896243,1818.40195979307,1016.3266003073006,156.63617601812737,1161.6679702682966,1667.3193807094533,464.0774190114842,1018.8901062144183,1075.6877769503913,686.6389873159764,1652.8641291862764,526.9775081877995,1655.6526281335896,1639.9030118173935,1566.9421163497345,1727.8405899901084,1873.276166114754,1683.7529336546445,1005.3989379597073,882.2098480333282,678.1235161283447,222.91911123103887,1030.250877495831,297.50347842543295,149.1478516148826,1594.4240050176581,392.01936026932225,1226.2955339670934,410.61169698429705,1902.9819120448517,803.7548855721915,565.9736397480771,1078.0700339355928,219.1253878887182,1099.1103141776575,1080.0215023563828,947.7789777805892,50.41420236793248,3.2952012018011256,671.3909611444682,1534.3467607761577,1433.1051135280265,693.1817109933231,395.27413443106525,1191.2695274768978,1120.2810322899143,1967.1656879406305,1671.132153471123,1575.491037592203,586.5898988998675,1715.8032991335472,1749.152887166257,1753.469563506169,1716.2995053871434,1164.0198477991955,1975.033516315672,1331.5126045783452,1967.3758167545411,926.0264150142079,1583.5068801114537,504.8052368249268,1736.293825667237,66.45054816709724,381.0725662300443,262.4232377211107,1940.2820307715851,957.5372785115873,618.9035675084024,255.24774249000674,1990.3753282849805,1837.9402347996406,1489.8443140534523,747.4493468202546,1923.639959253108,1433.7236827783026,202.90064056050076,598.1104679716426,1441.4116605476877,1266.870848672133,760.6096154753969,410.60279212458664,428.8336974052082,723.3288279048825,1719.374093602425,603.6509469810995,230.09014254729686,334.39898288702375,997.1084919426777,1420.672427582694,632.713584739716,807.4793310521935,1097.876259602582,1056.2041904299372,1704.5763928277127,763.8837213341136,1056.2987023809583,707.9545537372109,1768.2388449800308,680.6972097532686,334.4063580270463,1096.0558262954694,133.90115025772138,1452.1043722265015,584.0534284387579,975.9135517475572,1599.785762442196,1147.019641529893,626.103342200102,1212.5562947474725,873.3893129247035,784.6864136271269,1643.754516945542,1412.9821757048364,324.55012429843254,4.8484687217297875,1929.720420696106,781.7999686716332,1212.3214429285308,407.1655623311283,1448.074947841395,1999.3161265123022,1099.0443933918214,368.31492061864054,750.378291847561,1089.6030203918594,1547.9421860511666,1665.332617892542,1088.1106340552788,1618.1537429132782,1896.1430642415232,1204.6357618357295,1318.5268894376572,1621.168774699356,67.25472245128901,1525.4232706227976,217.0461536391664,1083.5354062485426,382.23559007284535,1456.3057778259224,538.2477723805333,1389.0304894496985,80.60572679795492,145.7367123640726,1026.3078673914588,353.96278800732256,345.4740559734863,1545.4416304646295,547.336428324258,351.8017051372607,342.3274338956728,1470.6547245926151,84.77567709118784,1256.8533256482597,853.4200184134161,959.2041191654586,1360.0661394633717,1364.6673001444428,1017.9511593684294,1148.7089021491502,587.3508075337115,1993.279322765869,176.41556228956148,199.45682517412527,1705.8184187148356,327.54598738254924,473.0828248214061,953.194093978735,281.289988993466,349.26025560011044,380.03604106238726,1480.2799805541276,1772.521715253441,218.99011613251201,1642.431074815782,537.8531128884592,767.4572716066249,1028.8780131207718,1779.5978701612444,154.71286527795968,1460.51975521851,841.3783972920795,819.9328295214469,133.00800939227528,741.8766773110984,346.8249404833802,1568.1108343684773,1163.4054057734675,315.1580574806198,1848.7398981370925,107.96644526154373,245.80293467687184,1676.895833885069,857.0982790511382,1027.3169734658209,1025.5141067906923,1540.7585982137189,1332.7143853644004,153.88744799151485,1249.0247640138082,1144.6706733109477,1679.3838230501838,1392.99342902895,1150.1506586208502,62.277120575271766,744.3602712594304,535.3716137852796,267.01717337896696,548.2080679179669,418.8479696145705,834.2179466750368,1424.7657286179706
long-conventional,0.07423951333873902,-11604.781862620513,104.73885386661915,198.4060518674667,1578.760835420708,432.5832629882671,1279.776648659317,149.10743312746905,1263.0436807141853,1258.0594845531898,1548.1923623919852,862.2167134464612,1368.405588408693,476.22081502693334,1679.5732762413263,935.1186873186815,1233.632888739141,784.5371375815091,359.1861469722452,236.09247927478998,282.2359492498905,1056.5582936370347,1352.5456531061127,605.2176283260069,182.26941980820288,1873.388102597577,127.32571828972893,1246.9988503057382,147.20054047806534,1093.8893303668565,308.9108064192029,824.987087325126,456.74366522691696,1721.6872789220993,1887.3958585327778,1429.586666051415,1099.07330927398,125.38061081607567,49.1940852438766,1937.6837348397673,1712.6649412493225,307.130071203053,1313.979370234315,1067.194760253578,1811.0447329914934,1980.7214448957359,571.8727547881716,1520.8863649405923,1536.3976104297562,335.19893640868975,50.676361916269634,1407.5247424657678,1123.4578708746988,675.3354346008274,222.44034769799563,675.9129237136033,1835.7200401675732,1544.8024474131691,1472.9225508852744,584.9463659748747,1379.3714030125807,47.21279800355965,1179.3213360863456,1050.782662021088,1542.0746166016336,481.86602202489246,1899.3546971471887,1017.5721915852627,107.97553316735188,1869.7633956432267,377.0345654302351,326.32374781535765,946.4027714305618,1881.219889742963,1588.957926737336,1877.1927435121615,1381.8748561146672,1292.1974181684952,309.18395864986627,286.6542936898715,1911.1978317969147,1520.2370210791728,82.753213006017,577.1687363495839,369.97806555438126,1030.407629701978,1013.6709902012096,640.6061953405308,1420.664499781702,46.892402692703456,1061.0263803229354,1292.2197000269064,440.24973714273824,935.6052832989394,1200.9634659508458,33.080570927657384,1747.1347055153753,811.7390893859991,77.85198958822193,937.9150884942565,275.94225253445984,1076.8134135411335,639.0418204199083,177.3969918309266,835.5776165162607,1600.4777863148038,1711.2989661049046,1046.3277455873215,562.7431652531857,95.81827832725229,838.2856678395505,1875.2656270587531,192.65975139136202,622.1975945236337,454.3850310295404,153.0836494677655,1481.886904914474,1426.0534586546553,1087.5239270135487,1103.7588361773937,1499.7882286654226,555.9385930775533,451.77648974680875,475.51163678393436,273.5038313547143,66.1889108962088,85.67466018532618,1112.2612138804839,12.15705441163774,669.1810052690261,812.6702925535512,344.10270966302477,706.3456807634979,1773.4268271536005,1913.4296229244558
long-conventional,0.02677757489801036,-37208.751067167424,1517.877121910318,1176.0270217302232,1425.5180981134142,1859.8205690648463,1102.863907604685,653.9419918879466,1179.0736408300324,837.3452950772606,1615.6030167172514,446.64744347390933,564.3995180446308,404.2426614693124,1930.207242742373,132.61551665593277,214.52390757809064,243.60255586790316,641.4872045577181,867.201289486853,604.1810740012801,1991.0113226081162,779.6479082798669,909.1006427815225,1814.0333145058848,1.2586388291116322,1006.4164209767807,1728.548347975534,1862.1894826502657,845.2865536234012,1519.5947322401191,1334.419090922609,1037.71699480207,416.2580751822802,1309.3901711449241,579.7432177655606,1562.1168234488846,941.38929657097,1933.0019767747726,1600.8758889691549,1243.187628141924,1267.6714689404973,206.46417746151224,282.2702452064761,943.6254778486541,642.3860919978669,127.78574854078389,1746.8530222876393,1417.1471847355317,108.24692832597489,671.3304910219247,883.3825839954718,248.5404521962639,123.36688117432047,898.3849081588132,1722.252508933014,191.3266857789973,872.8751254292249,461.3955419617447,1710.2168294369515,1192.045302386802,794.5643147504363,1651.4772508032822,47.133991882973085,1935.4478756167866,638.5481322094786,113.7204688772047,975.9720113587741,901.7221858672118,1269.0955820655865,591.8022558854829,1724.4691316649341,439.28586959172407,1030.0839268022182,1884.591285051946,1375.191654634675,1113.5820819537876,1031.932099834848,88.28412394575516,1455.2264741926815,384.00939720525236,1793.6850370983975,199.03708734157144,19.081149957854983,844.0202534385098,1287.7146755775138,1686.483483565558,1089.7599966246378,761.8131597539099,16.484644952398533,253.91571075095203,1667.32886997305,909.1610061912618,1204.0996795601113,1112.5996725883094,1750.6383648725418,1349.141480093264,1510.8002835354264,559.363673874162,1411.9059970396033,74.36766029611393,632.7255290955602,141.26775834544333,889.2402013962035,1782.8060285430195,1584.4771460488357,867.5973381569152,89.34779128390927,1714.0103786970603,120.06994411969403,446.0815920412689,1681.4604680510415,389.8223422044624,1420.291952805823,1536.6474837532885,842.3525493622445,1121.672958091547,920.2388585801408,725.5107756873657,1067.3564876789046,1254.9035559982726,613.7025009178285,272.59486153284945,647.1671775633976,436.996624022251,302.7663851295308,1661.8674346350142,232.69904580889704,1666.4196878394466,884.1665383644649,1596.13920112112,22.287770208420756,1615.1907659741662,1185.1778112665806,384.0252724999031,414.63337298076715,1613.461886282535,120.19470736833361,729.1368048032722,349.61484826221096,379.57083789047005,916.0313200355334,1702.1361158630702,487.2592114542699,928.8587328994398,658.3917234272192,653.5260751918821,1614.301613460136,657.889137049967,1530.25068939648,117.435832065471,488.31620768482003,1186.28157044329,205.4115455167011,1278.7239093399542,1709.4952427667758,991.2580812367361,510.1589026883651,1076.3430353569715,1154.6500115057781,1999.6310283944704,1820.7592398307243,1919.7240417570022,1395.5425881828687,614.6604847931329,1644.3379161443775,1568.5251751931291,555.9238100893791,1570.1963331080754,609.2939969321747,1802.4876611570728,983.241844292563,405.6259788543051,747.5041069992114,1503.524635502881,609.8346881236328,1478.8611055875995,1633.4503643898122,692.870360688516,828.0076586182288,412.4845384245255,540.356689876965,1455.8989644254807,1563.6518425875943,142.76648439128758,48.81220811622089,1463.478134224865,616.967640904734,1118.307091998348,1915.8148004373054,920.2011717301255,1707.8401080991096,1625.0887066359248,1491.4126449322387,81.88898964078906,1549.1579559785234,3.76881625492433,514.839503045182,345.98851432466216,1556.5214609088812,1844.2921098329398,924.7395239603408,530.4551464423173,1172.2163114654904,991.6866582000856,1485.3127570296706,515.0999145815993,1753.9430372581528,1149.2065228934546,1613.9546385614183,1214.4669824406928,1561.2634185001225,1742.9841108522112,1063.3477223188884,58.398016497008115,1627.0307309478278,1064.2349353233208,313.55671649400307,1361.4667894162287,509.64892894073125,1367.2642466620546,1628.0509984780667,26.140435969234456,1418.478194332612,1329.5861978541348,1358.3180307833502,915.232622650243,1752.4347415200396,781.4909288576949,1156.8086491660924,1639.092702972015,1708.8711558432656,208.17185742327231,720.0124838024874,999.5025335963926,386.8106917224178,808.9232498295175,1442.1468958508806,1902.2114866068512,794.1057020726229,1472.8359827334702,1088.5517506990984,735.5429989711137,1335.4504327459824,308.4603096991136,1586.669636394942,1251.2093122868803,881.5414646030803,549.3742139280985,115.13406206629323,1412.028917017877,430.0325031676319,1266.3276814693115,501.0743060837488,972.4720915294303,666.0803787332052,1668.8398528355838,1195.5288203328714,1631.682192252461,151.89714586691966,1238.541508451641,1565.6667826641515,1422.3857146836992,30.045959049259856,72.37087725466861,1855.3817948241456,112.99886167014262,1491.3152956539384,1585.1308446347027,1032.9891938235219,811.3055378754894,1507.0201521394897,1967.236818340672,1085.0098767608404,126.30710729526467,423.5073758559444,1342.451990337676,146.17615161507763,1239.9161979414966,722.5368252290443,363.22523402213835,243.9321955743389,1220.3490416799007,1225.8817504082454,870.5409404133875,287.3401885323582,277.8282994539701,1113.181826785741,261.05763092101466,141.38390103581952,184.95346580231123,1989.6742521212318,1583.8747112380559,442.2505234132862,1237.1506868021277,834.0471747479102,747.6802733791334,1464.8095227049205,350.25252251840294,1960.35781650573,1298.5057820953527,538.1444966371192,127.20702673335319,573.4802853394724,1566.0800329486085,426.1377375696481,1832.2784489000305,1642.7038563004342,964.0818685510267,616.8738883404889,28.31546996014855,262.7400295255211,1029.2505573694632,1307.606886525212,921.8961942374415,1366.2197728632468,1952.1978927467003,1264.270555619775,1736.3444983893917,526.0210419151227,670.9035503822657,770.8834827664107,1484.8696516993753,1786.8806565533846,1244.2365958641446,1040.6028414034092
long-conventional,0.03331280501760836,-31496.918239738276,226.03991264091752,725.9035080314959,151.44201751678534,280.4591111558496,260.09225675261405,1977.0337932710247,1636.4163170099778,1988.8714169605666,1567.4158519339342,976.221543249705,999.9722327255203,611.7667129121448,1263.1170473543289,1871.0342676140012,1172.8667111922996,627.557434612805,34.74875305296675,1597.3841255267753,1603.2213441383897,109.66374909888975,1367.6325531264463,1418.9285192666703,1155.7586252691283,1682.7273359930791,1257.912479154284,1648.6926442690703,1307.111342563566,1812.9420971686027,830.7759521323934,594.5038055871961,1658.642153137943,515.3971240990547,1503.112231847276,1157.4801789626981,1792.723357796689,1815.1554265724383,1099.7645038124035,318.78546156788104,1318.7673067070846,633.5714903958483,518.7832680337586,141.50880037150517,842.6415536398306,1209.1341267686619,682.1199453140762,1586.0557902881528,974.9661678819989,193.52197478566555,1792.5196991575817,1569.683504240055,674.6383763422526,1308.4802301539553,648.7859838308964,135.39821620684987,1434.1478503216886,1080.5574841329712,176.85965616815727,1730.3948930809177,1440.5766308667228,1541.1747470101411,1831.9428819806494,343.5927983746218,739.9356682017128,1473.4586866574064,1238.0000995976927,1362.183477437139,1643.3344696891065,1495.0427119358412,1040.4781408217611,1148.9733597193162,1554.7192606286737,1995.088253409743,744.1852212231204,1836.3710442681436,181.2673788894837,1033.6244041154018,349.67209135718156,1044.9992967396197,68.24329484974984,1461.653593244491,1418.607573409746,582.1983446159151,239.6324834054601,448.6646429271901,676.6382673386961,636.3400458734169,395.5785236699272,1622.4786548680092,1050.340409097609,1937.2708838723677,566.6866499045378,1352.1413513731895,266.4927918681733,493.21325651248463,1636.6002475297546,1110.4310817473183,1140.9514443063401,1058.9205299627663,44.263059421069784,1862.848985663288,1705.2313360201326,1389.077727051085,1115.5760571838664,658.21038824419,86.85308595660467,547.4358282933362,322.23688058044206,822.3336034969223,194.21265855443642,116.53945532205368,1327.6864908161224,1943.8383109320248,351.9153761964114,92.58117247034819,1486.718698871954,1241.6044081643504,937.1184946401905,1632.2386111966555,1662.0617822857444,1864.7272064869196,1387.4981655310744,1082.5233131598798,1735.3747392962691,901.8990887204798,407.66138418662746,1402.2464717345752,1595.5758550704372,827.8134394429405,366.4137258255693,883.2160526320148,56.208901798161925,1016.993675661663,1097.6278869256412,746.4967205165549,1964.7863422157045,297.64019225612884,1736.686596100903,1336.2533035310169,117.21292674429311,1821.6718458798323,1753.7044274780499,75.9414508896756,1005.3361563881375,1791.7921266791584,1901.748951497277,987.2541568495174,1639.1859979498001,1870.7435998328178,1456.4395604975214,1073.2817579678306,973.9679214043575,1184.008175781387,1892.6339210810017,188.65474638892704,111.318890705801,526.1471014296512,799.5570553508428,1344.5437870522264,620.7658778713458,612.1383395125517,1116.4618650492791,1802.9392582517632,1181.4649637494394,622.6147661158092,1462.950863422931,1352.1245886044517,86.13523240378663,1030.1291933261116,178.68197700317978,1384.3199652912062,396.3290561044994,168.43652643162977,1180.6280322104838,1908.9677916015212,860.6925731080823,765.0381678500564,80.53643427791822,1716.796225436261,996.8970578000739,1506.5544049727507,1979.4477312837014,1350.3964580258596,1218.4305143925685,1958.8715533431039,801.5809103874037,1687.3505103064024,1977.5755120933766,752.3281777608793,524.48087083851,108.992001798721,1185.8247126241752,1025.3322690012717,1499.404732346552,1435.406807298701,1682.6951278440613,1143.0478707162563,424.0856488731957,1110.7210613079073,1357.8283616444112,691.9063395966133,197.63202855249116,1855.3874150123706,152.6640399357049,1188.5748147422212,1207.917776392638,677.719027673136,193.90387094878548,1746.5840431804731,1949.0952206598124,373.6716073534123,689.2597309582034,1200.7041645160755,1521.787152386078,1227.1500366255898,1604.7002502685307,447.3553833854757,1065.9934240318807,1299.9092786104077,911.2517803624274,997.544600807896,961.5893694960066,1219.7808263868042,1871.9627450585472,518.6277123526901,307.51378880254777,1945.2772646151254,24.218467351241404,1605.7317638271907,1774.7863618071688,1962.4924819890152,178.57494036055363,1755.8626425869538,1508.101770123708,1995.8254887626567,924.0760428704758,29.512294029185565,592.2097132631525,740.6410333382345,1576.5344861544418,328.02927265118956,1098.4873154155996,680.4358384293047,346.9514932870203,1654.1373919232356,1488.1920030336616,1121.075301855356,272.2267074822689,1348.264883115485,248.330098734928,548.4361043770939,1906.1903137732265,1007.1136023728908,336.0169860732007,535.775503096143,907.8036176234705,1619.6618834679816,1653.1268235626292,1434.3486615935674,1302.0584892324532,82.13077768015114,1763.939216024312,1492.3332933834085,537.9605026335439,14.895511434915603,77.8094770686376,1368.013107262149,280.5571218926289,418.9800894037303,131.332678608061,116.62364368521416,1067.774422381149,1752.4012181242508,1122.8945432193404,970.9484867289077,1117.8780352425492,82.16355882388707,1282.5823107710316,155.85974669320527,511.5974477152396,1160.351748520861,389.16894733427415,116.41151204257723,1867.4721329132901,806.0378294295631,46.782002035265315,1987.4735758330423,1342.184783258208,1695.121867955961,989.5866822993148,360.6035295140974,204.7981180266314,1741.0989017333725,127.47516344675653,1056.7520899285742,1476.1912015160733,268.61777833698585,1732.3016086186683,1914.7339687231074,807.8861212859032,1165.9007182902062,1088.7728202697876,339.39630455837874,1599.1855942288926,13.143070563507086,1257.0407706869432,517.4875130261947,1345.7978303199068,1189.595454852791,69.29458782354558,375.21656065771805,1221.8965992622416,427.60887910021,894.3601117668074,1671.0492024920854,863.5202931103091,985.1172235416217,758.6594219234719,1029.0519580854389,968.1174971370715,1584.0685204314198,321.6381304838793,604.7642500632953,640.2709456103327,1044.2360695812322,975.3991256750146,922.9038002456439,332.5974364981167,98.12760539372611,15.417514711809803,1363.1114022314591,1916.4422351822568,428.9306757755666,643.3121220480087,182.0174681332536,619.9875523685848,114.31945549694868,1582.6777295666107,1867.4200561687862,1517.1055350922531,528.8788787787768,80.05976016273497,42.401565473757955,715.3277954004895,893.7529561602275,691.698851663303,357.82562722883483,959.7060744356259,854.2946643276908,1923.7362547859555,1508.9833500653235,1893.5013012732436,1189.0646219996722,1104.7544734389926,179.59612295032088,1573.503136263773,104.0155583784286,1870.4532893701823,1046.0964069446463,1546.257861923637,1477.5875838710297,1782.0541141728736,1300.1488516436293,1429.7448556707686,864.1486727237294,653.1914430978504,351.0538220314013,1850.460687603986,1076.857993218859,1052.5020194410256,1069.6110064412705,1880.5297530896587,226.7213056496472,1052.2191538305049,55.45457736956544,1867.429704657581,1661.198705739761,1299.0575182698046,613.2106519648372,658.9455767565318,1649.267225357873,1288.3095963886858,1845.5920662800488,227.03029757772305,1112.2917187469588,159.03432647903165,885.6529892061008,1085.233840337457,939.3871054557553
long-conventional,0.02284367706436763,-39695.23662546193,1770.3207741748827,181.63925356054446,1967.9997119970003,443.2108002137187,1363.1205744936174,820.9325551643637,1130.2295562673128,77.87323545023699,439.2932385004923,534.9099902956895,30.357556893438424,520.7613673176221,366.9839695672517,1850.4311665014563,1546.514513920025,144.64360005864881,54.85547827494485,993.5256034735824,1142.0060064878103,641.3761201112251,1851.3297042082477,1257.4525667289977,1496.5498951954348,150.52877237404223,732.7250934678008,850.9300646869189,1008.6115575232866,1016.1689452471596,1903.592984803187,662.9366221846701,1113.1943787599005,690.7259496547409,102.07151100045337,806.025899357404,514.9248080837646,182.5187454057204,135.58079979240284,1840.2534035472463,835.5977488701667,1169.2110916589422,669.0531465222244,1458.8769439967145,939.0768497355447,231.01454047928743,713.7747936001191,1699.2766351361504,1098.565757902196,127.1822022325043,146.05740389879364,1408.9639789364235,1896.500056638101,1734.7139513597067,1659.9393500399715,439.8288650813276,110.14734001838693,1052.7400179548804,1443.821881563466,828.9185675624218,179.52574100209173,377.02933053403973,509.9655253601774,1399.5425812370813,350.9716969874934,610.8141157919983,300.0586187643798,444.06968616226493,1485.3806624854546,1300.3631986291373,629.8561013457102,1819.737802219552,343.2044799692415,230.64940537515997,1933.3908249281421,1564.3651785878594,1386.6215957196548,346.9116651763351,170.3511631867652,1139.3942025955018,1577.7069572707924,1745.9566323279507,1333.8441754068451,1049.5615328995602,1408.5120270244445,1078.2369068901558,467.1244129315557,396.7263956501447,542.7644811268311,539.5022907772845,1495.2892909128277,1918.7688082711074,1621.5742605886505,460.86987989084207,795.3103236366269,1853.563534596975,479.479455326724,825.8820430872303,1164.887281709619,1407.1308500335488,78.48560391677158,526.0940136834673,799.0946349356491,1877.1406932228267,1565.1353464462898,1696.2671908701093,224.9529754871577,1805.329950724662,1997.0588353715377,1198.49309273225,872.7060893211564,307.30308671001734,780.8168031561778,144.74475473166626,639.8646835024848,1665.6621100848754,725.1992442412209,1486.8969325254684,149.77166043781818,751.4006898077596,1688.7232432460755,1905.7328446136053,1938.0695423912503,1793.8897490654174,468.3433479824562,1870.1018980153929,1459.5880116751127,1359.0518190556272,1509.1128459178326,1403.031724794525,1152.4712648332845,419.0333068472902,266.0977583527028,624.6337781393952,322.06729085574557,1819.6643603766206,1489.0361199834472,185.76693254186267,1761.8364122661978,1935.6407429441658,671.5286241009978,235.80661334249035,461.58853637819004,1197.0287504875475,1791.3482302170974,733.5845774386922,1350.694726299069,1057.4530925950498,520.9915845889849,818.1152586771519,1653.962307048768,181.00051060912892,1993.1405803744055,873.9606254553996,105.58073965399436,1174.1564050446189,330.5599169756897,129.11241191960445,795.9169628332884,1868.1598003097895,831.0369496673749,1602.975837907331,999.8439660862715,366.17896200313317,1291.6683972655549,411.2072763344515,648.9276628089724,1410.143908216192,737.3275556260651,1544.9900378807354,1737.1006309109375,1054.0945519320758,1251.9827566100328,565.9194463673551,886.395749273175,1853.5367666397674,1135.2665298982147,1158.673941423416,104.2636066059784,978.9261204360271,1777.6408021997547,246.8928164456039,1788.5458453603142,1769.9598025009172,933.4211865370031,1132.1955568959374,1708.668743203929,440.0432695016276,412.5533789372751,1808.2859489116906,778.822358030533,115.85987157493166,946.7356076396845,1503.5825163271038,328.01987778267176,625.2873047754804,1732.8088913703923,746.0048490758986,1086.3048124251845,1189.6928713230025,1708.0820523907696,1077.582026855934,381.13646037186476,221.9868166427129,246.38562753823072,152.97556761519073,79.4067315380286,1043.077618254607,1020.5911025874021,1761.5932208327279,1672.266784451719,857.567391101415,1531.3867280293096,1971.2743422306173,652.6285966630157,1062.5628734764778,1836.488267427279,1171.9605477193793,1761.5348156273278,1276.0068553549086,219.581787518998,1833.226791326029,1843.578340542869,383.1887228324153,860.7743821532043,606.011385161279,1193.2377902035691,281.82519602549485,1449.5824716703394,585.215705298389,1824.7378905557875,111.83843495488857,315.75280405146947,788.8837072749785,144.70406209932287,1637.1380471770308,473.1098269179977,549.4565779903869,1154.7781394138067,936.5467570533649,188.4465551271054,561.2384929548749,856.0407753683078,657.2230700046254,136.76637128697112,890.2699824018183,710.6952369020861,1080.0538957201898,246.60156866955347,482.36984116207935,302.1860730346312,86.50464398680406,1463.5343412104967,1417.7914239475128,441.1029824174128,472.50385367387196,1903.1603911954114,1868.3549107862534,476.3938545335598,1008.6571824987487,1371.8928157735963,1022.6984031197968,657.9039521889315,741.4645095358649,1088.6537989766875,1369.868554787207,964.2204185697877,1416.874511103087,1380.4948041250648,1601.1682408943375,78.54043078020125,1593.5998741803921,617.4951930568604,904.7504195222465,1034.9734252022126,1601.1000564479743,377.857346960172,776.6839456137542,353.75924076478606,629.2471330818495,1630.975436178536,1552.319318573382,186.65616032208703,1444.9579336312781,98.04516087828202,1330.718607271844,1484.7102913746078,34.40283676669184,233.77760986983134,1430.14837084249,627.6819628430654,337.75396397080294,415.9897345855485,310.8842019995251,496.941062986737,1839.0589103040495,378.21547606710755,850.8871449397253,1748.6740537433377
long-conventional,0.02624876508508711,-38650.9915968384,667.165493414944,84.02896271437751,166.10626657876824,735.9091302726957,1053.3266917739293,1153.941344609401,1325.5851088426657,1988.2458889450397,1368.7921051483797,89.47531744878053,225.7955710994599,943.4354243148604,410.6434243661106,653.3189419178544,617.6871224352674,1069.4130671509854,1931.2124144664535,1925.6023262123915,38.7396638665405,1190.1858690769757,1637.6531779148233,925.2389684412541,597.6055089873394,678.6515127234213,1956.4307328873965,1871.1491502195506,1819.2336870712918,1561.720919271428,998.2245094221131,275.76764897777815,1054.9341813015667,1576.092776755873,414.9562597937738,1502.218993712252,1929.4058256917779,1921.011758700813,1306.6091856778617,165.40916635865088,1619.1156442240137,660.1340794689274,282.2901191815012,436.9810397103926,1838.5675512100681,1595.488638345631,1619.4057643938718,633.3771174076757,347.0198656565597,1030.3893361301018,1284.5249977591589,1336.0611613087824,1191.776808986872,679.3650622984728,272.15300051566544,998.6292489872213,1740.4131882514434,14.099422277752124,1627.2366401965965,907.1943822965868,1688.599176102222,1652.091960491479,539.4444827949567,1385.022798838565,1908.7006128321432,1495.530316619804,533.3282764521562,470.2156964455369,896.7481202545479,1310.2858443701405,1819.3996090649066,1263.5656661821163,1673.6478210620335,382.08999904008556,1866.3228004980797,1802.561329247095,803.3335780998033,630.8233428685004,103.14693676432209,1709.8698468450684,1985.9359628166583,1280.6243684785668,1683.4617812512959,517.7439098907943,761.6540364260893,1423.0948494001154,182.24592417799118,466.85578685081896,610.3676359146789,1749.506303262573,1746.130232115694,1420.388102903591,216.744823950026,1620.9604083325553,250.66083905148585,650.8779483426096,1321.684902883428,1562.7890447426798,1675.5222313263173,1474.9153761777775,73.14422058515652,276.1154572847061,1053.7127071967966,1262.4719028117238,918.2251601664867,1170.9018256078919,340.8911804672346,138.9961219837236,631.2401826947996,348.83044000096635,1313.567591569682,1825.487790694791,1648.6006756470683,1723.656922184553,281.67222600813284,1416.9807978101858,555.0916134509204,255.92137149101634,881.9873107451824,1389.7410112529765,469.73863272998324,520.018461123814,235.988171094668,1887.929349466839,558.2162450120054,320.6957452863737,1101.142412809615,1316.3178042586192,1704.890640055592,1079.7065846424402,1928.3889555688452,1714.737124414006,1743.8017794120158,286.0099522824542,646.1950536764793,1676.887586596945,674.7158146206631,348.0219551800968,971.5339125619831,89.01233253647545,1247.595628201132,352.3066790251029,341.4781742600972,1765.1539130967337,865.1744883138969,1520.8505876682477,678.0733209070337,305.21955909584835,1841.071220243066,1117.0583585743414,1767.6193387322967,1462.8706000946129,736.4666793624805,419.46892829451775,33.721573872671215,274.66912907222877,1986.3656641236705,1699.266300408204,808.5933134998721,962.8171231152687,1846.4927127789374,156.1826754441632,753.6386718245075,1641.2982021339249,739.2712615526988,1546.2373345981355,1036.5026986397718,424.32972484749513,339.7860236516277,1754.437481973462,383.5635562632018,932.8801971594193,390.6513598379077,1538.5700829753832,1452.1960739374679,923.2972402832638,917.9555098514187,926.8060795296069,140.40550065924296,998.813773034898,1967.6095924360072,934.2298845102144,1679.733052430577,788.804659578125,771.3873096409633,62.76510530705447,1103.6657169571042,140.36978142558746,1841.0616382007515,693.0464358432438,564.152585012802,297.27067733972143,1701.2365090448081,1657.4595226218928,1659.3466684370853,1696.4724351239033,776.7997978058747,1441.137761269497,1924.6931941793493,429.6187168311479,1562.3393087827185,1353.1061209546374,1172.8173341069712,162.50386237629652,264.7894069732592,568.6121322702812,1286.1785042479717,1475.0512057573662,343.9048951755619,387.47070231081545,265.28672601363974,369.5190464779495,1278.0683953837697,1346.4546710601005,1125.9501616715372,359.1895555543406,668.7460382725966,661.7937076887216,1867.5400077028107,1834.4716794930466,1561.963875984457
long-conventional,0.03312688982836964,-25404.91957266215,451.52551467464366,234.53180379401581,1316.9968201430204,1461.4402742184454,282.24189384220836,1944.910452870879,1001.864411299303,1171.7873538154417,901.7797627949444,1634.9763599893224,1926.4027997732614,1355.3985605019702,160.3792096052269,747.2921016955728,979.2748979760165,1998.7502875764212,1147.994277125395,956.7666371607572,481.8454360220986,1907.9616171681503,213.59989719426378,1034.6122082172217,669.1427106994853,1087.7445582667824,27.708398148803813,976.5131511821437,1530.32533133926,1066.0607006986234,973.2314543824227,260.38201810598883,1688.5675259295383,1038.1470399972538,953.9036941249806,1891.3903772841443,191.57190016851249,688.5822890289955,778.0652707347258,1385.1861611424247,1214.4928928625413,278.4998385571528,246.58359040646042,154.1317181352587,1237.5482674133211,685.76391626151,1942.0230165114153,550.2297371493636,1038.5872286488552,1682.6766699200477,1763.0206311924742,1104.1647248364995,187.90933673056765,683.0105783467496,1215.7235239761824,1300.2396238354486,201.41596110039396,133.0645499916544,1302.831430511043
long-conventional,0.04724281052271162,-22109.59966868625,1668.5388665216992,1182.6509529902876,1963.5104374746497,1737.5382377307433,1115.144248339594,980.2860154970994,581.607084892887,352.228610412775,1435.947850314032,547.4440544650488,593.5532947901448,153.4743276510576,1238.3447815378659,617.6960645592898,819.7521498181469,209.03837617108942,905.5340222187587,1639.8041665732123,1234.6526119108269,1808.1269973811757,1890.8802163922476,1330.6685593131936,359.28562832844005,98.35486073178265,975.5577887873116,1683.9543391808,852.51835948482,378.8739795277029,811.209577229077,135.6506774773695,621.7013575620473,1564.142328802426,182.28027200567024,1996.5595153909544,954.035808252853,891.5427161903083,1706.2645215007235,1086.0348606623857,472.747843667948,872.7978342990704,1976.4545111461757,1861.7199062283057,1453.1710016247953,1675.4375340497318,546.5776379654823,385.8352064747456,602.2442213161738,504.0464829051951,1257.4819334647275,1513.908857899079,1725.3551769552355,410.86495951616916,1897.4591427035489,916.1261572909006,1877.718457302613,1298.1523432584681,102.22483940795215,858.732139778418,29.655261854657027,1461.9443089260915,160.6635968994975,466.95390008803867,67.236172817912,870.3358638511543,1638.649716334668,1294.75352391003,756.8713541608863,565.9737632938281,1379.486993050004,274.442020947742,1258.261269059472,1831.1107439051823,1126.2729410035063,252.81565219547647,1841.4824328699044,382.1617171597596,1733.9828094755826,898.40440357438,620.2987637443129,1248.5568439539693,1897.682245770408,910.3594835656014,1256.8877693269712,409.49509542619563,380.6878350941069,492.3260494140457,1252.7176781230664,1616.840241404326,1430.3543752882827,1568.0974968290805,1002.3044243689658,578.7390657568817,1121.6686529187284,399.1488879397265,9.821459544257905,1149.0910986961976,281.63779660328413,1963.4150166992913,1617.9738070540038,280.07717947651,1492.7642659801138,1429.9251725133702,884.7682127353468,1571.4962979530312,678.9829119371957,1118.7622468803163,1163.4221424947661,749.2796729564592,1742.2688979866537,1627.246009211416,1938.3340216718527,895.6931673277289,62.713908333823674,53.239124091648144,15.051609999303524,1019.9771294293895,68.64363086331976,1698.143170981011,841.9587881782868,439.3417474990939,182.15693410082199,1038.379082774023,1968.7524936365685,821.8236792052975,146.27581152260223,670.995391384732,432.5616078026284,327.29261610370975,1152.5119439756609,1371.8412771457458,270.1015316297449,998.4779362439446,1433.0437885195868,622.7481891545978,762.658618523709,215.10972449742354,1996.1512758667914,38.37789229738396,989.8957031273245,683.8044435303907,438.83068669590807,436.8668720851141,605.1686814121074,990.1424189052375,686.883675647603,1585.432980529984,1585.8948728851717,428.2312208328307,1536.154021282454,671.8251379585189,930.0349592661719,1547.7905511242518,1029.4697521128357,1310.3064730749556,1880.3084914623123,68.86083916702685,565.6016368325504,1616.9343743872782,1058.2880831369032,1091.3038453754064,1082.3470474250676,913.9215112973509,1085.6412277976026,272.9071398040053,1932.7748411480675,44.01711952135092,210.16297824128904,1042.454079979882,1027.510580818784,726.6131388818849,799.3940369464228,1750.224765436819,1783.5407704713639,341.27150650884414,274.65289538957137,1836.6750328922285,1459.480789673082,1081.3493577443257,923.2086715923737,1743.42092884051,1760.3104581702098,1487.6538715154948,953.8095156057404,796.1409967480513,851.4159356944335,1712.298951135406,641.6567379400838,1788.321708307778,737.1170466456748,1036.0337369311571,88.7759639889683,155.54677315246403,1614.6404973825613,1438.1475303694415,1977.9705236206091,969.3528561774609,1788.96507927482,516.7592593787048,224.01325253407913,82.15138374507217,1017.8359681621578,39.331720810417764,936.4061881396372,840.2568262999519,1027.6456366727352,1194.4872679654295,1331.2625100621608,55.8338947411238,1858.2943531697708,1720.6295807740116,1793.2051910861285,1697.4733481872358,1755.3535088122005,79.33742151740637,1487.6294026792764,579.0391429979034,920.9206169434667,1617.2954513439477,645.5164623434421,1131.6053487048887,572.835822446359,1541.9593644813667,1181.6003612559718
long-conventional,0.029907565698054972,-31123.265051523074,1206.116150744895,1961.256812972995,545.67589725335,1841.886187537933,1976.6233288335616,1132.775076252983,1122.6295027847368,1485.3385784337927,1369.0693323930657,1713.30158572792,780.1260605949534,1035.3135392152992,1014.6252680168328,624.2262925298551,733.7592698519,758.1534054838779,1805.1642823226207,451.4018014790439,1239.259635174433,632.3485971849996,25.92078377204641,976.5459759521423,1050.1797712531816,662.3461496924477,1779.8302483466873,1918.5026747586824,1700.2088834663402,1576.7027542175235,643.1079370472838,188.2416350965923,1626.6843226616647,753.9243404513861,1271.1932300212197,953.228349444341,1571.0361631028613,1257.3018374915732,868.5324887866532,1330.0178956347368,1995.924214093045,1778.270211137662,463.15718734878686,1904.6182034173225,1931.7499805554637,704.4632966678902,139.7429545480453,1447.227514042804,1173.6630295543669,1485.9999515247664,1296.055679854307,555.107298429731,609.0812326215225,108.60521556843341,763.8483625707031,1123.5802761581037,258.6801789574763
long-conventional,0.07790024884178015,-11921.508288032479,610.3710140052639,185.49802574661942,331.4552047042479,314.929684635337,1376.8199537681114,1846.30657554137,1585.1992395464185,1612.3508182225364,85.64067084144452,1269.150703369252,570.2456685554345,1531.3003308979837,460.9391542776989,1236.51169374257,1567.807097466934,1417.1508294741302,368.25926400163075,164.95988173779543,1815.489201042262,334.58267751167256,1114.0851452614934,1851.9418308306936,46.12859484932848,440.84063695085376,1132.9713457556518,691.3197290680416,1399.8668782147736,750.9658335766635,1489.2833513883563,377.9850924807566,1198.4312639778027,1538.187486867134,1779.6237855282648,1993.3599305862554,1238.4199016512355,753.1745349022153,912.4716988650439,1750.1530403090155,1585.7444549879813,1421.3319776687188,1045.9377864859025,105.15584777014782,7.771238259699183,1537.493500294107,300.0071991827183,1797.1145845216975,716.6567887475217,1774.7548801747391,1077.7877862888372,258.0576922707882,640.3141044794431,1690.2343336565602,1980.8302574840081,1229.146274929618,208.2721726803404,262.5818435466177,1765.3695219915548,1864.1413366008962,1418.7872124436897,498.36173248690415,118.721778857948,1951.7014759062936,236.37780451335917,685.5735476596383,147.5333482571244,1921.535197605122,1805.5284843165505,871.6754218430857,655.3420669658182,1035.2038882040677,612.6379594503115,1541.0482682326506,1980.399123738624,969.4941167018258,282.4125360097706,1048.7723892126846,1082.6127151244086,784.9581198026628,679.7247670268725,145.03989915894505,104.72725509434648,1173.0910573342271,460.2071723218876,594.4158575228536,1818.1460113963085,564.3655310170482,1502.4426091915561,965.2115221196062,120.45203073840183,926.6855462759597,1873.3354060006554,1002.7255393131712,770.7994329841487,1370.6916738335958,1060.9663131680102,114.59953492971451,1418.1770306382357,790.1120296434543,798.893668199715,1683.4611747614013,1310.0908189788245,368.75643474705373,1412.1275634568076,1859.8578777194857,88.18860427925883,1326.0669611882863,252.06978351689654,1447.5158664481926,167.7318510588527,1770.7642371922445,13.150901289007733,945.2440086906746,1393.1092186701505,866.959495809966,890.1377184078289,1705.1968945114022,733.9325088083874,1862.1818577491028,730.6284129860671,402.44407165284827,140.39054617016842,815.5689360946022,658.5179546813488,591.4186931455903,587.2937652454941,1371.150504772923,683.2178307627773,1907.8611032473764,1836.6024785731643,719.272048313387,374.6259708900001,1545.1771697758456,459.1395266577109,556.5858394075381,1017.1124589055048,1363.8410695185405,494.35208890808804,1722.2156025482618,130.78067528742756,926.3043138025927,475.77357047739656,1055.5036116562364,1531.5341931218964,821.8511141126027,1922.5509453948457,1720.6488736369577,1724.4543786427394,1304.3953353299814,1586.4623154593444,494.4883104458195,660.5250735841435,831.3308142759001,1603.0178362356767,1557.2992137040587,994.5436278093458,40.152046590855036,197.71748269595872,440.0898159186137,135.2031602987546,885.1165904369286,1609.4312788713182,390.3988656245526,1430.742501258342,243.05349196019685,1426.8876236374351,1931.5634069511548,477.10163303386105,850.8894650840107,1691.6827834921628,1600.4991855571209,1402.9581409313018,278.78098254035166,24.22279525349094,1894.4447799367067,1878.8632580351339,1750.665232575725,1424.076411056991,589.5237909223736,1263.0196349917785,1072.5185967105422,995.8380110563807,129.1112396094631,1418.79475261036,1882.1359867977776,850.6672455527487,418.9886927319971,601.3157123962777,857.8450361790219,312.73310602462783,812.078153730824,312.1233436237013,663.7635218931606,1201.3435495135598
long-conventional,0.037260542132995234,-30673.298634011382,1543.6248450261096,1090.472598432087,1641.6823061827731,1614.3528941584748,1784.428832659843,1844.0267678586679,1413.0171667873858,1069.2760055635383,464.0715409660223,309.54798723557764,1170.568820721294,1876.4854118230949,247.4696728481513,1326.2623074571222,263.0728036882505,1285.577633066275,115.606199096898,904.3199143128942,1328.0122027211794,1538.37949849198,868.0575661050405,557.0746603521649,988.6862329674386,1769.1402983636538,1198.7834906337534,701.8108574130626,1773.5441824032544,1965.8276799801072,649.2550270865396,1132.2179073731113,664.306363369946,1461.0643846667897,186.9871931852926,62.99777843260301,436.93766276352875,1904.158808503631,597.6209750023696,1432.2380583965853,1434.5683567927513,215.16823914507012,1934.6294595237687,1064.7997070958295,1249.9739270471387,1989.1373828039218,1984.777770686141,943.3143686699935,1537.3843494450693,283.42482640423873,1967.7648835218074,1254.7079557877057,1958.4914427758415,340.2756838973686,939.6519626827454,671.10363292207,1988.287838101299,162.6113244240087,793.2900949621315,592.5668847365896,258.5349742856962,64.42652596197988,1422.365204603951,978.6031798383535,1495.8720980323437,1990.0813763593542,501.60474264672985,1688.9621679148324,1379.0898216250885,1269.7782363988697,370.55208349421076,21.915300467826498,845.4316267913347,1905.140445814665,1118.5050378640033,1400.7773481195086,922.8334502505094,1924.3714044962899,1880.673115481979,1445.9644598482441,482.7639873237478,1613.7306020162478,1966.1146091392106,1278.178890615136,1736.8594932448675,1372.596607929609,1012.4648762959687,1103.7172202501101,1874.429605815502,1732.7616580553542,421.8147600847431,1704.3881192933595,266.84922946503053,1180.254702685708,153.37305719115304,1164.8096647896266,1067.8942883179568,949.6378441779362,1968.4175029332728,28.723316493565065,1190.9537249629593,310.76365222662645,1890.0763170358978,1971.388923673967,993.1977994615781,1093.4738956972046,1441.4425278975827,799.8592817626005,52.012045374072386,63.377746943421485,1960.9083682737337,1620.120643966034,114.85897224228141,1241.3200537827456,1786.599588871206,1083.1942964895331,884.682287165377,1397.837713626553,1414.2497977918522,203.69651959608177,270.6303875633118,1711.9095264134949,799.6990996560172,909.9348131729444,423.1080443427868,259.46427730132626,5.763449071214764,1073.3069607750385,1428.9285240102527,1090.179029685294,1648.7905394782997,1224.947602669184,1697.0928379021323,743.7894433259771,1808.7268099203907,987.6795958568736,49.75103590440224,1925.782614592613,1042.8963148688704,1802.8296031528175,1158.8639646997412,494.0570464195115,1394.6825562997176,506.7465386765969,1847.1529929181008,1785.0467122660332,1756.8745560835325,481.52548236326083,650.4762875095305,1992.8549204936166,1378.1606009764996,1033.866615917973,863.5606135133498,752.4485245146274,1166.6011276867107,64.62759508467667,1097.9219083313617,1761.503731555498,816.814580467892,295.24727282546877,1876.9273704032553,425.0353195328162,1670.8693205956672,727.4362473427761,488.34368833086046,996.248838738291,246.7182133159098,1612.18833351018,1222.6507828046756,925.3756429640591,406.9379732287672,1963.0494009221968,903.6444717785705,1867.210874118714,866.5937419223098,1865.6142826310981,1288.1462392276687,1729.1377757091204,216.65361674040784,1839.2101114190032,372.31848224396396,383.1639067856677,143.52579997229134,1910.307078466872,1356.120042091744,1878.6662718962502,146.11203521710848,1082.26314900432,914.8339845748577,1712.116453775568,1568.6777016576057,891.5357248847973,1865.636119389446,57.45587299204795,802.6223867217848,1722.2266769182668,879.7414317619804,1748.5476263252986,233.6715614662831,551.075406808287,1847.4927180958052,1103.5089003727437,1354.1043783512182,1827.8663803231873,565.3714197611844,1638.5555823937354,1425.9942607675596,838.9344914779457,1715.4773731824303,326.2291169944692,1892.9697235552285,452.58632619302296,982.2731945693281,726.0108097357844,816.377996054593,1045.440248958072,481.86977048322393,285.85897643050373,1736.5450069494002,1926.3832192520638,1979.139955294635,1103.6066278045896,333.7719414763067,1879.6519235485591,77.06897667610386,261.3792972069704,1826.484846251264,736.0662807128474,554.6027068859419,1626.5030546783998,734.1139987121074,403.18188375742034,1262.6575574317098,1960.334719301079,1486.8966576724533,1087.3627740171678,1427.9743015255297,1855.2994196979876,1307.2504361384608,1611.8233477278618,548.1247501088426,1122.3841361925959,1005.2966347335064,950.8929010874613,248.60882224466698,1943.9470325564757,376.948518603719,740.1580325032306,975.8194800592369,363.1003852109795,1314.2776603024508,887.4923831054116,298.6353068629323,843.9090535991925,714.6351125508137,675.8087063237635,153.78639680789425,629.3476230700062,227.4480310710808,203.42300736126697,639.7407682702536,1314.8501805499739,161.79001282872326,104.83427631720731,107.45978045247823
long-conventional,0.03211596559317309,-29144.640637064796,693.076072018284,1163.2164472623385,1816.522761582841,665.4704848432879,645.1155487991924,1269.4984266854003,531.6536029802519,1366.018309864006,1131.8911196068757,1261.6082793978564,888.857209058983,52.30130116429037,765.2496143557318,955.3016334376181,1335.4763881286203,1793.483390334264,270.2305095062166,1563.4437359538379,1106.6427344031406,1948.0833103884956,1540.280039190928,457.12089437117453,343.1590071855471,859.3024780117266,257.67718509074854,579.2226803294155,360.3087903154148,172.67235658164492,169.25982205469188,368.5140810636972,1475.000353485299,1875.9315797281718,703.3023530144008,1381.4470687548705,1637.9592711722846,195.78792190170319,1170.688414274983,981.4176513388929,718.7732178687817,437.95402504691015,267.08045610061265,1113.7227169456391,710.8598773858278,1852.7310340635263,1364.474403613306,305.0525005379995,1421.9396738328105,21.273586107735316,201.8268126644873,539.5578335387358,879.2883956898451,1738.9343400807065,354.4318420577498,169.87305286468816,1679.1490114915189,1159.2891520042135,307.60949012692197,1949.258280171108,1968.3803481726477,740.2103526609328,517.8722626446178,825.927928507758,703.0058246925638,621.0044627196153,441.9659229932809,1897.454976540126,991.7870473887697,1027.4776118370244,176.8418418773991,1179.3904373111936,1275.5856835046875,1459.4820275706684,961.319491426932,181.1323648851709,1876.292783475306,1073.0860342942447,508.412642419351,1875.0060129410958,1179.127603603995,227.73662233408172,124.65722459194488,1249.3420762960868,915.8227852145853,1864.9499298285182,1761.3254746877924,189.61110827353417,847.0289798657901,1294.9507299850918,232.50534408420734,559.9863855580002,798.7920811957109,1297.7906107828526,608.9660265239294,220.20572759405667,648.2838459953934,346.4305585998504,37.61488156713979,734.662012067946,1976.0037236587923,712.3291943924335,1122.160066074799,230.11665036940576,174.0616955936824,666.2118185610636,1359.313316684249,1550.2838394303687,96.2891716913981,1100.3469001390913,536.1768922856477,665.077450482242,514.2377463902734,1750.2076809129376,365.3045020692497,978.0588370505773,1460.7041759136564,79.7388500614265,18.83652443607581,1077.1779788470392,1600.2973770068602,1891.7580151485565,1419.192234499171,568.6373612817663,1645.3045635251071,1111.1082572730638,1824.8693271657207,1924.079108490791,605.436610938204,716.6115544997343,1233.7069112035435,904.9982587301789,109.12627588308897,1728.2395428811112,641.0197245816331,30.07927970906251,973.3011286723189,1416.8903717164467,277.10724706405153,312.3479306612365,918.1321689017852,498.8376025696571,1096.3209907943735,1295.40822537879,1652.7233292457702,1313.832551196407,1392.8823996770627,928.1189912782056,16.82851523645583,559.1673767675145,1588.1343462565321,1657.4616141633403,1259.3614071226702,836.9770939572757,1317.9373112937822,490.0465110896596,212.34391874824203,333.84900481443367,652.6837134805692,219.4691332663059,1427.9800007078989,743.6126437666428,512.1461831612082,1079.1437904219727,450.4867093707259,576.9912180360358,1624.643960783723,982.0650941182976,764.4410800438517,1669.7157941019982,1268.9856743215335,1451.7836484000547,1897.1070735436726,1019.5085593282272,382.81903159613574,620.811143520579,4.245196720376198,1759.331593250686,459.68965544902824,673.3389656624242,612.3222549668723,1687.9222453714633,153.4181624532581,846.9938144784982,958.8423486536034,877.7159943034087,171.0207938004167,1337.3248830111345,875.8084039538354,1319.6247669692013,1572.0351797343264,1932.962144078885,125.05162361647278,735.8874735764499,553.3168430442274,863.4077718743378,29.028938709877114,1209.3487167956282,1804.9499663848,639.7004436674453,1399.2191902663515,325.35193662716233,722.255814928272,833.4629043986015,1201.5709962571136,858.5384004114194,1357.4084898626481,1967.2213029204586,837.2046895784737,724.9773507647695,1912.290464912562,1525.102556542912,685.1540385808456,820.4185458208407
long-conventional,0.27817711528233957,-2746.4010709986783,403.7517790951385,1518.643156776911,1293.7647771717097,119.11567855090317,13.128036328259604,1837.001842649595,428.99238523049803,204.62748663466527,118.94261080313593,270.97913306961425,500.83157535073036,789.1659315081839,1778.005110371825,438.14359447412136,1227.7318309569553,1412.8420843041777,631.2448349586388,686.1045720572624,295.91134994692294,168.12778157956913,1506.4103228157992,811.7287435279223,571.3388126563805,1468.2645725753475,335.8809041921135,452.0221426395036,390.757781770646,1345.9954134626937,1755.5779986249727,672.6282975998121,352.63952171227777,1838.6861067843588,1522.203634122573,1514.4570550473265,1871.0243106837866,1901.908310905015,132.29222953300308,303.86141133792177,380.69933133300094,1506.922496284946,1879.896401257143,1906.539890164981,874.4218050572719,345.7915595456487,113.5103111640586,294.40645838313594,18.81896222672323,840.2090964581167,253.06928739162552,1523.9511762014592,1237.8915073583846,866.7309823540862,518.3952203994323,282.0444158961598,1953.5395343580306,1281.4079363339868,806.8350998472202,730.2084958865444,970.9932078833132,984.3287841537918,1339.4481067266481,1173.7681503721296,1589.2554151892018,1354.4990091121,82.96544600388107,229.5869170907986,894.6766809936387,845.2527097581923,556.1972748065207,1965.6721478250474,957.5990900539178,1101.2678816052644,1973.7304211773924,100.12499709080105,1304.8635542691595,1442.574636199904,1007.4524881185722,1733.712029273702,1944.8778586230321,1350.8603088480793,895.8689773217772,1833.817606775477,996.8084191649359,1140.3460142896797,1358.7494488060702,343.9749033373901,485.074391502146,1189.5638173760804,1256.8477553056982,1397.1240524655323,747.3702522228745,657.7501122220152,1698.6999805736696,895.0377751177529,778.8317607956157,1963.6110173538705,516.7762705723666,546.170058556966,1813.3279117670381
long-conventional,0.1626833563719401,-6552.158275493273,127.08564767099189,1716.42476588043,1409.9481339258077,1699.2022322746402,527.5533877877451,424.02338375988637,1641.3306873118631,883.5348402292109,549.0653746320896,1116.2410720687885,1312.1585057940827,1055.7477180748265,1974.5067637555003,63.591645702158246,1288.1014373498008,1698.9734917339474,1698.7438354076555,726.0524739786827,973.9794629625075,1298.4438500636445,1926.4862001706965,1797.9907800641595,780.3329119910221,1846.255268466387,795.6601361587179,1692.1863678481307,1045.0065885930703,1278.4202295308385,1033.0883586660518,1083.9470347413667,1844.1089787795268,146.202068958843,462.65480106310855,1310.7682914022996,1705.1718935643637,1984.5602460035088,972.5628639547255,31.201413735116297,1722.7735305143865,1662.298090470598,1151.098682373994,713.3940660139822,785.363243282329,965.9633243509221,604.7126287018835,1730.9884110472324,532.307544825467,1014.5297721036985,479.63672622677007,1871.4909272186367,605.688754729045,1089.8193764612865,1089.0869647026068,1334.5848578808154,1382.5649602641877,1323.0878218594028,160.52325250122038,1863.8264519735535,170.42089432150544,1686.313778722649,692.1795325680197,731.7461375807758,620.7544434298758,1124.4394429959407,644.6174624215072,1172.1295959872355,1444.788707655611,351.1087091531481,1232.5447757586994,1319.4607468672646,1342.7837727885205,1718.2926849058397,743.7261969949916,32.39558930627041,1557.9362837674903,1904.0512914516107,869.9588333040815,1390.5824701223921,661.8666683554962,874.599905620602,188.79637162062474,1163.0809905532349,938.0166150004047,22.651619456437743,1013.8246182071368,582.2918219967567,1866.4186990821718,158.64579244173123,1749.3010197787264,1769.7455886909827,831.1749586281747,890.8533208216612,1770.8657892892375,1143.699184258933,79.78716045200636,1157.289144687853,948.5848250324095,50.302423950501286,146.98017333248413,576.1941811534117,439.74579015358523,1415.191261016226,1004.0341415255148,397.1676339649574,249.87463342765923,1010.9232477452208,1281.4858539010077,293.5722576813388,1972.3218144732239,1545.552443377838,1486.3618636682475,965.4603112584929,634.5970558721499,133.5207035147583,1037.701631773268,670.9366514496935,1397.0741941817655,1588.8186378282792,1874.122097469304,709.7306953566338,889.1419826751411,1059.0367071834282,1091.7030640884057,1930.2665252879337,1278.9712633226486,805.4101942620395,169.8972593425126,1721.5516474288759,630.757105528881,279.22725243554504,982.526635452251,754.5161168436466,594.085053029841,1930.9590292352227,291.86638619681867,451.28594233285844,759.3546643665568,1683.2447106920386,167.80473270299908,363.69396638556543,1296.3383663225854,722.4550247988745,1501.0643164819257,1143.7311562809173,1203.187212191122,81.79549501899457,1824.1889084622564,1280.2470355396626,598.2983435219448,1470.9207592230969,134.56464843943996,1461.3531999543657,552.2419034985392,1380.8266973829138,1855.722673321876,930.0542289419589,1365.870513393579,1881.8766221953836,1172.4908236334356,1492.7935598165177,1365.6053370256614,122.24496160815579,570.1975881050661,1258.1886391616101,980.393320632994,1188.7508847023485,1464.625881490375,378.29056675322914,329.078406485981,189.85785262131205,1220.870724487121,1674.7793760554837,1981.5628909704035,1259.7994998418262,1514.2597210621059,661.1700501219806,1024.4884324144496,245.8930295824529,1418.2869132545438,119.74691550194447,219.2715209722524,75.28298914784222,1063.315083616116,581.813492203751,1634.6313489313482,1947.726609513638,1505.2726048517077,1977.998454938469,929.8798165595799,365.6919783635687,1036.1340235836076,801.5338984159184,1197.7275472954113,678.0147346560522,1471.047003401212,1692.1689449360797,1982.0663326269082,236.76870835661637,1261.3442650153274,265.69883637700366,25.33204911115794,487.35446513325826,709.4482152285045,127.16334332377743,733.3357558013882,1868.0862352055772,1440.549214515712,1023.4826883439583,463.27037885604847,200.23316599054976,1962.3477090838414,215.59732870469006,1808.1348821583035,191.88289311513535,1058.2148388130406,1452.7723561850275,111.18032229724098,1603.9418167701203,1850.3760268114852,1005.654191439056,22.48994014016622,1350.8809290978238,1861.5874320754415,1286.019349486033,703.9348365850087,1980.5859209686898,1830.8976758859383,1375.3195358248927,456.4106643247693,778.7744578070225,1912.2922237762036,1353.190384872854,1889.0157997495853,193.0281741235194,613.5364427516301,308.7993428128684,1830.1861071216606,1089.5401996888602,134.86683916203557,1023.3635473896688,637.7935899658144,1842.981961171397,1747.5203055604022,475.33126551936886,1673.111882045409,1056.5988320683527,1119.7034638084178,1519.3750680360254,662.779283388561,1006.7558885068037,1044.6995189445836,1055.0899964300675,212.77807991353993
long-conventional,0.03612826750803677,-25859.799730567353,1288.6806305188998,1209.362380799368,996.7633732441568,250.27217175484066,228.65353295613696,803.3486877324611,1437.2458226279473,372.775470590434,969.9052049577004,454.91174620408447,701.5674296143065,1965.8789913820303,1991.1563036555917,1408.675323446646,125.94706115979474,373.88759256566215,1464.8563127469843,708.3091476490533,193.75795752460965,346.9314917273321,1289.1642638034755,1531.4799988045945,1757.21288321735,1095.7848912908146,936.2454216357856,1514.9089879641695,120.11604659769786,648.3016899877839,135.43902804900725,197.51995767779127,1591.5267040632025,1813.6717642419378,382.0281931157291,907.298008702135,131.6301874466693,542.2171575202498,514.4896388879791,4.570622421306885,1754.5411735514535,413.48028387549624,73.64874564330867,1981.0606028167108,1449.3680111557649,1382.3614316260487,1504.2123274569792,1430.0810317439013,286.8714705172455,369.80230956575224,1777.9548488628725,206.3200183015581,1392.7684448943326,831.7214602494279,1978.6984327039354,1351.7663846156668,1161.2737061328917,969.8255700620244,1439.8154491106025,1192.6565198766946,995.7317243085703,1271.8801323397843,776.0304844055474,433.4581911589838,639.4433760930743,1936.300315990134,1945.8003666583563,1238.8595093132521,352.42890464373795,861.7779344888951,1640.5371332311029,155.1285441209127,1925.4852802245466,388.23119286786937,1102.74947815851,1802.104780496236,390.59797883711013,209.67101100271648,1594.1420213050185,1313.378866355567,308.24887659754205,1101.0276555679993,1426.055213519928,299.612495493198,568.8278037800725,1795.427031028818,1263.2483533698858,1632.8973142071125,318.31284766047077,397.62223842562156,3.659579605749563,526.004845143735,1931.445088399653,1216.4236123827816,1825.233729569875,1791.9645396317517,599.1738624547422,1756.9617173835043,1344.9118523722484,1744.0714968392924,634.3766516938992,823.3956475883144,94.11343798706142,325.88442147322877,1455.7077939254268,1731.1250210417777,1630.443554036784,1592.5278542983308,851.5861701673352,320.4369163942847,1159.0578949981052,907.7871854695727,363.3684741898528,1949.9810902932772,760.0930839822292,1296.0355797787404,872.4346800563993,800.0079074713627,1591.0897659856576,483.6758980023207,515.7592746023565,358.7387410232655,1803.485867465066,878.549893741178,680.8295735590567,1432.7777332364535,1726.4059183887937,1768.7165229557684,544.8133837796485,481.35700318722803,431.0622840458935,916.6373701505258,1904.641210571521,737.6137453458585,1586.425754170701,22.819658256357663,1874.1546128790303,1600.2147692304336,1708.502324953786,1987.4564537815722,284.8564645848741,1358.820850468063,722.6101866146213,1440.0530023064898,258.0421202581614,158.6139828216792,10.466856860347626,1226.9136014788733,1705.0359988022572,1376.4800839130141,1890.5101523625126,623.4026636310541,909.2146790391394,226.43774192156744,798.9831851792303,1454.0832518341763,929.1848590228586,1863.1608509034722,213.4234155904906,1443.4983906602265,779.4149540441009,1982.2467945454816,146.89186358088944,471.6027764048926
long-conventional,0.04034715474289796,-20349.86273460556,1462.6840504819143,1070.4599495827629,250.935225354729,330.72822692259024,1338.5684445885988,649.4775632717884,140.75943791736697,233.01832575033063,1667.295650220495,1428.3056334755522,1961.6927854082842,491.5687557596597,312.4462136557016,899.7472485064576,408.64004178071707,574.1598323933831,100.6694002051263,1976.217539146064,774.931306560301,287.1407285399826,1125.4651878932923,717.12387405564,694.7009879309275,1638.0412289802243,849.7676952533752,1867.324443111816,1311.9202010585113,1029.5655449459557,1997.2630378119413,1371.816940761958,1786.3322413232963,1717.8532262231645,841.7528432239809,442.1202253629326,1810.1237150273912,1224.0457471610544,1382.5873362627299,1285.7938961987704,1159.2256463691654,1331.1790039077532,3.977863956247032,521.9827384105947,1559.318567674891,919.194581715936,293.31586141226427,586.2003361932091,1737.5090301318612,394.4534485057567,422.23296389260446,921.7636699582232,19.281125451819076,588.0473155441058,488.2497228643642
long-conventional,0.06093025720458556,-13026.397777625361,536.5858845756329,1026.9863819095526,458.77136562928905,1421.975911068426,691.9807757783827,574.7581738766637,565.3253046704807,618.8514787436486,1707.7433561310825,1240.1524207994958,3.5839057156423526,154.9008363615435,372.76768935976884,380.74494357482,1810.5129432635247,378.02416113642056,1163.7676504234357,442.34470091959264,346.72799859249665,870.4410966161297,627.8867297553373,372.28806996428585,1501.327697453511,349.47294598557534,761.0232386057769,1267.1474644809991,146.51395361307507,1622.5122670795383,717.6545709401609,1581.844275424496,1585.0682333787113,919.0882138605567,1306.2821700502225,1969.0559249702355,570.5194501219592,780.3115073060043,1263.505227896314,774.3570029607396,101.56005917398214,106.4708314281665,1446.3162606625367,43.63632864518118,275.7071755285934,665.5711464462141,743.9562324032157,626.4222880245728,424.80224918795926,66.05121440142275,546.2401354950222,1020.4374662902708,875.9882316618355,449.1110689435396,898.370300388008,458.64666601340656,743.9670008158118,1400.9776161792731,371.5505574305987,998.5609300923487,1393.878027264795,1784.8717441735805,1593.789998747615,1489.5021184541054,1371.5630544856554,1865.4606358307442,1800.3967895263245,441.3720506548217,244.93256545585473,386.0217422966166,322.8277000395471,1503.496799124937,843.8298149252001,970.0414420081663,1206.0241143108005,1339.704937191303,1499.1180591893553,1455.3340815760641,1641.448581887001,320.9289400526018,1445.7271222570341,1873.0673609240048,1601.618055196519,833.3743899572074,1318.6038139327713,1904.1985999740912,983.1886024608284,186.37212713420385,1422.935247384017,296.1467838021307,543.1527420334075,44.17494310785917,1732.3751068958436,498.8000587335271,1343.4084467137511,1109.6814346045053,628.9433997012804,1720.8845089181734,302.275555496559,1664.2802490721976,639.2891289306255,1840.3069817681207,169.34550528119192,133.8988247798385,1773.0018014638893,891.049915739585,1110.9548625148768,288.89739292835077,1289.4324444531428,52.92734051722673,1581.3603551894541,1080.3935563423759,132.8147605613023,599.8179904709552,1729.639095370594,98.26205477518326,1743.1575042384425,1961.7037295793343,1306.343916780786,634.7985514070247,1666.8592829077347,1143.0939475169928,1178.2862675891045,1268.4304863090838,1024.4600076630531,1726.0439795715024,223.2462404378545,1660.2121855827859,1780.6473038922534,1300.8143616500101,386.1983085665719,372.6453033209877,52.38928743909959,1715.3706493430088,206.32622210050252,848.4437473627005,566.2428192746837,523.7522754900707,1036.588002822749,1150.8525007094752,1348.0862237517604,1141.114627915743,1396.8650316085634,1321.7712722703568,1946.4576010822393,1294.6041460474291,1420.5402140485096,1101.1638068849084,977.2264091804019,955.1515039419744,1106.477287012652,1110.47304813089,1584.6554999803561,282.06230273937433,94.08019393179761,1921.6684122496933,1835.5641703792185,19.392768265382472,657.479795199636,66.17969928816352,1161.9229826982653,698.3285923173027,513.0539835209863,1028.5729133523428,1857.4620804579897,1191.2585219335049,338.57742170002064,476.39801816423454,63.35225476920775,1664.140788164089,1481.6416228627563,1277.0009552790107,1470.7780161263063,222.053962434758,1177.9069878917492,1603.0566456947347,681.3121877879936,1178.3507339104035,1044.3502226993191,750.4051871297934,900.126719069783,161.12268832206757,329.7378722883859,1895.139644518175,1171.8170283926106,952.184582859257,1114.7651408761349,513.8909914311438,490.4803026123189,376.9084264931203,1103.26541884874,1695.9477153219577,1236.4076811671894,941.4787981720015,1214.4344922127686,924.9048705986137,323.7046725252343,477.33254481385035,976.0400724438263,1239.39292004863
long-conventional,0.023296234750747935,-44035.211120871,1991.0707404065286,316.6053677507098,1367.9000552185976,1871.654361508129,231.63370383365722,140.08237035849945,1887.606855849837,37.34430287875348,785.1107887860359,1405.8480511006867,1630.2232157782526,381.2077121957231,373.65875808527943,227.40157788562257,501.52163812647143,1567.7575549569558,1102.1788983356391,1691.9628638493164,392.0919792179601,1497.449667034431,31.933149170652715,586.4305141326606,1638.182179664135,700.8726539884026,1161.500517741408,1558.6171643260743,1811.2467655381338,1726.1569529006101,419.3763422259836,653.4833279009771,1182.6548365046813,1697.6210229187866,576.9517393149712,1986.4935496872376,358.9584890647032,103.64650197800312,1750.223022793139,603.6363969810977,1669.497839558535,1687.1100071238616,805.9476763228416,609.3655003511515,1761.4171979456123,1578.6896523019525,755.9567356649943,640.7365679544164,1245.0238003038626,1996.5064762247919,1122.5744461390298,1579.3425458208394,282.04594358890455,941.0282635374363,1722.8440871313262,1900.5226209788045,1404.3628046544425,30.690741473226275,1960.203812987757,293.35794243558126,1725.662892319559,1695.561701367603,967.0541231198706,1165.4057555058098,770.815113160905,162.13440007346253,67.2240504128713,218.79086637842335,912.3103124896271,1602.2203515441017,1652.8640303174082,11.62882774137655,491.5987475943929,184.79081386174082,654.4033869829393,795.4139271588041,1338.1053978063233,1035.3332616480445,848.2871778831649,864.8912437626672,1364.1457268043757,1874.7652369343623,1138.001002992796,941.5875367277266,1581.2767923760257,1747.7891650078247,1390.6503316911233,731.1906752928068,1412.189781590991,214.05602903044232,1233.798822848996,172.68206153199966,574.1372938672976,939.0875444893899,55.09798555212051,1944.485221191034,492.7105350323529,1414.926723580482,524.4154374523895,1676.6196039079332,1002.5442192644011,1403.3640534407853,663.5160694909683,1413.8817798934679,305.97803601514494,1360.0660706659153,918.9402103555178,980.9711738004333,174.07207617054686,959.362380199105,876.2960613884339,1622.1578131310819,1445.2424261684994,435.4442848994177,1106.8024463860972,1904.8662349541835,180.80306357658836,170.8928460317079,535.5915013908232,307.7167878549035,401.1953640327732,784.3010340025434,1070.9914682923468,1270.4775914480324,1394.3620258417996,249.85726637573703,1920.2680709143626,1742.8217063180007,845.7370881837364,887.1352249816906,492.84000654762576,1038.1299517430175,431.22831550175243,1906.3310792343664,1357.3058616916026,1812.0057898400112,1326.3100142346414,1284.3039078960978,1883.4765338033226,562.675160164938,1623.570368154339,1693.9841255556341,484.30922815999577,457.25938793205387,1420.6061541118281,1463.0637945667193,877.4220947847897,970.8174657502059,1168.398159022619,1492.0262866849882,1622.9957102810718,1934.2353398912699,1010.9803866607269,1038.489820903937,1999.589892170759,1106.0085130549962,81.75727510886244,467.26314651993135,274.1030648374228,1609.7256909507646,297.25630609869546,116.11000357870012,1790.0997247453813,1891.7597077919177,665.5155126732361,1582.5013624923647,1634.1658262032233,1358.7580151823238,751.2323091554805,1623.2473394696199,832.9235009347063,1289.2628719891832,1859.2982106878808,1709.3881393779932,622.6341760793432,1088.718512912498,415.3218038064519,481.52543732541716,248.71340266781036,1336.6307731812483,892.6155951442863,1360.0676829741417,1953.6446736715902,1641.3548619971734,827.4649725081741,1592.6517989625027,423.0314726508213,209.35451110465976,608.1264471916503,1159.112693245493,985.5912495460742,871.2189664534108,1321.536642001482,1024.8448763543915,763.2926438574829,726.6190912249988,1946.507101565081,1873.650432400059,626.7277074196531,1971.656288124569,263.1630181714767,810.3196272985543,1675.8596110972487,1617.613686483386,1474.999552468602,1175.6122083964572,1976.3816499175975,436.99617412573065,73.98990958049892,481.71803039527595,386.4170916947188,71.30548390058802,1687.8192665480071,1234.8457370598294,1726.2465162263286,1304.7248680640064,670.4795096710008,825.2110453235366,382.27243020046575,126.61562641861542,1737.1254100853246,1698.5057113689713,760.5213270501641,862.0272905682101,321.34349830476964,1697.136710402147,1069.3048679156404,643.1805286589099,1689.1853034037772,1007.9043088895113,1606.2262500354198,1673.1846332469663,115.68459973189971,498.59013205070056,1016.0062672090818,1350.3516079393628,931.6994037104934,1908.321946366232,1210.6765923206765,1407.552357356221,1847.8793822028554,248.843222436466,1742.3930256571066,1475.6186194096392,312.9771144072961,843.7566661834807,972.0482986377498,913.6727581305917,1985.001530729913,1532.9604454034782,1746.983824324217,690.3928171578344,59.46181382950205,1758.7058053133758,1520.1965626293106,550.8999411380217,263.0866715012725,441.53244168726525,174.48776035249682,1255.2430709719474,1237.4210482289845,1056.1998632146024,835.3509666174874,605.8628641878296,295.49169019036225,616.1013480860111,285.9297013297373,1574.7458627711535,1795.4547498718011,1481.9969618573352,1372.5780564480747,729.4145987241835,85.91177550981348,1743.5546816237509,39.78805404295966,476.75373946788363,920.3609106514247,759.907575240406,412.87056190622803,1600.8770563269188,1536.5550729553727,871.1027468107903,780.9326038214157,1201.9471730645541,620.2035089620032,1439.953298739179,1945.5509475447334,1262.4010769490312,867.1846887149446,1813.8381410904972,420.4412729382058,523.2123829937545,1904.45677141779,1922.7155786645237,1811.41818086451,970.0331237242593,1925.9340776090946,320.0731977337008,1004.9050213373602,102.88344890753949,479.83988111412697,1953.9800400100985,1994.449176227929,126.1510291913179,754.6737341699272,152.15380351727194,990.9265346554735,1939.7473529454276,1134.145002056896,886.765062667423,854.8503811541085,1412.6435432209707,33.39267945109867,1758.5416457064184,833.866227667591,1422.3184573243593,320.9142476649502,1117.7422346611247,1030.698858899845,810.8464551968755,986.6208230229657,652.1567958508274,430.2831526844533,15.336435341581792,863.9520120901167,1261.9772178882695,1171.4397228915618,207.15022198317547,671.4710462671679,852.7130388230556,585.9135022731859,528.7650846155987,108.76362708505644,261.27464021805,1289.3664977836788,1841.980910709673,804.3656351176642,1235.16007086155,152.8998913026325,40.66228162741499,1714.2633101891167,1049.8664806456634,1638.9957123132565,266.8280300618923,470.71553067044687,513.4219159092047,1673.052296248211,490.17995263984,111.95517206659059,1884.043490742163,635.9110446018271,1385.2552828242954,1844.523798056172,1113.6601404965177,1029.3477577531046,186.92939983665755,750.198329657804,274.3597383720152,913.5663151390071,1829.6999382061601,1594.6389755401945,538.8644598514022,1480.2980868069183,1588.981512519825,1086.1142607868844,1561.078742896378,1855.493068005179,345.727541287888,109.98639539202738,1664.6541530759114,831.2461503973344,662.7743652331085,896.3575172902322,189.88769449307216,1791.6152694086888,756.3984332630844,228.21151027180792,1457.2752443048917,732.345029266014,478.7865544715829,54.761543107229386,251.37541420720697,1851.3523261895448,1776.2673998999996,486.21074861189794,1422.3359512679442,985.318475067649,940.0568311550926,1788.1507691162678,1060.3299311017993,34.7123445860141,1456.5396727389787,1414.0860998726155,1.4059050773875268,5.701339018001091,1144.1907568263853,1148.2070552172372,263.97489358072437,1763.457970958669,1172.1788909610157
long-conventional,0.03366088259800115,-27857.00723549151,545.3434831996711,490.1890313589226,593.9123519570684,1254.5400668848886,858.0388223430249,1809.1733076990215,69.47842891742525,451.9100101884548,1103.983949411029,510.7745784958132,1119.8807567880501,153.85963946459455,325.98808606589927,421.8670051510058,593.4063155052987,509.2675462194254,1214.6613697758896,436.9434352760604,1041.108976555878,1980.1691862454522,1495.9019119712088,1691.216079595643,1329.3072261727882,1889.9030648045166,637.8974684872578,554.8746859662057,1133.8174085342637,1998.2258592526123,1349.3841333298562,115.59589417534893,1916.253315827549,1863.7778741278833,1189.554089834554,1988.4761277397401,550.9088735978437,215.089950079624,823.3593191943846,1729.5868969036671,669.8508571413435,351.6117074348507,540.5603549178865,1019.9077599060239,1023.342352993622,89.33501677795248,1118.1507514228529,1855.4302019714924,1770.5097488731867,486.10159490239187,778.6997548738068,225.2208975431763,1948.5646576535705,1452.2979391082993,1307.625954150064,1144.5894773379066,1052.4869988172381,1683.7838050157623,1059.6917320436246,1097.5371714102585,1365.0716960137686,813.5614972114588,529.4781016981451,716.8034608625302,478.8045856017763,1625.056549533736,385.416506896148,298.8919883674857,500.81412121868107,1413.4952711773215,1200.8994749713722,1486.5001664632443,440.6797375440143,485.53341248647956,1789.153700423331,1621.4942595926486,281.3288493819036,443.43531964543666,769.3022328758717,730.3917855423891,756.6018415762617,698.0109413603274,97.51803643774159,341.1853529488743,1935.1335644913538,1554.5339690519536,1597.6965155960927,1445.8486695838565,1456.6786863610448,1211.9722947012629,1698.6370236501893,1167.0895247815072,1301.360928835122,1461.9070145242003,144.95466832371318,190.7514356961807,1677.5048947394903,179.45936067387794,1741.7859864829063,343.8423549829409,1939.865930619879,225.1507629454569,1721.3363819102658,1140.398125533089,1518.240547298967,213.19207807171978,482.38746321289943,766.2471605539915,1960.3186373242763,1331.5914124461638,1577.593612174188,1869.9502941506275,388.7536505758129,124.3883504250052,1387.731714932246,708.5867691242777,216.47701789044504,1620.921124605754,199.78789894263272,910.8857311583151,738.8326706719486,1864.7951297676507,523.6061880319289,922.835275238603,667.2644103648639,1572.5975090677873,380.13284989077044,1810.0368366141354,397.80108533115015,420.0372845984124,851.5549245781993,1717.1251452939364,353.8772091186757,522.4386247088217,1757.8071248817514,1177.9459592529474,455.60424501336865,659.5639646029681,88.89244471243254,1507.5331665207364,1595.4799697782958,1124.6259738728425,1191.0341663555473,758.5926990031967,1194.319916653483,1754.5991017726558,604.4086076217303,1212.0078420973061,1216.107078926066,526.6101108869918,398.5283107709184,1340.6414861245075,1890.1738368553158,711.6312588497224,1309.076911145642,680.982062933452,1334.463014032897,171.25859238796517,1544.915082887907,564.413577284779,974.7181169216113,128.5223221734842,305.235436403616,772.4758562502855,774.1876959837301,186.19528416735665,909.8032330147917,1486.6500836834903,877.1490192258847,1455.255025924258,1759.8664220309254,750.8131937539054,481.1163454874541,1922.3113297150337,73.0475527446746,1045.8235766792186,275.94729469979666,761.8603691374517,1828.811742694802,990.676424076199,191.93020301846573,517.4909287231325,987.6829596905919,925.4179222754241,1348.4707464172197,1452.8551116122367,1801.0582277804806,53.904063884481076,625.9764642588787,1659.579811819722,302.554410758146,828.7310325800364,564.7518753983222,53.56028667383708,616.2025162650084,234.74804272955984,1484.237271244079,465.3804930679855,840.6311087976159,1093.7764300491272,1604.752290764987,1792.256359426015,1917.3380780464947,1364.930470605833,722.2383621880266,1866.5156463141855,678.5530165387091,1149.9924552978362,1067.4915745762146,313.0342346629266,1828.147560944205,569.7787337236086,1047.8747679853466,548.1295458229271,1704.314483978125,769.9284513815003,1859.9161152892586,1560.4448189316845,1995.8649314578304,727.5296983493796,623.4796216927704,396.41534262648184,215.81705140374856,885.5550160977236,863.4743655487347,1092.018323550826,1819.2718290792693,890.8463111416615,183.14434069642988,867.9705902254875,1813.726245492506,826.9760730658015,868.392431109045,984.3649182090275,839.2180129827342,1035.2891947982814,285.72577817998837,419.0907112432042,467.14926103794335,1433.819842489013,829.6108911361204,1994.4691984727065,732.8128975025952,1985.0344979240176,129.020924044854,1378.974797666308,1758.1726684366602,855.17504783223,999.8422243149138,1159.0595022803964,1582.128018256934,1315.4519011362954,552.1063848540279,1752.233930655202,865.2268553700177,961.5035190122974,1358.9050904733917,232.4972349538896,1679.8139891786598,332.3864489063788,93.29077428830357,1510.9940258674653,1146.3785814542243,1054.015190464338,537.8091990370269,1757.9061338697672,1555.7204093146872,1507.606130215956,767.4792036244806,353.4419855997821,1391.1166439754338,791.6843695626748,1444.9140124736307,1139.2147022345919,1413.6940401957318,255.23089292850378,1050.4409584879174,589.7139389723949,728.8014725959179,1002.3399628068473,1761.372806412817,873.4512746328481,558.0303410715196,242.2410687683106,789.9701077789487,869.7065085400745,1774.829781170898,1936.8333499492855,1725.070774330652,1577.1033563750445,716.631136437797,1057.8867897594234,1257.5543498237362,440.0780901501805,1812.906334237844,605.6076663776594,1174.868455148356,584.1950482826288,1745.861738280127,996.5606706040132,176.6814332097835,745.167361128136,248.8371168202401,757.5052930264117,436.4156840085417,1524.958527650188,731.8831735135855,507.9885554832618,1124.2341752710513,1573.0276394401246,399.36058851593924,1743.7046243394373,1862.959212374296,421.33217867546733,470.93888077534774,1128.8219260703202,4.300094577015287,832.1940131705479,48.911699139570096,146.82266403620713,922.9443846520992,382.2451256246752,1855.6013365576025
long-conventional,0.3586065732572927,-3607.891946614082,1810.3048299708212,877.4569361324802,1951.6514956624812,89.12763732439078,1034.7924587215941,1196.1475789936226,1539.9454876506736,871.3204262651684,1499.7695615404905,1942.9887146921512,1637.1504962581223,1072.219029867639,790.6634520508887,296.53483194449916,1139.3977433279406,426.7125938917975,1991.435079438589,531.1320378830706,303.09017890649983,1582.3807953656353,1321.9160492569222,822.0106998017794,1961.8818980493443,451.9060140874569,1106.565226068595,155.33844472399576,1632.468908875916,803.7900765136127,41.28297396585028,469.0120018731553,684.0633103575717,1827.1444501479812,1755.2626971444167,1814.346731251295,1195.0748353263639,1523.6549291005988,916.9844090837975,102.0845268304908,1288.6078417735143,71.18171166893552,927.8994627082711,677.4339315501971,236.0579798389948,1363.5001234983456,401.1246520553502,1609.601121741913,886.7337959741038,404.3813560542824,1555.5898690783986,1094.7593274745886,1582.528843572049,323.6739685183289,362.7899050869755
long-conventional,0.019851859471674782,-46811.27401147607,1237.1482969685937,231.42846156597952,531.8343107488643,594.9525199942846,421.0273599366948,1057.1080762760935,384.91091992216724,96.81492583355248,1332.1177612507506,478.45463629740067,162.4084608824458,1504.7200399314843,1642.0768605898927,1986.4842748021606,247.06787153617307,1818.4210366643822,1947.5933584294048,1564.2529363417739,986.3870822864139,688.9745247733014,497.2178360690025,944.2480639592964,1152.832639883195,1287.9747566928384,315.7254883647317,572.4944705472683,1214.7671137471693,684.8424800937834,1953.8891279933832,1975.8275744052382,1741.7534610093728,347.6480472520162,869.7800564783142,1315.8235260245365,1835.9596550342096,337.2114248332741,1061.4022189446766,798.0500219838705,549.9348422655147,1237.7865439845561,1654.4933317145453,1495.0470448812227,933.2661562321925,930.3533523912442,221.49766052018603,404.9206973294765,1980.0110918451903,1565.5873706637537,934.3933898762443,1509.3745298014849,1735.851445553247,1866.073104883081,45.64693969542109,561.0159878662154,1401.8984171505454,1599.9389430302474,1219.963938252392,668.1926681794672,386.19398314859603,341.94118101734057,1115.2465902954864,978.1545182242751,1842.263803010484,434.7515961744683,1217.579888026304,1248.422965442931,1495.9060238428133,1554.5167925315445,516.8884709048261,985.9607915908347,703.2542676954891,1036.1929081619471,1672.782106064954,1751.1604049144098,1629.145756271149,1547.9472969548856,181.74952812774015,524.3780828880616,1165.0804640925026,858.8768876359154,757.665177115511,141.25614578476853,1831.8926808939725,276.19788968409125,482.847126905395,1836.0590308728963,216.6964770442488,620.1795554395093,1550.7441999961752,145.2858410606087,1124.9388450122078,319.58354501661466,161.45392439898666,1183.884420480715,1035.4444690931575,1504.3707861383996,724.501466050017,1152.0863432649394,103.23341153569108,1103.3403884700526,503.42098599337544,1048.6456687059463,1752.1456342687213,659.5129755258455,454.1228689047874,1957.8480321936188,1005.0937482407348,972.8501554000079,1541.6457855292817,1698.8801359417146,674.5217638057377,1560.49963812529,1103.4090023471174,1713.5965704768048,1205.1180374084518,1158.0729067431855,1260.1556994241364,1303.5929029030353,1462.9514792746272,75.39032500287092,6.8195657573844,285.9657545310407,775.3624236678435,1945.4563298429364,1623.8063533270374,725.0405281451953,52.3617462643351,775.4294721447893,473.7796510799734,1161.4937717425237,9.982742269093352,1218.6192291084428,131.91857884833274,1636.3896670021775,350.8855597013587,1362.8991450988203,512.1158726028383,1084.6975971038087,415.59142964364594,1594.9203176313204,104.63390844683012
long-conventional,0.44854447122686825,-2228.248782412792,281.33502001454787,1164.2613680629418,1741.8289449898575,1017.1038213092427,1618.3291860112674,1559.872769957041,1346.7365803353327,850.8256109600629,680.7008743983474,1549.3107806255014,407.45175432080606,756.4840393284496,1669.0134216048896,1076.9767577128937,162.39155551491012,852.0608343338798,1239.3714884687577,1549.1916893928665,1430.946178044359,720.8953064133462,1033.3675443104316,985.1026280700386,1596.3936156017191,796.8494602714833,1922.5747140608253,1197.3046381652123,408.0449456010184,176.3702076038806,258.9971421239263,1427.0013156319462,1751.1501131280438,1685.5935759473543,360.36894343742864,338.44892974955536,1668.2976588972022,1811.759732234002,1823.5859045677007,1499.6196921837243,1196.2480772898934,1552.2727108417462,1729.1330297714408,1883.3150381501066,1727.8138688082797,1136.2072077883565,1999.208063398184,179.06011201006075,1433.15240232876,1594.661792403626,1624.990230963227,1838.4081700231254,1065.5148165117898,559.3730534364068,1119.679485844658,439.41288742096367,283.35477648060584,299.806744449404,1047.5920204066222,253.00760025025912,730.6479516856868,779.2875935149021,213.80269924999953,489.8489405899378,624.3828809138957,324.9883958395325,1822.7205718395626,1849.6611126071512,758.7661732806165,48.39337738435964,842.8017180619763,1339.2854593317425,1216.941444348156,1986.808138266384,239.8318050159533,613.6539192838459,170.60897201271374,1162.3932142186438,934.624342387648,1045.228807102681,1917.9169961392963,374.94916938107946,1606.984564215665,1250.8356189778767,1047.209958220636,1755.832529450703,1790.2061302752293,61.53648805345774,671.5903596039666,863.2549422430012,1225.1408640087059,1817.0080524159732,1122.239494033508,730.2710080486838,71.38382404880353,160.5367690164232,689.8326767253651,952.692108579292,1799.3364272644446,589.8965355152627,616.6099353070936,423.2041241263407,271.18558535892674,1925.8540701589916,15.523409281733928,760.7468174347065,1873.389785153909,974.8550767813229,509.2853189878113,108.81312355281091,940.5539777836985,484.5100638723418,1514.5244962682605,438.3586920958082,1577.9524662928523,1931.951567666735,445.7852095554583,833.0562095104135,1319.6430191012319,1597.6416804410246,370.71359374247305,471.39705046401764,17.91783338145991,502.6585901609674,1925.22313580164,1803.393379399387,78.2999172774523,57.50157922105078,1864.800222930224,349.35453878259324,1553.6254530664296,1232.6608567638948,1601.2790059516637,656.9755783128962,1672.6608052957329,1937.9167432842967,1833.8305456509104,157.09181465830952,764.7016234219129,1476.79221697659,992.5972885799696,1672.693251598119,1271.6236280176258,939.1795008781196,1618.7323738019934,896.4026089192822,272.60830718809956,527.2389562203969,286.1109276299659,419.58184354502197,1703.13052502326,378.889023798864,1742.5568461848545,1232.756347951243,857.2626896856077,895.7665707226556,1706.4574744030285,276.43023733126574,986.4950197476572,66.81895857716675,336.55223361304104,1487.6863950478214,237.3053304670358,1072.835053483659,690.9610479163937,848.5849361917407,1345.3861493511492,587.3964404158986,1641.63819732449,1610.5214264584024,1803.2218872484536,181.11718428421432,759.2887219444688,1321.8992582634405,1804.8292196051711,1498.396426618813,606.3189096911909,1642.9099626337343,337.2855901992279,430.342936283358,1832.315900898116,779.5689150073997
long-conventional,0.13358372950769315,-6933.782480182862,1515.797926098005,211.42233975407217,89.94549471479783,1764.6496004423657,1758.2949921121833,907.0396862072306,230.67136802921925,1703.5078432759583,763.3540475609732,671.2964556307437,1477.8480857615189,34.398061599672985,1382.5015490614396,638.2906892304741,495.7266831381137,194.5684936240099,653.6258584054768,1129.2103326198826,648.9190989576183,579.9496152693911,1593.7818002121326,1022.4996884758995,1393.3696436578102,503.201853742098,516.103240486246,136.49774218719483,782.4305657888035,555.8350920180695,369.0194031719386,1954.3777665096318,1523.7102942837555,1106.802649699703,1242.3403008360726,1658.5378537215545,1444.4830457706155,832.7011599925211,1415.2797249733183,1898.349324801889,584.5900765204535,99.6587109702001,218.84044790677876,1174.4462401413743,833.3409707157571,518.3869586329869,630.1181090722265,784.1028202369296,292.0783421349836,1481.9374389322809,1927.7435042746777,1818.2260069844301,1823.4982590508523,993.4328550322607,913.2264758265209,560.5740571177324,349.04890321185354,1618.8552294795857,1477.3284401555254,529.0520002544672,521.2009077208013,1681.556462479824,1775.792719010248,398.4621730644862,1280.9200640402894,1758.2069122262021,1257.7445891617401,677.1909733460216,1799.8493465453002,1512.2663538054192,66.44760406758331,77.42548342352943,1501.1685662472794,80.77238511360311,1259.4483526985018,1955.1029400527989,1481.5903625089757,1756.0227688429995,761.8667608857577,1075.8112797918125,1406.6984563981466,1607.7609224712544,921.1858622638825,1974.004375919084,182.19987366583382,1221.911039537095,1986.3349063811777,96.057977548798,1857.7807038216074,1604.4687106471758,516.738784687542,1381.101441472473,1967.7518747492552,172.78481876860704,794.0934185156145,1894.399993209476,1754.050986108061,1774.293510092217,401.7178367386436,1110.22828301936,1790.9971998094702,1251.3523153666847,1369.6485749553028,432.134779098798,1434.343726165885,408.1523254506316,1446.7868162810448,1193.8668108683428,551.1659592337556,1609.1230507125802,1855.8724837026377,653.6289059220364,580.8727338590343,1713.651165868258,1018.5630156827647,399.11932146647797,704.1445132180988,264.6290299698759,771.1624497182171,1180.4909689437313,484.6025925868246,1398.7188295111541,1329.3951221931036,1446.2625149773303,189.14279354851726,1178.069892718889,423.2182578368915,1073.1103156648492,863.1974029699754,1909.053471111015,702.3691898082656,550.0381581071836,339.6534199517358,640.6463758176249,950.7213433228421,823.2631772849023,1560.2366737113523,618.5115508810087,980.4252816254531,1172.007806859963,1679.3100874581592,16.886783850097984,394.97487306126686,1294.3353843747295,1536.3610660046852
long-conventional,0.03542797148479204,-26552.422728725698,419.4422606668144,516.4738460769325,23.581673011585437,424.3563975339308,1208.7421105370186,1522.521133231032,1937.2805549304835,1637.7508492849665,188.68917221401944,1616.750690463305,569.1009424268638,1111.2526120737414,1296.6030956451764,1666.4544214469352,636.0626192672254,972.9047290160679,1696.6741048650385,548.9799914290218,1103.0441263664368,1550.5034507073944,1265.323013497641,69.19307138100359,1888.6024402421842,1289.4469567081046,409.70406177185663,121.19336024891147,281.718925800476,1168.3973558458717,322.3411791164236,1904.8299471856335,475.9604216402402,803.6896312189606,598.1114902244567,1689.793986901558,20.813690361875278,757.5813555526477,1322.6284860088167,469.89630343684536,1207.5188576994299,385.92041952135145,1435.3630868826542,1857.978656599533,270.8525692578996,1302.847396983948,1151.391024873182,590.8348670780802,1721.3346553853398,514.4413913130846,1288.456596087886,309.81761492739804,755.5277592261363,1328.8385161765386,74.15338877508124,612.5400336099542,907.6952808937817,622.7875725730537,219.69034373042265,470.2406245572233,362.4569126308439,1327.3340558797404,781.3459957308438,1027.1220443055079,246.2155710849669,746.5498685748133,1280.5937331637006,581.7348433443015,1881.1351644765434,936.8851503552897,1571.8300976351136,1514.6557996232698,167.69980008058397,1658.6722253788062,71.13708344242659,950.8368658311838,867.093555324237,368.63530610664935,1358.295002136313,295.10631126613083,575.5839139916176,33.8372618203949,1741.1363006673446,969.6114393682229,1168.7475800174225,838.5042405565426,1641.1301843398824,1909.9420263037148,1660.802704033879,1927.485607205625,1865.5399456632067,1202.1736031533974,1929.5390203105626,640.7219229372195,725.0439171567734,1501.6402166129903,808.3439132326231,752.5813588051665,1701.6670621119763,60.981932051193,1438.4921594203083,862.929180664549,819.066202487974,1077.7456199464636,79.64283863800524,892.6428500001479,313.44415664396035,1542.8958741815227,1561.6003272524051,468.887722051394,678.85552180999,178.4097392057867,1978.6842068368114,1955.509996346908,1576.2441830658202,253.5388455985485,221.46879956765846,516.2806812630881,512.111544668425,124.23481143133351,1770.4870174141759,1264.558107115576,953.8393347869196,55.060019366965264,846.0669634683393,1218.5226858181697,815.9304330810064,1530.922738385812,1353.8448322568324,362.2569296307536,360.34790606457693,966.7580506948894,504.66777036162347,987.5818577037876,1912.2315965162616,1969.9441732220412,1473.3992648685207,1188.9386552000256,1635.933979939934,1442.6994958457624,77.89149762509476,1299.8140507289947,906.3483117035914,283.75414468414044,1369.613592647831,1229.8024326064253,1356.0884481185633,471.21627676611365,1565.0082732144776,1084.4402101060407,1658.329842811759,952.9357878096488,430.2949274416011,265.24072586534453,1838.477645862862,1794.4616157991848,578.1458533733396,656.8005396444266,957.1705274790937,1341.5690569338835,1285.2791937075779,376.3654023524459,1505.891677908408,1425.5684134037424,77.56198652552156,1587.3457172863928,187.29923331028357,1413.4875116468734,779.1058412123973,1947.532949500061,864.6029209053365,1057.2856992345705,158.4840708711809,1013.5195315238368,1371.95264837473,1622.2460970058612,728.3564775243048,516.7051627895265,966.7309565037918,223.53436571636814,1155.949382206953,208.47906952592302,131.65526171857454,973.0887870059124,1239.8665905612338,476.12763138974725,385.13019288771477,1660.4405321233114,484.39529408038106,1481.8299063089175,1086.840629989624,572.8030079824835,163.34842268724117,1599.8832793823954,237.8499520673455,1806.444571829091,1249.1908120920114,425.50668729362536,12.184201553152608,542.0294400586399,1322.990041339015,34.061325943973195,1722.8161827027259,1037.4841063891806,1647.7439045300512,718.7902535190799,1167.9782365605452,354.10191313021517,195.67113915797313,1740.965703712418,855.6941929540052,787.3535913526432,1370.0224394198594,1736.255452607454,1173.4620088076822,1255.7972091933436,1441.4400301133917,780.1101727258709,885.2789434754488,291.2528526484088,967.0552836705756,1117.3306120672191,1758.6569855631253,1674.7940905866808,591.9714303147177,816.7115294939135,91.00885590979135,1154.5976183026278,1629.003021620688,1708.9361696811213,11.218950637890764,220.42380295117897,1372.5355134125703,135.51790598274442,1723.2556415501208,1704.9116845749018,349.3575224508709,1811.5317832181267,1938.9989339581543,388.9063862120846,917.6025161034945,121.09450678014596,1435.858993974374,1993.168774997674,812.5837858296128,64.88182462549526,1520.823717842563,792.1016633603934,1030.8134376081514,625.8016473405075,233.90845848005378,312.04980941259316,560.5324675924527,816.4462229538685,2.908746280970999,624.8425713242682,336.7692740103464,540.4310564343119,167.66528267940336,1628.355501478126,1442.0919478184162,1541.7795675956488,1986.3477604049936,153.2120627156885,738.6093915328591,1537.9800751274813,50.692845208767054,1666.752219784394,1802.9159093412557,1447.851700707447,1626.9642119801476,613.7078176712595,484.87497532428137,808.3452843549891,799.4963572459646,117.73159740442406,1058.2064755848592,1331.759345039867,1154.4928627453037,1905.0080472814996,340.0097703696629,874.2993167897295,1715.7167021190428
long-conventional,0.05250236420096166,-20291.88867226371,884.0568665890765,553.7040003399179,1856.7654405175329,1589.8514066944845,1030.8438753543162,1534.9522444294505,883.7655310158908,598.8762128814311,1923.6134710018653,299.58145993807807,1334.2706750849375,1145.8051733308826,1414.791460605175,854.305024881498,1829.9089869279433,1715.8519329229407,1876.2165905769955,1049.9363154073296,736.3817496249105,51.199369405177016,241.56287268171442,587.9116039689792,834.263131158246,1950.6363879886267,781.8341088087109,747.2557727995364,566.882850504599,128.46281996214597,1617.9253529439516,1966.7812735585005,47.3457086138401,689.4184228626805,11.74025936133326,1484.6324686620003,196.22854785331538,1718.3891972322858,1306.2829983544639,1982.477359619811,1939.4945730363027,401.25714079866424,300.73317625868054,1357.2570816742432,1357.2431054212175,27.360198876965676,771.4173944466606,397.9209863220221,696.3655791011305,293.43745282659796,1679.478173292304,1395.2508237194336,1757.9370935773609,819.5517512630626,478.2257088073766,515.2133265871496,519.2949558883556,1164.9251451958114,164.23702112562037,1680.7526323787336,853.5916480065545,344.83928848422573,1120.163820933402,1597.867282843258,1807.3769077310715,616.4148408438333,954.8404865282564,569.5690127913766,513.6859385542487,596.0181422480941,753.1129654910078,1070.0537327472257,1967.8459072820779,508.954452750043,1128.9034879136268,327.6310448721641,191.9316744900117,898.8769036574321,1903.7058627142853,973.0156248256059,1624.8136694798302,137.9442595995984,569.5188522534413,196.57912465049648,470.6813519884471,269.74203762292285,935.8802727125624,1882.9362914381209,1046.2710865907816,408.27115803021206,854.1584372227526,1334.8752810011001,1.2666584121365472,1646.0739528175616,395.36786728716373,1279.0739719960916,4.804374437016859,586.1986359305503,1977.3614897682464,132.6394163475154,911.894939528566,84.13347836996056,876.5930304910504,757.5843745336143,646.1491961665037,98.56356799468138,907.3233521815375,508.94858574360876,687.1651243565303,1756.8101911107813,389.1896740122637,1750.9633382653637,401.0280243131012,1342.4396848569083,198.89900497092188,569.3481476345373,1488.941740439073,1103.4399507870596,89.62328395914477,1591.090182081773,394.63038788142774,1865.6054327305862,1068.319169478524,1051.6750854432282,1044.3988861519585,1311.5491524497916,705.1628121299041,1043.3184720626641,1123.7347767794226,721.619752361344,1140.164868676854,1301.9460417174294,1375.648375502395,365.3078777733017,987.4731092900031,3.6790808396307897,1073.2846036277783,833.7126567520805,357.6316306371866,353.2197044282452,164.36590661694186,988.1278744557702,1160.3376735491572,1759.5690870297394,817.1796125910225,603.3969069289003,1934.2726494876883,802.2352306572451,942.721363364172,996.3502399097338,1333.187383944523,251.86519265371598,972.1543622702591,1794.8369169980467,464.9515439092383,1166.1245066498632,1157.3793299819802,537.5437535983341,1357.3353750202214,1827.977801107264,1986.5499824299118,491.76469431304236,1701.8831357581641,1802.7516269092941,263.7415439359037,399.2119889855332,1691.5759339352485,1065.3787779163195,536.25921087826,308.3972152049612,1875.635783361195,139.80044667666152,427.85918113074763,1949.7551528326974,656.4566883572548,1452.57068617517,1808.5284558094888,801.0258321700916,871.8337488332052,693.1865518386222,758.9907494774445,729.4326683670888,354.0231421988078,167.17138367406693,965.4592599196721,160.88517967198763,1708.2579656114506,1336.1136552457674,1540.8394000303974,1403.7016253175516,1993.7204640804673,1788.4662177032487,1224.34124986509,1534.1953845700143,115.57234709322103,1016.1189489311375,615.2839007628271,150.7209584104446,1824.369914269956,617.1438316758984,1877.019370111338,206.96288436844065,1180.3349404326457,1832.131034233171,209.70437717976512,1942.7922246181,1033.375290057822,5.7389153166997575,1186.8847322771699,697.7522456464362,443.48034431757355,454.90530488574757,691.9276003814639,301.4275211849018,19.809178514437388,1657.14245118976,1092.5075233566336,502.70787377094973,93.42433718794102,79.14678516625287,1633.1754741870382,1039.9712187835455,1651.7273218179596,1052.341056773339,392.83033537840504,1815.0029595582287,1812.5235207406945,814.4780741024922,1635.1875951368474,1149.3978217980366,108.40764036876196,952.499900464582,1791.7149888998351,116.87600423023389,1111.9360515113285,1642.550548006586,1479.9986003853478,1035.5267673566984,226.25153747892386,757.2821318260544,277.39618622733377,1825.254968230264,1498.0325758237416,66.51276482543042,744.8620027781133,1808.9215184529212,800.6834107512997,324.6726472931699,1636.3717234906342,180.7815880207929,1394.7511193667417,292.81512399432887,208.7173069694832,1830.8899196058692,1177.9426207450342,212.2640313916239,890.2189282905462,245.41350714188013,967.5956474058878,1058.896288728456,509.8742676402475,18.616761818953005,299.53559453915625,60.07009495091322,1140.2764720350672,926.6025949354012,1466.3168520603904,48.77082785670661,1574.309932392594,554.2479962379481,835.9067812035292,352.60343308585516,1269.697104386175,140.6218741825949,1659.7174511834796,995.5458537957549,1907.0601565476763,128.00947170415282,888.1805477413627,973.4407505423172,1558.2875897116553,1418.7735810251318,366.4358082442706,1485.1175659235191,1495.1661340353587,957.5257313671973,1852.5540101341219,147.57065534469984,1028.598111252328,1510.1274831525345,1378.7281010365048,1947.8307481331824,1364.553097320035,439.3982744486573,410.74574691455564,1505.6371566423177,283.56760372047563,1115.7263266666355,980.1605799509146,1606.237940603875,1546.2204313354396,1995.059135435362,389.9778949608061,732.8805711615114,1583.68060572697,672.9276419890158,203.9844069002897,228.31136956915418,1631.568896420654,1776.7282702574366,770.0496521347609,1587.376868590982,1908.2368335474255,666.3167295190643,994.6998424462806,1826.775444887849,535.8048563070142,353.85668043233613,72.71336485230579,1853.5371844862232,857.6361695492852,1521.8870244673194,57.0239051224226,1821.1556219039976,551.6398410938697,632.7271216471676,1278.1141437386398,1022.8188910604838,1700.3892232585893,1020.1342050065202,445.68300764006204,1545.9114812780106,899.360829763586,1672.561505288022,46.3824513817077,265.360593012793,367.40128678867984,1928.5232656768467,1394.334794261117,1187.7534235894902,967.1143322840878,807.6136819191167,722.3107203674089,565.2988636674746,797.216826052399,107.72520775579642,32.78702312197934,1754.3351360850788,1559.0686222317797,1530.181899324668,934.473637088511,391.0718164396517,703.2477081868534,1283.424946772868,1746.8982527016403,267.2909806453899,1193.2028365306855,1168.2253026134667,1131.8373782383126,838.0428577264529,1464.236541063841,735.4983120817373,597.2307412780309,1057.1607492002333,1623.7283982333602,631.6892696146463,1332.8287289374998,1566.4064675264342,381.91276224490935,1827.623145381715,697.75699417841,1115.484677877166,335.6165984334093,862.6570774934166,701.1776457642504,1498.0223786606223,1324.2046991326674,997.0082676878416,523.1719731591731,624.975006617234,1766.6857343742788,1691.1157974622415,132.99002058175944
long-conventional,0.018184622327995115,-45172.29674481572,1028.704539069286,891.579189432399,470.9330809158595,818.5586963136755,158.51988392890013,566.83011512191,1225.1466041737863,1823.8998855434131,324.9537473246412,1454.6130492241925,605.7551042099087,1396.1426279764314,360.5033846122526,1943.2803945587964,897.7884086614367,1927.4216707143669,279.56755317246035,295.2539680070544,1330.605974171071,908.5457023375975,111.76218498564538,882.7329020362007,1072.7897597112176,1633.1659295261816,1018.0170367640603,411.0871050957527,1467.2712615196758,972.3074848435853,582.7756284213738,1262.1707816505357,1615.1247989445158,1123.963926367912,168.63727952814418,1133.039198693874,802.7862735809045,1455.4029157345863,759.2598816008442,1639.1366437180402,965.955885911582,179.0700506485401,1049.5792044429343,512.4110851428309,1428.5471204795194,170.5054619262775,1446.067713290073,1628.5785905390621,1017.2962579323145,735.6903093069492,629.2442467216108,1524.3679142420424,1133.1588792237717,1648.5590076969577,689.6352353091011,379.38422874976516,727.7067681212644,304.83617889490245,1850.1705175791235,782.3259478368178,713.7891869214195,1421.435782430791,1389.5428304466068,820.603881765296,486.9345455779041,1298.3097622823789,327.3950536628916,208.46816408303047,1102.7082174780671,779.9714490415056,556.8365686171891,359.49847512281497,1944.799789590396,130.48426544855747,462.9282784061984,1643.2356335630325,4.901337417597381,191.54385478359777,851.6658849397745,1237.265213074867,1934.3973355947417,1877.2984030261684,233.8723482759284,1052.272525375485,1396.9974115718471,1989.4105318559098,1974.8626124474736,1817.2833146551118,1078.548910611113,435.7779307256574,1729.7752794087905,1260.760527474847,283.9058128422192,774.0336758007261,102.77420460131034,846.2931018862461,524.8619143778893,1434.2111909214002,1703.2407194200593,1291.5925737343005,1749.4482683425588,784.251595249088,1172.7791328224387,447.95644542691457,694.3967056222897,496.60187019845637,173.4658603863699,1749.347715420744,662.593075065214,810.9758860326529,1890.0909530381555,385.72035506650695
long-conventional,0.06922145124365131,-14536.624649942567,1659.1216757022376,406.87431213754047,956.1697561834134,1807.353628390055,625.3481117625261,400.2132473039613,1898.0883903255608,432.6263192580764,1993.597802562121,1028.4533445223815,177.68425511662826,288.7257026762206,584.7183120289699,1265.5210773783024,689.0841049022335,1255.9312941205087,341.515798800295,1073.7515831238288,759.1725023418371,1847.9265020612465,1065.0855611541976,1402.0531052493284,1535.689892955619,1425.7930164308962,519.5372687469378,615.918824580911,991.5701863107118,1467.1653266496323,1071.219852523041,595.7823437077146,1955.862302820519,727.7169990795768,1387.0923711821436,126.88481674200432,1071.3895545898936,1628.5608762722834,24.132463647949933,1241.8400686642497,1230.2775419363886,1180.2524235392823,120.57348758105906,1809.4137507324454,1225.5907806010337,1430.2933085314387,275.0851611817257,1318.8317917792267,772.5087651938605,1024.1008285283024,152.81771724801231,60.5526587237941,1560.427994926508,1861.7440943821168,199.31757404807828,1228.8644445886948,333.05657602050326,156.28215848331973,79.2480271085514,144.73467562172596,659.9860448950013,831.6289203555491,1646.0599550453333,764.0135550868596,1962.1965035685357,1466.2735092935632,8.532589008885175,901.6764804915435,578.8390231691968,576.3140034432747,1304.2461416240421,690.0621301385884,1837.8353091896333,1811.548054297536,1230.0085994105732,1106.1745607550204,1816.551419720536,1399.689402025192,1018.8020725467387,437.49200461358595,322.0603911873095,1079.1354808195836,1231.5805541365617,912.0195209280143,26.058872919678493,1239.80724070052,1128.626763710514,493.8069928322651,232.69782432261968,20.180557405351706,284.5506856499135,1961.787508835009,855.385369159279,598.5185853770663,368.0852115003419,1476.4093979480879,1169.7300948869536,742.5584143693726,214.81162044343276,183.69294868876688,840.2519238816536,1415.0369077745827,1118.9158457528133,1209.1909930487104,80.84561845111965,1807.715559161984,1995.2372132001399,134.87967270783707,1029.0090226265918,338.7974806141871,148.62078862923218,1236.3101431631724,73.48381844626437,969.6810957012469,909.0122693450595,508.5200161879945,1788.335095108888,460.35787838093523,1134.7231210641044,923.3105141492059,10.302850732130045,1612.3386658190911,1201.0600391928895,1982.8764970569666,1326.4735302233655,725.083666672852,801.226818783013,636.2015498802085,972.4528347236704,754.3588041495498,1868.0485340442633,630.4158336001724,1078.3516173821665,1002.0423530588067,1590.5208417577887,1119.3644613776628,809.6863636214977,166.0324858996262,706.2163700182172,118.72589143205919,984.6405770845137,1869.2617673186444,1989.2259547582107,1090.476761256682,287.031512501648,246.2137089796776,135.759525580039,527.448882852575,90.10594939340794,703.3019643418475,1844.340480530078,1731.8022577065744,878.079080884389,799.2890887637583,1824.326328697115,1192.3245324464199,17.809430070313915,1614.7580923310688,1378.5980374792998,99.82435336102331,642.1027051129392,768.0470256219041,1058.875791701556,1616.449602141387,787.5883344330205,1216.9102619481077,1939.8175661307537,1899.271964769177,485.75230692209124,449.65693450961453,1830.9383094740017,502.23635252942927,193.94954127169237,428.8381671362738,436.94752502056065,720.6215933044396,1721.0759649967918,545.922214535156,999.5019628859418,1472.7651442988758,139.7436056596301,936.9945164214262,71.65961985602054,600.3677135290278,410.13014083881876,1617.3930660877213,383.8936849377158,698.3849942973847,1902.1824262029695,878.8988206916696,415.1208683681797,1824.7198907579093,1927.234016309687,978.2202523998794,823.3908019123442,359.3928026761131,291.61681573923465,1497.3382954010983,32.41730236666557,1543.3583559741442,946.391247223422,1583.0497468750234,819.3623754169889,723.4569929657881,1246.693454391133,1408.6140347103849,1199.8626953111998,631.9428507251052,444.9490404178614,963.9539027543143,274.80101905015135,1291.7083270107116,636.3900616884415,1524.1049292700575,467.1970352936388,459.54424028846006
long-conventional,0.021178270025351553,-42577.011196804866,738.7886012474731,1517.7158956825645,1493.1344596583397,416.30348768909613,101.84376190803327,1079.083366847592,225.1412455582718,394.22795922920136,1679.2120450786947,1226.4388848432682,764.7904113136506,1716.4847466701613,797.3239326038253,147.28716868192478,343.08954929409884,345.73175169516634,884.0202023430979,1245.9466444838529,1600.3064187211319,1646.7274570782024,1753.1326506564399,834.5512708390019,771.2340205682013,786.4188464532073,1503.1274786036047,1464.918048944669,308.712060890674,290.4234871516006,1978.2776933723762,862.2033921067105,402.8189157982888,415.5714261541014,1733.8070395881302,1189.9889435817302,1667.5891616838142,29.231830161108245,624.7096040107958,838.4901848182344,1370.8522297371233,1285.5121541801575,785.0569479013402,135.36593622623082,143.10128395087057,1685.7162339978556,1943.5095793823145,49.789429127410386,563.1789217039749,899.0853882230133,969.3064389627021,339.7005693107982,1119.626727773869,879.7923045859642,1989.5830697147248,5.788562378889337,686.5483416265015,188.61422868962964,1997.310137560168,1649.4995262773173,105.36066933261327,1330.824384837453,468.103157702683,29.94317256919004,316.03770590037703,1904.8826904340858,376.7089328458257,157.64116938098798,1948.5708860164134,1908.763369043281,355.9785332449019,1707.8745208251767,1714.2251603600023,11.811232112268739,1219.6806837020174,903.2630415763191,671.9079389614665,1703.4917679252867,1831.2804716165224,21.6328903427737,917.4027381264352,777.5582843839381,1988.7885104393124,1367.1519166997641,861.8520981904279,1576.631724794925,1128.9550862613103,570.0769993702704,760.7638855194803,1517.7307719673838,1099.0742406152815,852.3354194126289,152.45684442271408,314.59714365663075,762.3107204464972,983.1354664574246,631.7163505990718,1471.0451114326604,1907.458277817913,943.4261952508713,19.362347308840732,160.25596634104562,407.3553319927274,980.3445763247007,71.42783464144075,1070.725712652909,1537.5129042763647,866.3462042817772,1089.6278474217213,1177.587188218056,157.22826795530307,969.4074046799025,709.2746077007608,91.10264824633217,472.34949080001246,198.12760920851207,268.17478294323064,1832.3520306283679,908.1485455232871,957.7936325067468,836.0711994794444,163.88126478735904,393.03384034214133,1121.3074277269427,1815.3732345014682,740.2565471749399,427.7577064531646,1061.3110346162155,489.56672229790166,1828.7617608416354,1065.9258464061493,1176.5388541774798,1508.144073388775,767.4518310145711,1458.4021145675035,969.56894550976,48.51850504382302,1626.5674346468722,373.02752165848875,374.9832116689452,205.63309630603683,1125.29351017357,1489.9572450306257,1158.2460366589592,1991.5674843769402,1565.6797594805566,780.988350325045,1499.7060067462082,367.85571794556546,890.5405376343352,189.83792263204634,874.2774992547803,1998.5971826406867,103.38321687449152,748.235417530707,1751.8666228500067,875.7112169210443,1645.519790840589,1872.7101612038732,583.892311217366,717.3866527002323,1279.483622377846,680.3385924438854,590.6323313971378,650.0124303986938,1608.4024142190456,1368.3419687455687,712.3754484700398
long-conventional,0.0366344721896934,-28939.215290667464,462.5639568741309,1757.548006112143,1158.9118836116186,157.15343574204454,306.5042826630905,1324.7397719608173,1228.354772991939,1751.2649488268755,653.2522959203444,709.0079223373075,1555.230124752923,326.36344070840346,1915.9224602813972,1551.1689492961177,858.4024931877805,822.1094537440792,1774.9589795819556,1244.108524698832,1322.8056167055624,900.3664457509996,1253.6444935155998,1580.4877093605744,1074.8669078900507,1409.3539467333737,1352.1936941186254,564.3005702218684,1787.6148896686066,73.70553811284563,1985.0176777668612,244.97934587280278,1916.5368073876807,1207.6344485334328,992.4122628892327,612.0962431330048,1247.2469617651432,985.4545784929584,1030.253641190893,1356.3295949945123,1120.8952441157066,1296.0986406738386,1846.680175995074,673.2821184823903,228.2878812051749,1309.7722261697008,1126.445445735843,1202.5624320179793,85.29690929693699,1052.6955397181498,1308.7954674436871,485.23029451142054,191.45602936610254,574.3928323940028,1314.7390220224408,847.9368767692162,1630.5525420588424,832.734789166996,1555.064698328413,1536.2558049383433,994.1824223026315,1790.9370720175611,1788.6916592592177,282.6564057157545,677.688735640383,1.6264978383460333,488.0125728302608,196.43569087224847,803.2415250245434,1107.7666683731088,1428.2755215341238,598.6066460533617,1672.6364136620077,1268.8377716010696,342.3062290248526,23.71242145304323,893.6447954782424,743.4145828199728,929.8807343314952,209.73914739804536,713.1150692301968,1729.689268257454,1906.4496436863815,360.2899697949887,170.00181827455015,307.8311905981927,738.259906096093,606.3007109719193,1039.7883670424933,529.3331781107671,42.943276602184746,1388.5560843993858,1175.5082443408537,1506.9843488138877,1625.7243895839063,921.0287300272471,365.9460264072634,1609.9716838708143,969.2445281996739,1422.453886365886,378.8350502946291,749.423238759589,1619.3258172515848,375.2264614208411,1044.9678129578099,679.1039974092586,1361.3167105055486,678.4720749931175,1077.6754958783326,1324.1410885626974,1007.8478632122542,1807.4789963900657,371.52243724161616,645.5257121805259,1707.7850012336141,1114.6482110043444,887.472488620668,1729.8171054469094,1271.3959497244016,1779.1103520151355,799.932518719881,1473.5819842716114,799.8330278460851,1423.7090073330075,1986.755617882416,81.59455923681077,1429.5065840487018,951.8365484761864,1733.074537752906,478.5544330286259,1711.6046351013706,1280.5440128401797,1523.5051368076815,1174.9386493020766,1086.2543796316072,920.0509794790385,1649.8698387768286,1420.0137765302557,565.5835595368908,1157.6927925985913,812.9192224473655,1824.1391596006504,151.47105028300848,349.0330542763143,1255.5556419422142,1985.5725232622103,1029.821188759319,893.747618357261,662.2117948665136,278.12144783103,673.8042476566889,1852.3316247826408,1261.6678798974983,496.80269838865127,443.6851016772202,162.22273006321194,263.74783789358213,833.394045386796,1788.6966072174716,1234.4393817870368,846.508522329614,1291.9360288538803,220.98411563825533,1650.0847060744184,498.63486112261677,327.7811241024036,1780.7189375493067,1550.3533253094438,1140.062718479522,1398.652047302256,1162.7111637393964,767.2601657674952,1002.6760234602214,1027.4827959405816,286.52833243014044,4.299977602045795,343.24283228066105,389.6559115068931,179.66947279224314,1232.1972831923845,787.9470290906884,1323.9655042714357,1281.588604953013,455.4110767233061,1713.078191113843,1704.5209407209538,268.2246707812987,1164.220153647414,47.50893602361423,1696.3379326896586,19.988746513458363,1009.1831163942379,1436.6737695095342,721.3003459133265,454.7291040411944,189.7389180480739,144.50225043115523,1583.7861723141298,829.380755385231,1252.725759950257,1385.5751281968128,1819.2381034788477,1151.8165131349513,869.6369419749988,125.07574230538172,484.0321028958632,456.99481606406187,809.065297280732,1497.5644443282495,1421.144327492729,233.2789601254718,1667.3927553849153,1493.0886614467004,405.5339467612415,1103.183700154247,390.161556904059,45.62264879190309,733.4747376880434,1013.9482038494253,994.6424450497037,29.477722663235316,1782.231158273293,1624.625394632551,690.5947064986877,1470.4264581461068,265.7862696798238,1807.580671647786,507.93730410564734,1624.2884141597397,553.5471207232493,131.98610556799306,1190.5142048788605,1495.2069763514573,1597.5639732896484,920.9371924653278,1180.745431066621,497.1484248401684,1287.0702330090285,1000.5642934830762,659.6583885483393,1677.4321292740594,1288.433384418119,1623.1709068148807,829.2750292998246,1564.200731716556,491.4404539272757,1727.3619827756638,1146.1454418111591,1370.89671730954,1027.8005366960513,920.4978395157182
long-conventional,0.04919116802813739,-21516.798447141697,364.3266768275161,153.45857308551825,1844.5166353283414,1662.820083897743,1256.4425407424658,566.0911529338883,1612.5643697245682,619.1094167587362,234.95214440295916,986.6026802561573,1626.2856271834357,1408.097036535503,968.0380868281964,1065.5578229801322,523.8109518292256,1991.0843810297915,546.300106965388,1781.3688233619696,1683.529172529549,968.3091914598559,1173.934839490583,1264.9826344094547,1142.5499935961093,1498.6735921765294,1992.707731496087,1325.537256717876,1121.9345778984837,676.6546554827311,1965.3969111499116,1446.8184159778614,187.04211453126,787.2894549989658,1588.5098094179502,176.0144179449402,921.9165760688924,114.87445245837472,81.83440294111357,1593.679030841837,1331.843799617149,455.2391218420205,415.4561802358554,1243.1264201218703,475.8615594006366,1622.3686172535324,1135.6953365263687,908.3261198214897,1674.2864786005523,188.01923734307442,1301.6993018715527,352.9388763974475,1489.5428007272117,405.43993788662334,1600.2338079114663,1330.0060209213989,679.3762290864692,1445.2701598571275,416.16665457810274,1511.1404341388934,55.70297709142563,1885.0586489658758,305.83298630972615,590.3549193897649,1170.5799774835764,551.1203651215868,1848.7593051662714,1947.434583540457,1935.0579613611985,1048.2934862088098,1808.2374421818827,1510.3630096292445,597.1453384553301,35.15906144563075,340.354572642163,1633.5696391555075,1808.8914908217896,389.9005641850216,1150.3583795878467,982.3785388018183,613.0101105976845,40.59612611078835,554.8149320017345,1444.149281897922,305.06679505724134,1867.2986374272832,1255.6261364894103,1556.5018524133957,645.445563206489,12.44040054672477,1571.8999191695361,839.855480725363,691.6650621869672,289.14313348554845,537.3477816717168,1860.605470517,1595.0399639956495,95.66062156988836,973.0454688884752,1324.6262160619194,770.6448061537831,825.9488797703601,1467.7330118834118,376.41013845037435,1230.672776356345,1286.465927054852,1083.4978813492291,1741.875809248484,1093.3259544740704,1597.4248626606122,53.43117103541099,493.2074086944732,719.5804949003353,621.9399462370029,662.5277801390984,486.9080667143222,20.931418108715018,675.6725210227786,871.6691378665295,233.1222502307369,1849.376650339584,55.930135624723945,913.5186581520014,1238.2082048412142,23.65046907502832,1865.6456731157175,643.7657532459241,825.7410339826849,1250.1873639219618,1131.9052293632708,239.04652311662377,1383.5855937530318,306.44431331302553,204.8512457878548,603.3279129244679,460.24836815223335,1227.018441650578,1842.6103677520236,752.3173993720296,1736.2643142510199,413.517155205265,1734.0954351076855,546.2699586666375,1970.5685634040512,581.3360393833913,152.49385884137143,1570.3694747297602,1471.8817895831949,1361.8724023918664,841.7464696935227,1874.0844107326038,1039.7284374317528,1270.8457626193087,1967.2360629722236,905.8510603321083,326.91805355912385,810.4499291334346,1006.6592200328948,1059.6295924150209,1777.230678754199,1920.3295569937593,543.4584988207782,1956.0814063403652,975.9354235796138,211.7163456450567,433.0063812038709,663.2116522655706,914.6340087264401,986.1590808819474,157.96792391324786
long-conventional,0.04637047764541369,-23177.687693440566,378.35443088742477,503.0853620171051,385.37053480406985,1187.0235736083837,1515.6444793905591,1323.6167719876503,1073.0282047794713,1904.1416484319861,1937.3465003887072,632.5895069889813,1549.604603908945,504.67388010818894,1900.5761304725656,461.4466470036939,241.84889410029055,1050.8612745036514,1046.7068646772184,1686.1078853225704,348.5945892278875,1328.8532471874546,1345.579726909247,1643.4288477284285,640.1746467812922,1383.4510272688942,1720.3979651732557,1394.1372845877397,1415.5449145217908,1244.2124625152155,1288.5286928451137,1754.4109267743013,547.8119013867633,1281.3728986707956,431.0616554333878,964.292714884623,1736.5446848159663,612.1568971343357,210.57616147775093,1343.0176767309733,927.7570142582855,918.5196465949809,975.3681912138776,1060.7795591181466,410.7474093970663,1632.3530436496064,1807.6662408514278,1666.5825339784626,1261.1316013334845,1184.550075678904,787.7817801046002,832.7917707632841,92.28072556642894,1402.9200361236306,655.4959976171737,1294.7457824770115,36.072432875739494,769.8037920084249,1113.3047151288602,985.7306028432237,1361.3671111537753,1511.4862815188442,718.302886445098,1765.4445063720564,1912.0408589473068,1661.580581875183,1925.7765382078705,1820.5818756553767,601.6446786205596,1068.9298736993583,1165.5125747758075,477.98426361598206,187.95441223028715,702.6071138078435,343.27903818812376,187.34475236746198,835.8072866463431,1575.8611619778708,643.6240936199799,1975.9411008670318,1433.9686660131417,1295.5116700598023,585.06997836907,1556.137068378598,1430.8767332427658,1296.5713243649243,1373.7191370314024,1096.3535109877325,1769.8232542420114,1861.4136514634931,526.385629496221,840.1942070417225,77.20324227590524,1136.6940581624824,1634.5096081321153,1902.9071054786896,1778.6977257345438,328.14232776361143,556.5980033247547,271.27726234311206,774.9158569583873,671.6652159378672,210.37831128679883,56.3410026381879,776.050406184239,266.72172417919467,67.90986963166523,1033.0862412056174,1282.1702896370464,1614.627280953458,1570.242609955322,1052.199288468417,77.75616082229494,1652.0501967425673,1281.6392664516095,547.2499375047547,1964.9788353041733,748.368302558925,892.1777652595885,1147.8353659002373,210.9118759900566,1259.6505476137652,948.3182071226769,463.9667555336979,1263.9210823171015,1709.3533904283781,1023.8138158359485,79.29114865860826,209.33771485166858,738.7966697149972,1057.5682412789208,774.3288151120553,1350.1607439177774,1483.7333440560378,363.9991347855877,310.5775297914062,695.2844562773075,1324.6334049552197,471.46407900619477,294.27364535282726,389.8503107633934,1332.7812894957303,1078.7783245927574,1093.5008670927746,1667.58353479805,148.05103936803786,743.713901669198,1522.8863398444048,417.2151725739313,1981.6309073491989,45.761512917777445,561.6463688084993,1197.243788105171,1634.3873580106758,803.4054865640547,79.3277557600538,1537.3577413967073,648.6266758000294,1055.6281878081877,404.0753797582793,1755.3187696708935,1984.367972099222,659.7806538191268,1841.1869263120325,411.72179807065044,163.99413179986755,748.0912424325567,1147.5003665245792,725.9371314018157,1957.633129676697,1796.9614967197153,723.4707140159858,1069.3183563370853,1225.55202765097,1404.417118151756,1662.1640660234923,778.1681866681567,641.6310894592083,1931.980404625578,1490.5617581670447,1181.3975842732386,1205.0592017473564,799.6109538120728,1072.7773863950383,832.2310595664171,330.4051331696709,1322.328012087402,569.8732621485074,1163.680012781738,1593.2924661992502,1279.9451414672033,1524.361921406819,672.956738467638,144.94522472767463,446.0433043209649,729.6524199070233,1938.0283499950856,1335.0077612839018,421.51570407405916,148.9513122321631,1448.9714413063264,1463.7926928107088,915.1851490724022,1503.488470503266,1245.246673520339,251.91597386470187,191.4054355647216,491.42800504658555,1646.1619039315513,1860.7275243436052,1437.3733481078707,462.99302672203015,291.7856104528283,936.2980607981002,822.9257165484593,81.91440998151977,30.78995837580937,1708.787472184519,1989.701246868618,962.0643700284658,583.9903040346485,1729.929397054977,314.57072957832924,691.5093432210856,1171.2848713155715,989.0856738720012,1650.7828661185995,815.9505299622634,873.548441678665,1880.117834915123,1169.7862649192957,1365.273793926816,733.6507920248363,1134.6576335630423,1823.7510831141449,248.43813927286126,1121.8961138558527,1121.4880690825908,520.6536461049816,1689.1063110698062,1691.6121094910193,1721.4675108142667,527.7999406107344,839.2048049071655,1731.4372569780194,1945.8114382337862,1438.7169016036744,1112.0561522022786,193.8493550374687,972.1514959245364,1826.3362565823422,308.084114607994,1621.9854580112135,540.6778173915969,1961.1849780982886,1361.4603101500163,1724.607528869337,1486.6174229600501,474.8148096482123,1588.02635688706,205.92637487887637,630.3337708169721,1412.5724320040035,1067.7722994789851,110.24503569885735,1174.146946398589,171.67453990592665,1754.4164284856408,1234.5833605016546,1407.9387752417592,977.4347797350305,29.596345825390355,1745.9650409526696,1115.5828354515993,293.2417702904694,111.15589416338696,547.6124102173247,249.13680786917823,1272.7413572468022,873.9966702477955,1618.252914163261,1060.080392864953,1118.3673341796007,1977.8777486057131,1508.9326035903737,30.277276604392306,1187.5927570949068,128.02123470119233,1516.3095269353785,177.13317624133904,1602.0560489234028,1944.6415762033691,328.9005025962854,134.28345103567108,12.134784458670953,913.1913255505857,845.7461187935708,1344.8146994186936,1338.3055574145637,1623.1050160508248,765.4573640769316,1578.5274426710728,1672.3030988872679,148.81407016733266,910.6945599176906,658.2330622168779,845.2046568551199,448.87689430536597,1399.997850618831,251.16252769727103,1875.294794540987,1490.9294469216547,1467.1202186817861,666.3876230285895,1413.4249066298494,1292.1358047542553,1529.481112646813,143.63101218850406,247.8246367822204,1249.039127677764,1557.8007864444785,1343.0212450596855,1869.8175099317643,224.61214624847656,303.94438648293675,997.6006911869108,1294.508291314288,1060.5161402887775,865.3460575008489,508.291471651929,1500.30339358166,1846.5024830224686,886.9327467857416,1112.6704163980364,1397.7025244655267,1244.0041076846046,1471.1874029626638,1786.3971404805684,1549.2469796611251,1385.1591578825323,192.22532233337776,1542.580601292465,890.1265670833811,618.6928246387165,1008.7993468934368,1682.8307736871725,668.0144436157042,1904.399157114342,819.5752987267538,776.9878633830668,1711.6676729847613,264.18612278081827,162.1880507746197,1162.1734315657998,1677.0551083346256,1340.1669472158585,1799.9016818434045,1628.7935447370594,252.06426172518016,755.7192529992928,1182.2977904970926,360.28089752867095,1120.3842795062058,1803.092766712735,827.4311656340218,1153.9506398104202,1667.2547644588774,536.774793949304,1953.9759180986446,878.7636571645684,384.28281449699324,1441.4328508096983,1929.892987208091,415.15469528434204,610.0919260716181,1871.1243603576447,1783.3002566092089,921.4795188119296,88.38777688437848,588.8050463666535,738.0663410950918,1162.953291202409,1578.3922510533482,1762.5773063265926,178.69098996971266,490.2417684645215,1923.9579410613273,517.366027751636,1150.0658359684421,1696.0973107727607,333.9890896849271,1086.8096748773494
long-conventional,0.025521173915763917,-38777.752327395836,1682.5306262534166,455.95270143868623,1267.2796421142732,81.78565359322286,968.4297790208653,1190.950183615645,292.16957629738295,83.13898036274354,1651.9495842339436,1847.3135160297402,304.0533971228733,782.4612146523306,1183.934167378032,1262.5087710590617,1546.864002772054,499.33652621335585,950.8419380911959,1569.4175305528834,1298.8858654559856,67.24686090907936,254.10538728490144,1201.5658103582714,1736.299031227591,779.7823753761224,303.81383835044625,657.3141912287322,959.0989926894041,1924.1088853817073,894.9275690687584,528.491326421783,1768.7388955814295,1583.8123507020043,52.512139161854456,1070.6270705783538,578.6109894882981,1933.8082868276788,1578.3663671309434,760.2592968698431,1175.2703574857146,910.4096639292507,1548.552652812973,1331.0508022610368,1115.138083422619,1642.7878540118609,71.98287421156375,1677.8423167559563,1050.4799842546056,1265.0361223896782,941.5966498516829,1555.6061077905727,1618.6584004172728,1727.696690057476,736.3761994033568,477.93792102398004,1603.5106266062458,1047.8510084019458,1528.3926505335062,1461.9663756450366,1708.0763964409828,1890.6048990637205,442.05876632125006,1225.262017945317,28.012402562640702,1387.1800630327434,1731.1460065836552,114.16376810723324,414.16693878003156,1518.7063394628658,884.3563207550343,226.93990025542024,744.9835613454607,756.1885216459575,344.2703200316997,171.78564142933243,376.9310839201461,49.00796549305583,543.3008259982961,112.59017945261456,1441.6294587102134,53.304340939255844,1758.3572011674082,1383.3865679073647,1867.2305507677963,363.1385020969122,1608.7422570843464,1187.3262095631908,11.025716107513551,999.8917418270474,919.4920016021359,509.1388292579388,1476.585355620951,1110.8085279869558,1745.7582864123324,949.8699621784896,1132.7915273840003,75.0946348245151,1741.1577679611307,627.3698180975165,1624.9470390260615,787.3671116090508,283.5595328947489,29.872249003600146,822.2733878535336,362.9617900528526,1865.4066221700223,1498.7475518296023,346.3459706500227,1628.782182443626,830.5122445861438,1194.5641706496624,1677.3817893491655,1622.171350886351,614.3114511759046,349.9479947732498,60.90627616180997,1809.938212534093,773.2294706759267,233.52155338740002,952.8374234032842,96.74202174594289,751.8804056573163,232.55335877251306,278.9405059478915,1649.2406241808983,841.4765457839657,680.6489595941913,623.5203744915661,913.1308204543965,89.6267588691556,488.8233506003776,1749.3261904208553,688.5584360416118,1775.0451391014824,458.9836730924904,993.4961649548775,1511.7319492304441,564.0656722039927,992.2029024454981,239.14710506152258,1203.4229827178715,186.8350629298915,1226.059952926744,1236.7662867579618,1851.3589721693631,20.579311211881087,656.038810833986,1675.6575045799389,529.4863878853191,661.4110801479897,1464.3339927538534,847.5741473913847,234.65591750302886,505.49299261890644,958.1898470685363,1652.2706480589688,632.1864903482488,1109.5715531178,8.245201905154538,1516.2603032286397,7.179532151778528,1011.8890892876369,1827.6912760047858,186.2142616755842,1946.141422922661,1665.576759835122,19.557369334467314,268.9614149194667,1667.5366300975556,894.2261736573756,1227.84318795132,962.4103800070451,48.41801380112124,436.30799745967664,1371.0696854594983,1719.9648089806158,1052.9168609490318,147.86399135442682,664.4264170523613,1433.512771564583,1775.6595820982404,214.45382179613327,328.2533480275675,1065.3911290924034,1350.34201059539,1037.3469454961814,109.85914409807394,643.7103591730071,218.85283469810017,935.5424294182187,1707.1693038840097,836.935878709523,76.32517217088429,1862.9409918205854,1724.1829736832601,1150.3302464558499,1971.7898499260932,1302.7250973513667,1067.1050543699737,799.6239111622149,1252.209675850516,1839.0613332642063,415.690774032728,1920.4360168581852,180.99347332825243,809.6234863039896,388.1846389929939,1053.2703306252733,1441.909885932536,426.7668887396331,199.63791370344333,276.06730499898526,170.98947380679292,1023.1087898442823,76.68466645017108,1623.4525309270946,1144.969761978718,1214.9685970387634,1827.7631068400683,1973.0284824942703,978.3437793179368,1846.2903554691475,1499.4438178657351,1836.1994079547069,1.8843673810339021,1960.7025459737602,1365.0283435744464,1165.243999185788,1574.1191364331214,1552.0432078616118,261.7208046782134,1557.490867880238,1506.3525450426912,883.5276595211484,1138.0511218828137,1938.1751447115244,645.9247729642723,1688.2729856148187,58.27811658883299,1791.7914121384474,1942.4769119672187,1984.471644747424,871.9574709794599,354.30270689631357,1489.7996104109252,1332.095846559535,525.6371357945474,494.7481252190542,1252.744237049722,1408.3033515773661,222.3502211537608,1329.1345658240343,1660.0079459046335,254.3919953554593,985.832325010198,1185.0334761618044,1422.8418242757075,1970.8779486048295,151.8150036311429,693.6814566686465,295.0432294548343,855.8329429538381,1500.2615889940812,1887.370945529785,531.2457005031577,454.8771028838518,1514.839339048947,1790.8259074841483,137.1185792990543,338.69199229271794,1552.0283550482834,979.8696056435332,771.9405170173426,1725.522190927759,637.1833693915743,421.47575513646325,1601.5074617113535,479.6067083967959,1656.624203156929
long-conventional,0.02241384341809627,-42654.304229801906,476.97273635594473,851.7644721935291,253.98132035154242,1982.5430601824842,1109.0494372762016,1154.6983982146426,427.90941863784957,1103.2655906523244,1282.3830413683436,1344.320438153694,1393.2694975668815,1486.180413787523,982.150002277141,868.36394309594,721.9630405123597,1514.4486954042934,1461.6948498334443,1178.887353273829,602.2219264639375,726.781917162097,1933.0488749459037,1927.8863364921513,1737.9646955302828,533.9902785034755,1398.5459827712002,218.52952750179148,774.807336590329,482.190954915004,452.6133859295779,54.17846916735172,1139.6113369421266,532.0361137010949,1410.0276315761066,38.36440397477544,570.2004718809816,729.2967224301354,81.09043086321024,70.12558925259546,426.9031175116348,363.90592918095336,234.40202035930542,734.273563097751,778.4725504280747,1000.5600157136114,273.93501986374093,698.3276609774028,1323.9723769674915,1154.830961630201,722.6528626487645,164.99955746162937,593.1567613998856,304.25858741005715,1274.0232420492155,1250.9904072012814,1376.488522168492,113.61429770950863,563.856023513692,1070.3930637464455,1577.8963658302816,1724.1393601501004,201.6205311112155,684.5538131415542,1815.7575452776668,612.7203012185868,1026.2630733960864,1963.2314715067978,1507.6813318506445,1930.6683653703308,1705.8433499504802,802.7291267945305,1527.5565087786279,1643.8366039389061,1047.7028253329536,1072.064610666557,546.1504224786646,445.9366165152273,64.76423697686344,1061.7511213048367,1920.5041603178208,987.6313761807241,1054.6847177383468,1672.8560638891115,1642.8260309131615,1624.5155692022252,1903.1180737521047,1111.4518066504938,852.904844397648,1154.9892275895643,1545.6737768495145,1730.4492985963752,89.34640696061712,1046.2635588460855,1319.1692944826373,1306.7514449469268,739.4279164167133,1113.4920278035902,80.09012125733409,1260.7984641945307,1742.5018208425556,768.8542594123347,153.4544092439989,54.32193296499968,1204.0349375850649,1680.3274528738527,1274.5588859891548,394.5094464506219,1835.2555571102248,573.5604812198848,774.4760237387326,702.8501077823923,920.6945996777879,597.7753403307757,723.6255775882556,1939.9558606369235,14.779174057537668,1560.0749873500745,1195.6772339794886,203.54787792019584,466.73813125335255,753.1240170176557,1861.219187426262,485.0706945130338,1989.011371256639,961.2340489027586,58.36251023961927,1906.396137581992,1792.6601468612191,781.6782852902865,1892.3690842910464,18.53254201164954,866.0593489078885,702.2508164099081,1956.7738115127659,1300.922214604034,1969.6562629876526,938.6656499287257,1445.6093213507893,1578.5874276988807,845.5402472544579,664.4995273613046,284.28043245183613,341.69677596899436,177.73032515933772,266.03997049818275,1663.383228694522,410.5961290743604,72.27504423944302,1484.4368549576598,551.3771842805669,824.4761889896835,85.0282489242874,140.6254163083842,94.67252210324467,846.2234723077758,1368.0214139227396,1424.293236342724,1382.7387576827648,1351.908731881579,817.977821347475,309.7146944192419,445.3833028034932,1546.469245352895,312.78156876341416,155.00279503873082,1142.2342431651482,1159.1439803870699,1284.0067530733127,1471.8585855753074,549.2080846357061,708.6925007467848,1631.9760018071024,1163.828402588194,278.4646506922728,1036.1084899770406,886.24540412763,475.7514030039285,228.0632958792024,1802.1645352053533,1738.883673354293,1814.311099547346,840.2653307541927,404.21023148086425,962.3834818774536,176.41943072790082,363.4587951676419,62.29976722994989,944.3444593659005,786.2331223405546,1907.7713965740172,552.0863161171734,1058.8795127348235,1377.7410844418278,1315.0263954532895,1226.480771980509,196.60021443327003,177.7852391011756,52.39815541469605,1326.9156573456414,1612.211524698233,618.312903035617,1426.041834233905,1817.7059668276002,919.0617363932482,867.6251507675439,1683.6160327321456,353.54603471615064,221.80558041377353,878.5504213653072,1844.1003004102922,492.36632218078773,1614.7198570035414,214.45677006108886,1257.2686580626457,403.949630283178,28.942851716235253,733.9395336690832,1123.8104143420965,957.7323592071215,1104.3581146865195,808.1339141591867,1756.2906692916251,1316.007401797285,1839.0711053873326,1187.3991306801415,1708.9950667216833,1033.6036122138976,1980.077795183269,448.36798431153454,273.0634009047031,322.8586844451804,1298.025312717759,708.8710415599792,1101.56017073336,1531.8941678652002,1689.790196024004,741.1501126522846,1038.5420724811083,714.0490023903179,478.21861614991735,1637.4620444237905,362.388774417825,1714.3879328549724,112.5136517173293,436.09640851594895,1488.0787456059136,1167.8987744355604,20.241587235716754,1115.7188278984506,993.6243344138851,890.1548513975767,1619.25475628841,86.90919430896373,813.9982038493507,1020.2071027905067,1486.5547292547699,1935.5355823016803,105.81221175165894,284.0720759550673,56.18416690684268,744.6190854823955,336.18916053588373,942.8306069785203,1737.663304467256,322.91078076469825,995.1294012565485,1102.8979118309023,1920.3387528744734,1813.049684212282,550.1906867068462,1165.126274430192,1046.0306688704027,1323.2566446554572,786.4666446654627,1689.529357191733,274.98380717603055,1211.8960761563253,115.07475079932341,1613.5616540839737,155.72951467551573,799.6610053721398,510.7519912699803
long-conventional,0.025255101000478675,-32623.69245845281,1329.523810860423,38.23175336165647,902.7080757472431,1271.5577592103805,430.81561144016644,459.8567972550137,1700.2243751981637,219.14728519290432,1394.7485046447684,953.4318334015175,1518.5409631026894,745.5467595219533,1530.0899048970525,49.427282439185056,832.943281227567,88.63563684562088,672.5608660271217,1165.6409690400844,418.10529280560604,1320.3136483981398,837.6986084623712,1715.7479311030952,1957.7608683414594,1815.1056641561408,697.083697472483,1339.3658213469193,1970.8751464610323,886.9547928699188,1480.7453220891114,1005.5985747492715,256.6990833366484,1906.8711063943451,1529.271390622582,1422.3394823817484,490.32621330462774,972.6682091897392,1959.2977500259622,372.5698920079695,763.4724015045347,465.9203008226683,1032.3763274730038,1977.8339731440942,1925.3243282302328,632.6774631219221,32.29037555589341,1359.8240716499738,866.5545010766606,667.0990212606972,1524.2185360024882,1282.0340005725996,256.5150875770187,828.5518602894799,1895.7297977613666,75.94491168556391,109.91181036167634,1816.7828941149153,1035.3817947196105,1428.8758819894601,876.4368242761761,1922.5260045243983,1194.6382814346698,676.0100372813653,414.40463477078475,755.9732072719975,1032.7342843020444,560.9779391323306,1407.0105119911611,1966.2557879842605,139.00921381845623
long-conventional,0.05399031514853192,-17550.590242227965,298.28713582235457,617.7111061714076,1698.9104792269688,1616.1801962309466,455.7156207121648,1730.4265504400478,713.2554652838885,867.3252300115215,1854.8279339044957,1007.5444875838716,421.6137025718674,525.1900731482061,727.4432630566027,615.7116444759705,1743.273478517434,819.4098571482986,1157.8119043074346,1098.559391215039,1698.825826655824,378.77604315759066,1025.424249804469,282.9136834473009,738.5056211690317,660.9925749230594,1490.369478572528,303.13899873078236,1597.6155534042232,319.2708036173513,593.807466704066,1357.1404659642387,1831.049663739231,1717.9726087884978,824.9489838758534,1092.6831258969562,1216.276632877895,129.10948529368181,728.828638493773,360.0400144188964,1843.1889587315993,469.390421002097,423.0741808451716,1169.9873252834013,121.20645112574104,100.24537115465827,441.08644446396875,302.91076270947525,719.3414528129065,480.56427739891797,8.617263276456175,398.16336523382,822.2791814067172,1283.0941374612264,229.17154925709684,95.45159797016589,1098.1524289468941,1768.3558688019355,904.7975404443877,1375.911756700107,1744.5069737277101,1629.795819396692,408.5303340136045,1049.2691192086243,888.7392511391289,1918.7351063514398,1845.402013841931,1300.8277897966866,1418.8223287518613,489.15596448463526,1038.3219542349027,1036.0542330811588,281.00910902427563,233.54623503821549,684.318824513384,771.1964468714049,481.3659287666539,606.8495245833955,1378.7064133926624,968.891734269485,907.224197393129,1768.7250138618522,598.1657997599563,1266.5022083741546,372.5119303636137,562.3033619397229,48.55534275576605,1894.3235348667797,65.72809993454356,1735.3284020415704,50.45078269807391,1266.0550115777337,1071.6095950822432,846.5056047087912,1199.3723051038057,1361.9224645921963,1813.4756017255036,1453.0575362981856,183.86474591927953,1358.1935373158708,327.10466234338384,1800.8424932185328,1502.8472152565153,117.90780277930308,1293.535297023952,1860.6755438595897,1573.8616728836037,1963.42641460449,838.7745619191987,1881.3820752504128,161.92476721309865,1084.2950728322319,1320.231538385412
long-conventional,0.027114482488430625,-36934.36418368445,1538.821081036948,585.281719704536,1416.8466846766337,527.8108738686716,1239.0863867123187,653.0617032042654,477.3117267259866,1035.7793645375716,252.22432760866832,1591.2890633960042,307.8505969243445,1516.4113207770993,491.94805370366714,1477.9809946769624,621.766303698726,717.9604336730342,1921.0780017397994,578.6551008967826,1167.9476413407967,1591.5624715703075,1316.3639772805093,1468.9486798072562,1098.0640391723978,781.5110810804904,1362.621414226244,549.2709942412149,1597.2078768969222,1757.5774336095067,1342.736250813114,961.7355146836479,1014.1203319824556,323.722523804715,1242.7777385268869,305.94447171924435,1705.7993971608637,54.96709583844655,654.3919332743064,391.47363959237987,124.22631266030936,1292.6466001188521,23.031785955129408,246.52390702062982,1573.7774031259169,941.8058517315006,1746.4657214430672,710.9837954556922,416.7292337034743,1304.154549811952,59.73522304656327,1339.1499054095511,1226.435778549037,1843.9558055935747,1979.8519095587508,111.99071790567922,1474.2136879792306,1668.772848877002,1094.716251369326,651.8435123783329,1776.8178841049616,1179.439857562297,1649.5016320713999,1555.9563527358396,370.4711736072268,436.67971623168955,1973.6483091721466,1577.7023720514765,1872.0221263221665,1112.9903692962023,1246.9359969546927,1956.7065432896038,1277.348023646027,733.5187973181456,227.32620291341513,779.6029096861413,98.79058505441184,1688.3765655371394,1327.2925813198283,350.90807507077176,569.7880197433518,926.3618112056485,600.6914499852987,1575.7068694560442,273.2063549109705,1920.460275421702,422.6710097487027,96.17705762796295,1581.0903732293343,29.80561373258513,642.6645120846973,1133.1591945848302,322.8418688236067,1361.176862141013,763.197869784856,1103.914898121266,334.443485480737,1602.1526406201779,445.3456135062057,573.306253951878,909.3867007458778,1933.8296934995506,401.72775420207853,365.8937117948063,1075.1819293232427,953.6924958459543,1244.2753703263083,363.3326391007225,1173.3864978482845,975.6317308533479,1944.0977708320675,992.2895619226433,1589.622525857375,30.65610926574521,1860.1746814136914,1907.2610436051552,1181.4701375413867,210.26495502684054,1097.484149695748,590.6973366606593,1866.2239657312045,1490.2742901092247,967.4236990343232,1433.0988107298078,1230.666495493249,1377.1139793342027,1092.5611763426105,1390.811263937886,297.1789966609348,1950.9321233623546,157.5370025955125,1491.0692508006855,490.13653974793755,1091.5544371283763,1468.7311153985058,889.3208993810202,1582.8415258201005,839.0804049427862,1940.5548696362166,306.9697865737014,1836.1409100241247,717.9696218063076,1354.5441571767792,440.72782109287533,868.2946474631133,1651.6510620226375,417.8262300675686,66.57473221315442,1648.7416815306794,1532.1122958217923,637.5717822267222,1623.4181043510669,395.5525721640964,1016.0937977792868,1035.979480484137,652.2300171370674,1411.1946391267593,1223.945327106043,1426.8106082631405,764.769392634949,154.37774634707617,1928.3597982637416,123.40611166245282,1644.1337032698154,1591.4485845094548,326.8188639661126,708.0690167079379,1593.555713004526,8.450224372520502,1752.972153839534,677.9170886440771,1727.1801977516063,1305.5321128620171,786.2733684432563,209.1122111584187,439.45410538432793,1318.6389611996092,760.6349649237285,662.6697182284112,549.4959955517514,1593.9620052759874,794.2882742412818,1113.2077489810652,1813.906948065775,1683.9108027400762,1918.4629571439739,1943.7235914811783,376.80830771914185,1748.0108661765235,707.197817511609,569.3362697798302,1432.3948960951761,1963.5542330084697,1469.468273042117,1131.9072315872206,1972.9402206152672,540.3073256621612,1406.2745201204002,732.739430018429,151.44078041272488,1646.0746790578057,122.48532690545304,829.7082516774911,1029.5601932741833,968.0020047663984,1443.0760116955266,285.28954274464576,1765.6454266126516,350.3917810752841,496.6778982711066,1992.1402497020401,15.705626761887688,1782.433022463112,627.0778530207434,631.2347755294015,840.9192086919842,688.4616166940136,1231.229542797441,1070.862499525358,755.7895603948579,894.5459819248216,657.2162481212474,1844.054409402336,658.4379005457209,1106.9545013659413,543.5327930594145,928.4189719439767,504.7789381941602,287.66918519616536,945.8079319468493,73.71681013511429,1113.8047974213193,791.6903390234063,754.6700207571745,1289.1832630548333,1391.5796329002042,1717.2707126480848,639.1735643908554,1732.357372794301,905.0161220423241,1983.9506208583646,1109.8626737275085,564.1605472617382,658.7918836176448,30.528590150152336,808.1529959134906,1680.3158222016355
long-conventional,0.044137840690650965,-20712.0736468711,164.96320137554895,1677.5947848411734,1890.0976699321968,1097.6958806866485,79.58996089690226,73.47317378165808,1199.1981504343908,350.544820862681,502.0558840761558,736.7346103461938,992.752292094889,370.480275171311,415.0346246428615,1458.8093913396553,1914.754074031095,1197.983754972846,511.9176311645542,1112.900403184502,449.2907345406046,17.93837904223149,1366.4690252189705,1328.110481848544,327.79845476455006,1350.454076944406,1404.3883494119461,295.53160480421184,958.5793741363989,1677.9203880596203,808.6306743341794,1914.2091693394875,1779.1830087728924,1474.0066499113568,322.0271673410863,1808.4647130200578,390.59265491878955,1527.7103246541567,1047.2629672210624,563.3394866379052,221.0175412622008,571.259424921607,1198.665290910457,1085.2471283936975,262.61147976214517,895.043260717846,159.02661420001937,950.1316255092004,1932.430844584718,1497.7602613349477,1119.5004536669417,986.5798373611898,437.0472260762917,1065.9411187463597,1011.1664440302637,1626.3954867973687,255.3711045395352,140.09582680830226,5.0910839955740474,934.726960741331,457.2212490406164,1972.0870053430067,1974.3660496168814,1912.138892454966,771.5716168063101,1453.2657502374627,1435.6999543892748,29.12363776076918,910.5062320374968,32.97855704095377,1837.9460708218755,1770.6732326157883,661.3101328334023,414.2203627166271,875.6695949293237,849.9395146213201,158.93538738513985,871.3469586867471,967.0860100704382,1380.0766349557352,834.5943252681521,1633.0913598976003,122.55440544936035,834.5308273730368,1684.5959993616798,1787.8318222354321,1288.3907267209338,1759.9305629734708,418.2229266635866,586.0998452518767,1600.4597465820166,1144.9087698214885,963.364414229273,837.4109994336468,1889.827343487181,528.1003262127023,1825.7733052221452,67.16678301831195,865.6173744118802,1719.2501665899656,36.378786947461755,1029.5832106668925,1178.7550923794956,1998.163361477241,60.70376442624654,636.4330390065111,719.4300910444135,440.11107640865913,1817.8246876565747,989.4762358513315,1224.0266916982446,712.7175680797538,911.4729637002995,1449.905052291238,865.888763591549,691.4083638366142,1745.7511685812592,693.0907722283852,1673.6304073560025,176.5657831853873,408.5783381606885,318.99856224141433,1894.1845609059128,237.34296797343106,1817.4487858586695,1840.02588212972,1363.8343553605373,701.2800047187967,1066.9668891659658,564.5856357210504,996.826844511608,1739.0562833888741,546.685888862522,888.0620581178481,1832.7764746971102,1705.8010993304692,264.1665533437186,395.7889026034855,1674.9857500801434,1921.6992038062035,676.3708852090341,64.58089384976549,1263.601961263154,1818.2653788747862,284.5633301238663,631.1233342801348,1084.2150964960524,1011.4410791249954,123.58658901473297,1639.2283782266497,1738.1034769976018,300.1761492926907,1990.2594334566718,1473.917972998403,863.979451199206,1564.3430122140896,1446.92904815401,1096.0244504735338,1966.0995571191143,1093.6705006880509,1581.090060602607,1499.6101252355263,921.0710116753361,1994.8079885065727,417.97177030468487,1503.9452037319975,82.07941802519491,1474.3592760826748,897.2528535412923,1815.7331927190432,102.74589321129565,1425.1438584023988,1148.9826922811928,974.7403841685087,1910.0593651164634,890.5720894756395,1719.7548409923463,1160.5924362301232,898.8676014939108,1237.0888925017755,897.3692937257032,1595.02808587639,1053.4727195474588,460.44767929315384,629.6689767878248,63.33901949653516,426.34153011647385,1675.761000277211,492.7626267560195,1679.0960962758109,644.059647198503,1762.5050290743254,771.2070481531274,1788.2063022728487,1510.1119699052922,727.5667429902979,564.5678808799662,1639.8581221565466,1321.303568365304,592.5805244675531,1972.1268075409002,1319.2748980502006,1790.1157491627423,172.80879720499829,1690.1616959051046,558.2082714088648,687.4683370782634,474.2772674842144,1772.5374436102552,1710.5610282692119,67.5455582739584,258.3772625293921,142.92237166920137,627.3701735019986,882.6401017082844,149.7988322266358,956.6500028398037,1251.3592013988,1607.670846924289,880.8674417573227,1382.7821596901506,511.6941939852253,341.7788263797455,11.184805159572246,225.23065153146104,1565.282269894539,305.26283492366906,1164.6701440032741,1812.0163178606174,471.11623210595315,879.815094476043,572.9862537719822,1096.6192885783414,1713.1146988616738,1137.4559678348112,1431.9307167561901,1662.3900611542806,1707.455681413674,1974.4228292659902,1959.3149870867824,366.3842582171462,1794.0442645154294,863.7123272379783,1332.4463248731442
long-conventional,0.1128849959943794,-9269.765226267591,326.62285893077376,262.8311738844794,1053.6504730124248,1857.287624632968,1194.7846562001205,1876.0402086785514,1577.7370659929659,1173.3293374616844,1685.1948592093631,1229.9496216749394,1357.3522463170261,216.34465613044333,306.0997170152481,786.7210263757147,1284.729948209267,1462.5271613593213,154.68222931670783,784.7462144609044,1308.7591507719667,50.38927133179526,986.7216248293873,1716.4429168533513,277.6907877267944,338.2386935100694,1636.3914270623613,1185.5615626202807,1914.2482771378857,752.383950844211,827.7528866138207,1838.4415606218276,1438.9843019529328,1603.2806986400908,1451.2975966007284,1244.936358837684,1751.2744975338137,397.58925589563427,1933.5360473443466,1671.3788225185742,1428.8352930583085,415.38709903110873,1975.0368110546144,222.74437806811864,548.8115120989388,1643.0605051750986,1575.4368378453855,1731.93257497644,1170.2828136932703,926.8069393895291,442.56619180667775,407.8612002142587,643.2816302415887,1575.9726692135885,978.5216091709382,1498.7785478732692,1963.9465181277728,1661.1107166515835,348.83243724166226,5.6998103214192595,1675.2838692348178,1156.3542263411366,104.26749935736855,1135.870920814139,928.1561391251904,1796.7434189606386,1122.9945971348923,943.9286236351394,1037.3484694720019,1474.6474885487128,483.4161370351034,1407.9372203164799,1110.03074887377,1340.3489883833342,1911.0731113281502,1781.579431828948,648.389003010503,432.849224768055,682.0422904788713,1330.876300690069,893.7524599458483,1246.5475785442807,1980.2919027650416,1676.4074159290105,403.3678673529154,491.16214112964235,1575.922592340003,942.9934276836682,772.4978960915762,1724.1247905435828,28.101634001467865,823.4782190977985,1428.5467775880243,1664.1954604277441,1768.87473062347,1611.9704194562169,1883.9727093169886,1711.3920613454318,1438.1393086005044,1617.18021734128,1810.7260258719657,204.06867237517474,1710.2409468338637,558.1626171182605,937.5328971763098,572.7838050093494,363.80346043126883,381.40787356132324,1782.6209824496946,864.6936566312136,1162.3575362144256,1401.6288752468158,760.3418695121538,705.0511948847163,232.85048784435926,1603.9012042862869,345.6549996019961,1182.90192468287,1195.3644281846261,378.8476242066767,1233.9136309002154,167.34187522264617,968.0474912975847,1105.674967869646,173.3072641839448,1943.678686745878,192.9374621868154,1763.9809322307317,1112.3887566407784,80.43207770775052,1691.752426788211,609.0638065353153,1316.6768961591881,308.6814785287524,594.8362594346964,1654.738544712054,767.044277398457,347.8034169517378,483.15380356276904,1182.9042878498515,1837.4335728679216,1828.5821611721963,761.0848275030519,1246.8593153472993,992.0546817031623,1005.6257193946407,1625.44140241909,1174.7668607324815,469.0907505793376,456.92586298930013,303.0568004935748,982.9399893041291,1124.6303993513613,231.32259488761696,1996.010440285344,1410.7348708907264,984.6729726132269,1089.8363466217068,739.9985325015134,1135.126064318177,1109.7777154611526,1330.475437056801,1431.263364094042,1446.0356025290891,430.1336495345254,482.90903685362997,1936.054744743629,1902.6503090269093,1946.5133599058424,242.2897254716174,181.792371243888,809.9991913884103,1915.326494286547,900.0708643458302,440.94376624470357,1299.5589162507433,533.7516182636066,984.9900925738799,634.677276934262,1198.7665743905031,1661.6622893973308,348.74823270916403,1001.1812229739382,559.7120231245938,1735.6163916855853,1751.855703966796,630.8528454791581,507.03840749780375,466.77221386304194,1232.776939678342,317.0468207344828,316.2522384401907,539.7276856813608,1000.8177587936784,140.5285849543358,1918.541392155187,1722.7952354037038,1174.1057573290666,1908.9161051527315,156.3998801168702,1474.0658497190066,1206.6383575947618,1343.360087425284,1678.1620880675002,164.55089879868518,275.77911630372364,1344.851574325078,117.00216334368399,873.3906748724463,1723.720064483007,1136.801631452036,314.80239038744185,1752.0149279516827,858.0415395984281,1718.2246540603244,443.69048076735675,1475.726743454058,411.0481386128941,1425.1469656983359,662.4826854355157,1242.8593712016234,391.2043683224785,1535.0950199295107,1280.8485182089096
long-conventional,0.04829458753284821,-22168.297580430295,615.2788607502666,1020.1049636301486,1346.7877157828466,1347.0063059092972,356.90187190076165,1756.930657733151,1995.7688378446705,1758.6737249476962,322.1067040645447,1237.7102100936675,1307.2979737813844,745.6732707269464,364.3076501268749,74.52079202545768,1314.3002372975443,250.20482936661594,1826.9835237529687,511.509449836054,1509.5148042591006,1865.3047075449542,1823.019867138927,1611.6342414762103,909.6970610062933,1104.7342310325798,684.9174685139689,599.2396428644959,332.04359909300587,1793.048563326465,1504.8664764410926,1843.581853135035,1649.4594646199746,1570.2469512749956,1257.7493678358933,1409.1038042125808,256.0228243135138,701.9855422337359,1604.436930227814,17.42038558816946,1456.475301661963,1749.8063147299083,442.9533888363144,427.86572522831517,687.1883373351435,1481.2940864795448,419.229399051804,93.1238089717492,871.7176726177482,279.2289060130876,707.2702536231328,678.5359604667425,428.4920384246912,1697.0747272329686,1952.0906792474993,524.8130836023532,1690.5589680498442,344.6373720296894,550.804465384273,832.1989972927023,934.1773792498864,1558.3876071646066,12.63984792773118,1087.0498777023847,934.1863619020116,1047.483349022771,1246.693337704488,49.30536852246772,201.15422336759457,1703.3467292236405,384.4729083577242,262.46995400175655,1135.258407546223,1613.0165605511108,1114.8509045312182,1678.0670206038756,1932.053151799564,111.0475296964226,923.2192473835879,1088.8990106380961,872.6702091447842,1299.2403026546951,1643.6667751248074,1050.5038284009838,48.459885374647605,320.30216679359756,899.1256307370523,1219.413470635006,545.0361748567472,1468.0140366573805,834.9349720906075,767.8760248966316,931.7553789123726,1574.3828960874898,1757.610578671976,274.305537398992,1073.426842520805,768.9715127257532,772.2524414872936,1891.490764937271,1380.4353090400996,142.39286231305772,1388.1287508005262,1513.0158048768842,154.20347938713684,156.39694379502512,1333.1644450485317,1868.566539782546,1294.2182735768872,94.13221710848906,745.0989515080848,1551.9612187002433,1693.5553376802598,1647.4235772781,621.0774588269966,951.1397087980233,1193.9586447166362,139.65387296786378,554.3382776936305,1338.7941303600342,1424.2132299186599,823.8564223326564,345.1263015342649,940.956682150695,627.9298443829088,1332.0241576056785,325.1574994828901,567.4256800907714,1663.9412362989815,1162.1491429287637,62.086771155644456,313.48882946027084,1922.5880805962254,1993.4870833593166,888.7379928886247,1627.5959609633442,1005.6671456600733,1651.7827621624917,287.40197366526553,1277.5410399761602,135.84527112381235,254.25435002741057,1673.718590480967,1071.4757118886916,443.95970800572786,138.61054526197742,1342.9662294241925,323.63159500661277,13.57136205578503,966.2758975194599,232.42495736374224,397.88854883065903,1335.6882221811713,1863.4339864509398,1344.4991792213607,1974.4444113039428,642.0379001780855,631.0188959551632,207.94376368220503,289.5714110319413,609.137261377905,875.2560909906674,461.9006284051468,1519.9565990252752,335.5065539143598,1958.4117386301198,1967.440427356159,1208.5998678177662,1459.971435128991,650.4051535674726,199.31777245118633,911.6809941982592,1898.745217303919,516.0637416278373,1154.4922367279523,1199.9235603798302,849.6501451655025,777.2131919000228,1458.1736489487068,745.1182887363333,1473.9626171396424,1128.4082892640643,1143.4711550146353,614.8641075290406,1279.9795119880944,1061.9159529610088,1750.054068917952,1697.703904518242,733.2481961610583,505.32627790800586,975.8958583233908,1970.9132951726554,742.8779374232574,1030.2696527153184,757.4864784276912,98.88720492456574,414.25446723542603,1059.0249985842759,1133.808398884884,49.9723373273347,18.291114133490403,745.5829761988581,958.5438265707127,1969.657221279349,1605.6181746689206,1666.6178365549915,388.5151923594713,1543.7594794421636,1125.3545852954662,283.9841774673335,1084.1303748470805,275.2047434969364,323.5374506952348,854.1388500400105,802.1278859311439,131.15103160606745,282.6128616585176,780.2921385652221,610.6477127190067,1416.5116182064876,1828.6556622227033,660.1858093369444,871.3300276575584
long-conventional,0.05003965703301172,-21050.373085013147,1656.1549211210506,701.3788527708607,1990.9416822910284,1754.2503146658867,1719.3967212687323,1392.9858180753342,1283.3443200342901,1380.3404620473364,156.39690422767293,943.3630198792217,1585.949835065748,382.1462625779427,1614.6917531859842,240.6908235159142,1373.5152329931327,168.5687215796827,426.7447992567652,462.6378566451306,813.0981788112861,1333.031609471699,1524.8043169306316,1372.0948152952046,1228.6871370393246,156.71063419946876,745.5479409475056,243.85826264609665,1422.8426434924047,826.4227466208654,24.65756198122979,1778.3062911671518,1185.8645739244587,717.9412599762026,1252.3022589545171,132.30758634354365,1197.9137761411607,233.35168163954924,777.3160826136855,294.4872767887105,1038.327555243699,858.6783131229913,1044.2431433504835,1097.7626735885187,1020.8761488374407,1043.663143400767,468.0006228657188,526.7587324595215,1314.913959238334,1107.4446239981557,982.6886659285783,607.1808821580311,120.38178304244498,346.80876396082,746.8720973454684,1075.4025275277602,1071.0474893362202,1020.7745659609024,852.3776119625303,1337.452805778355,1598.8293696283433,907.5873162993998,1273.7627874761263,627.6851031904711,204.40018945725853,1036.3150398273901,1705.0661879444558,1006.303201696968,693.5059530336654,870.4282412121676,1908.005124023398,1558.2349220572123,434.57967964321057,1547.4926648647788,100.57930710031056,1898.9145950627824,843.7496439674529,596.9671291237228,732.5506584693072,30.474480052041017,1346.1926992478504,874.4177288378676,369.6448208669659,582.5914968237165,267.02162584843774,833.742852266226,1427.7221205279493,638.0942264293217,729.2671873923115,245.83146956500127,944.0187903328217,1623.0793449214782,1767.1765429971394,1786.9153866466645,1041.253828276855,1871.2512667549731,151.99362160303804,1313.5628953141177,773.6827365987227,1518.225385382524,596.1386646657472,1202.8499360082028,1091.8929032736735,252.8809596607527,183.1882093278184,1845.2172157584907,1306.0136228070244,1009.5682793031597,1156.1925324170936,1848.2372940915336,615.4410074448925,1313.5917705068518,131.93314085801543,906.7343302377809,1882.5995686101157
long-conventional,0.0318346411799153,-27439.76438346211,949.4736213251412,752.5690340750119,855.5063656514719,677.5935071389143,1367.6541886249568,1962.0790801039914,1597.3147278500785,459.28677120730254,1053.8589386342876,404.23072223937527,123.08323268529536,307.7295827511813,986.7068656470525,885.5279789713069,1142.957144088556,1220.9510799253726,1453.7535813940033,1137.3065853893197,147.5876371942504,911.0532632534378,59.12460692454816,1493.4926523311717,1770.7824381677437,235.90805651615037,1081.8553955492143,808.1664972281958,1551.4506075191794,1777.3153764525787,1024.4162008987475,1337.750227819431,492.15489602408985,265.1294157561149,13.709749660080083,1391.001060216478,271.3257848104538,1197.5716428220135,600.2190753507925,347.6902216902413,878.005401104098,545.9302484476855,1280.3074676136205,324.1006275887671,466.65426588261283,314.34466818103755,1537.859340695339,364.5212021240009,1013.2328456807352,530.038091862927,1287.0635158995096,1625.1283299494958,533.688864774588,1743.285338099452,909.6525330675813,623.1719577118362,312.4359273905318,287.2269227736418,810.1122755077636,1039.5378291513691,361.6764163376424,534.4484426255231,1299.1652468305833,1843.2122012411403,1356.5568813692466,953.472394736244,1729.3358733048196,323.4482559406892,740.6815683269065,1519.2560279618183,991.3127670908938,708.597397921169,601.2717970335341,1474.1317535323956,373.6217229343815,756.460006711663,234.78263580353624,912.7298933444928,1546.912153388372,728.8761637290501,537.2674055083729,1815.2516991676869,457.61682814462546,1920.0391279122202,1254.8210675003863,1014.6894687318058,1409.4159734283558,335.8552906071972,1211.2608216939973,1928.309190759422,669.9929462136125,1324.5262669297872,665.8263153208604,694.1060965978614,309.0950776573525,1358.2915940168575,169.8735714622781,1172.4601731316095,1204.6492207346882,1282.4732343463556,1600.8868952428074,917.3826889825755,445.61231394139423
long-conventional,0.07544447075065874,-11196.67379958513,1558.585088707213,350.68038772109105,149.86536468056028,1807.1412684808404,744.1046144185298,379.5175914425978,394.3966037420532,468.5813935811979,671.5378305632587,988.3531632153605,343.6343489659756,175.6782407822967,1337.7702048847189,1692.1106501773277,232.60264408260412,816.9401241354261,195.2095843583105,1730.0091986741636,626.8305550353224,915.954133835097,1326.2122716726326,1050.3882785302856,317.2219814835411,1814.3615015647438,1577.587965390655,506.7202606739538,805.1159836202906,1199.1871095353085,892.8235969747475,83.38615121711415,1063.98629518048,1890.231441873899,92.9572670166445,1886.563891854942,1743.788859165335,1557.9062848189249,1058.9830872394161,120.44337122773044,1724.6722764347594,681.1236746797479,1011.1774248813049,1824.1056446418547,1976.3124892818767,139.99633608275172,937.867950664509,364.4756945686489,1256.0031668252116,1855.5902467790438,735.5020112772553,1283.6428037881096,717.638953757263,1229.7568921376972,270.1488289520449,794.2029531326125,1592.7890768696277,1926.961376749102,208.29485543449584,1658.769191184294,1361.108524912856,1848.4122136504823,159.93095368202896,1222.7948712485413,774.2894594814154,176.40384150335214,1138.0643812812102,1498.3947593084715,266.87078058126673,814.1025902051897,819.4317325693363,1751.6411191293903,130.89747809579708,497.80091647758206,800.4110528613255,1668.9705526274279,1596.9133691979353,1051.581614881704,194.7098652929025,591.0617568793782,1426.4066136606245,1173.380380837881,143.58801917858295,1556.3731362176406,1938.969558218979,546.7108895531826,1815.6489755741804,192.74618736269463,1514.8600741510106,15.16052773712203,970.20341713938,655.6303189766916,1887.730596410187,566.25929618805,1808.998922071278,828.0304025475245,1860.4101871024598,675.5672687240597,847.6896866836681,1041.7289303416098,1118.8903511368508,1855.468326281092,1294.6525329537885,792.6805286710904
long-conventional,0.04116679597330353,-28185.191534817055,1591.1407827526502,1722.7832964026854,714.1561992281353,1788.8045448056769,1456.4216162375012,630.9063895750643,1525.9001764147135,1852.356379327143,262.5944627100919,869.3141437911493,1762.4882773356053,410.04744338849554,1773.3975869930791,1041.8678377176373,1680.0235019192028,401.90551823250286,1107.9426070970896,528.2029924530598,197.90162967596262,1860.2179899496566,1655.663494468208,278.3802980814484,214.85348605057015,919.6997795958182,1336.437599383116,1429.2506443285708,309.1705328967983,265.84423124586385,1468.0144271752024,1485.219647943716,814.8949538999708,1309.9159316294847,1144.4503433211587,1972.7062327990113,1964.8798156991913,940.8210138144905,431.42370416870943,566.7809470652198,956.3480028896091,1859.9157935172145,472.0681282099309,1536.800864243585,1015.2859206182601,719.8047104180494,1691.380469797802,1986.886143834573,1581.8188634310002,1921.194359739904,1643.8302239754105,1707.638754603121,813.2707863061271,1358.0326169344705,619.8942089052068,231.50979111698987,236.99902182786477,919.0653714916613,1458.698226907031,969.7697913059224,323.48462027581206,302.258374214372,1343.5504223887588,1830.7692375368583,1127.106120368383,1943.6849337558072,1530.8800909160468,1480.6082564048663,1879.6567657807116,1941.896132354329,1963.0218111011588,1801.7598921278525,1526.781231692605,1347.8240061729798,361.4596590513956,1562.9213505189593,1543.8384709035554,1285.1539861036615,1008.8025484192347,1392.8945853541259,1249.027117059003,1217.378683520156,1010.2351229912045,1455.2488935968577,804.3463525385537,1077.2481566881852,1967.7143590953735,1593.2845477128242,1754.0578907706047,1977.9588753661815,1533.51446323643,1396.987876927281,163.74502721866983,352.8719285479576,1041.1224359995967,1780.6705873592389,53.70437870199443,558.4082813905962,912.9327792750659,1387.295635045656,815.2302650395155,1401.8974806382753,1720.6759556258596,1785.4302559193534,156.48630993967717,317.05514247594584,1644.3578027762169,604.0478714895759,1818.255378604877,110.95678768981188,444.656981518984,1991.4586469262713,470.50986048606063,758.8912696653485,1682.418481809783,1645.3657379995632,1791.9643591529075,710.6321769981904,726.4696748270028,865.5107162956884,1417.5483450538288,345.0701549621612,282.80944633357075,1191.4293822078464,647.038049584781,1867.9299697835688,1405.071467756351,136.1995530589908,57.668706352834405,1989.3645635462312,1889.726034046048,82.57607219293627,1198.3146110418086,1383.2012526221636,124.58464698965865,290.7998243083983,755.5855285372987,231.10228259382887,196.90948321508336,293.498318653655,1414.913712369326,138.81202685721385,1874.4459102730905,1183.1317597205043,195.6962272059723,942.2108394292615,1998.3529617475047,585.4582506440072,825.326147981767,1865.987164365562,1694.7766554161526,1384.6150882501415,850.8305955193481,1497.6038903876,790.9307918329844,298.1525437900228,700.6077260497797,1972.5132001070565,548.0039860950567,717.2651853917208,1982.615140195786,1140.2421512607873,867.2270595785144,788.5692845892128,1133.204664257014,377.2532476337596,354.3735495474959,810.4710991786452,222.805969504696,978.6008770067729,120.7861426197805,751.1949264638982,62.89925561539816,32.274521921023094,1660.6342161863452,1439.5722622065898,1702.939744519857,818.8627991860958,1337.8633005828558,831.9195351317499,986.2607256227193,1633.1331229762486,1665.5707902556771,802.6061135930896,614.9490144052503,1008.4292871973672,1852.3765531346253,196.3434142092222,966.5317075323682,1494.9636424383948,1229.3837635576187,415.5517937283689,1220.66551859032,5.430799430902251,692.8683011414469,1157.0875775326806,940.4811461722943,1247.1947278084813,686.3400264168622,812.160928135424,1153.5288229433784,424.16147634175644,363.9893851743852,411.17817638234345,939.423264924673
long-conventional,0.05101189469591483,-20958.887882839095,349.14406823087813,36.870101308170696,1407.760406035312,1581.7473819005613,743.4705293202396,80.83228862624924,1734.2427745568064,1579.3421009753295,298.43953956307115,1851.0836083294907,1735.6727051887822,1527.5672137698512,1701.8899667306664,1668.4959162863163,1937.8993661029845,295.534880517665,40.25294444130511,1850.4811703418627,1295.4761251061004,1675.9204468347036,970.2899308415773,395.4294362352993,1516.598110511016,31.764484131035335,779.7757184660568,645.8916966238047,1602.2862392507418,690.4114168214959,1213.6232380942959,1643.2700478261834,1974.3333684320257,696.6024516250023,1018.8039481836004,1060.8551098471467,490.85643952857004,1292.3050918106558,932.1861662036358,1028.1486424719774,768.2919706415012,1393.3227254459491,342.1595188598593,1881.191892408415,888.2015934916914,1745.8649210328692,484.3327113577907,1962.0800017128627,1908.4743879563432,1303.6847341418738,647.7040880525172,553.3571485146292,2.8434419875269503,650.1778496814461,308.0542212977593,609.6315305699467,24.867588855318907,124.69010176562206,1101.4629352190257,423.4487323289055,1907.9468274112576,1747.733405975379,1823.0378139476381,1031.4580907364941,1450.711318479008,1196.2911448968443,1806.6737665870132,1301.9274581390853,1278.1101439099473,1341.2800376005298,209.73157066372272,1772.8868986067757,1097.5237709316164,1339.8967944114802,1668.8285598327432,1864.6863888367889,649.9118487640726,1838.491231542592,1109.4137147033182,1254.6725142488792,1709.0786901741412,1435.9275558026543,1840.1073148771127,227.09342442163737,151.1511584169457,1763.3199548398022,1491.5503251583598,478.11754109395986,1899.5346962168899,110.76201412835177,1000.1581388318282,1528.5536570214083,686.9306756457813,214.13042251811507,1302.445959943495,1057.2119733626298,1540.4914597577786,1716.2960659006683,1995.4507908769654,966.928347430989,990.3872890892222,539.3426126662479,760.9861092718234,317.9626558433333,1471.4195332283653,607.1499294412384,484.61714174780946,783.5642869009291,691.5036643155989,689.5581648149324,1151.8609573500246,734.8679607160683,1979.1894867403541,1436.1100416472148,1352.0536438627037,29.342698694339013,217.46159222360492,544.3043786524748,1881.3531317420363,759.8169340802124,413.0947002526758,1824.7252109741673,400.5184101131637,1911.6091903300744,1477.7991046734444,206.40875235777025,919.3070626832613,416.4078678103623,709.9767477170273,1085.511755604742,711.9198326345812,1154.287888034738,1291.994407621001,497.3012554344946,619.1346783198652,1599.233807932799,975.7580973337382,1141.973438206286,1.410224301784527,408.40724604462537,592.6499438110769,503.2176161041512,1141.5398713926143,1325.5756664857295,1959.9421982412841,1783.6068139956974,224.8158522596078,1667.6085167595338,1202.779411394503,545.3248848705331,1643.527317115785,1568.6634252791828,1392.116648193934,1564.8388069089501,533.4389182765175,1065.7203827203182,1032.4047232100993,1355.8439974526584,1306.1907663619013,936.9367485864407,183.6587913485214,1934.8078539524608,1835.8920150933207,1845.229652793483,138.48330941937445,1753.9967914108165,1280.4182533678634,1322.1366568766803,1294.198287535303,1286.7707447361752,1587.66716120409,1296.4702958190474,316.70490087631833,541.1301268805433,1839.2820173980206,734.0254559338197,1712.7409994283726,1474.1140942946063,1194.7706237950413,1194.0167595907628,1374.848051630509,1004.4394281643304,1588.2331589537498,1175.7313670508468,1876.7545898299852,1379.7333073556013,1647.2446922211302,1737.0898003202149,1975.3946230443655,121.93416788585135,1193.5940990950007,1023.1557470462058,729.7210896548924,1934.7517503474778,392.0505669833254,1644.9530817566313,694.3434972055061,947.7287177169566,732.86267531078,1693.4602920188668,1082.3449868167463,632.7424820660721,1164.4052573264264,605.425291749993,641.1547999494733,809.467409086603,1540.940716360434,1283.885442468259,1973.202013769877,489.0309669166731,1202.3822484898335,537.3972832661854,635.6590787813491,365.0910847525367,1300.9715583987775,1734.13887725085,30.60057700270446,826.3475363188462,1910.7508362545723,173.6891583189271,943.8588162575237,1471.40791809177,444.68293930159774,972.9268940810265,1499.0419340227006,966.1653906586564,505.16294700865603,995.1518729960802,1119.80251409607,1873.7979607648508
long-conventional,0.05006146856085447,-20985.17829916916,1266.4883658060244,1757.4291005628322,124.53185509278634,195.0708098890885,1657.0888198102882,866.4189914469641,1739.4089962456992,1597.3127758391956,404.60762754042673,1808.241814954655,1923.1810277897696,420.02420954869655,664.959195343545,30.73690764198087,972.7047312457777,1353.515035688798,562.4845837818641,1201.3341579509324,1485.6979735670302,95.6320010750691,1037.8161247277735,1978.9326217833395,1075.2703718557923,94.36277739691661,439.98194203565174,126.60494989004968,1462.833354037974,1795.4753366951275,1427.6051006364933,947.835090096452,1082.5155558527847,613.30075245248,1643.4509279823749,1579.058877583328,1510.645434345709,1519.0693976737707,1047.1677227488497,923.4567640819397,237.41432198029526,1457.950845595232,82.91515633297749,1719.8020273856473,1698.079024220786,53.679968728757515,1888.3868744503973,1448.46950359179,684.2599195651694,1159.743915826049,1513.2482975182618,1798.3988365625344,698.0735871358957,1720.620841867096,529.8335259552073,552.7316306605029,821.8900242876591,1634.821893257863,621.691930103312,1596.118786208745,733.50488524838,1731.8956146330133,1131.7284769876187,1443.4986784092537,454.9170572452732,1017.9220348788616,473.67075673713504,977.6426306843418,584.0460095026332,1567.2100005933062,221.15007152912102,1179.9735420123195,1612.8840645764728,956.6373089813163,98.84905097254286,573.1284928766736,1525.002678150329,1507.8136037347394,25.395391615467357,1490.6761139308164,1587.7791288467567,814.9203749775401,666.2506571878637,457.26504068586877,1182.2874442613354,1493.7502912139726,1656.2016420069617,1523.4324804234507,732.4263870139466,499.06456222850176,1441.5248448242435,1142.9097094862545,407.2590506939177,1695.7468523896598,874.070292881158,271.35915478569103,442.1420665614917,1155.490292383521,702.2024673568895,698.8282910703672,1944.8938181845135,1819.560480954192,410.06646136581895,1181.3132219910024,1999.8961222627693,1216.8405760233923,643.3484228743571,3.2460742354746714,640.1654632282489,1200.1056276627176,1434.8450908625762,53.737173622441034,1077.9290249534806,1113.61421152236,1173.3399668702045,739.854544678866,1491.9922456750946,586.4591853911965,1312.317999412475,1409.181952213909,1271.3885652524893,336.24725805120744,59.58249458216734,807.9443235423698,1297.5844230801576,716.003770670233,134.61936922568438,56.98553194249507,637.8010768922541,560.7141587559179,1491.1059695926417,1208.1964664961777,1135.2498035745414,1200.9019465278443,1814.0904309415553,1535.8080421753175,1514.409676896537,798.2727237977815,1764.7106749443344,424.73202463229023,196.20587351215073,777.3638362271366,200.74818790238476,1857.9963451471056,673.6745330158707,94.05901519514948,320.08625860906596,172.23613084358212,421.2371378898956,634.9385308027737,1283.495128179634,220.40750498245237,1998.7023793959263,432.2927916013757,1173.587000711588,1669.5002042939416,122.22792699212472,1932.0342127496358,1617.9989608836163,1733.5540426494413,1556.8472271911971,726.782942130624,929.9925618081191,376.21966009003864,1547.2147433615778,1286.822513045778,1162.791827640133,1799.6559082012784,81.92239007455608,111.7851615265755,1419.28774447971,1643.8676030346185,1856.503898773002,611.5846814900318,1206.554788521885,1047.0372412057595,959.4969954168342,1322.9296101799762,1262.5715566499734,886.336953768397,1083.6403580711979,1607.4019316893564,534.867633530249,748.4717565571409,1148.9999749869728,858.2189665012421,215.53632749199159,959.149495186872,96.74972286818333,1851.2490034331618,744.9472580022796,897.786184828501,502.65124813627347,999.7503403427223,1075.8349519422113,2.5346479237845116,687.6564001570313,1661.3474455209998,235.16569516378135,535.1972892104682,1173.7647165805256,1803.8593854326716,1080.9800135118599,1978.546452601581,1383.7524095941296,1073.4857836610836,1262.131184531511,155.12148140384193,1000.421395252919,515.9492142347405,25.79642319899161,478.9569830613907,145.61635992443868,1130.592537665981,1404.2682954578063,697.7150430187371,230.38129427051427,1116.7333784333396,1985.3117140933693,640.2866204771533,307.94131408716424,1065.9878742036308,76.4664397496997,1439.180480947762,1334.821780179303,1470.7966033470263,1790.307143532565,1362.3560508305966,392.3368795512408,1298.278179897444,628.2653777238394,476.7527231263639,1178.4148955346427,1318.841800494483,1326.2548310599477,1872.4902266850177,800.5519028252423,1237.7451512551306,1371.9902154582142,389.9560304078983,1378.5248021836583,1199.8531640654091,1877.899260032775,42.481815390039465,850.873841850098,308.57504351871,1077.845414101852,280.6063006539161,1249.7113003704033,1697.8590184356287,449.88845283526985,398.2019915023731,1396.6340591724481,1876.4126867746115,1360.4176533168534,795.8507213577677,26.07839153783474,746.4840644544452,918.6145986433223,172.0201116850384,586.198069674265,780.3972685867914,1842.0697954406892,1302.45116857397,238.1675151923911,830.9403679728229,637.000277699315,1539.0261776410628,1197.824502081439,134.82516031508663,1159.0654906030675,143.8461027173485,994.4655239473025,1284.9665409017946,1034.7813423477737,31.02899274792351,292.28258028114175,1711.3217318972938,1723.2672141766946,505.55640056334056,495.960505973381,448.30587403696524,894.67375581008,579.0735307579889,1856.4866247908865,827.3206469445254,1212.557087673446,471.45152798683455,1863.041035121102,1397.675914966445,1345.344229999166,1358.1206811659486,1241.1933822934775,195.33888789507924,1999.443185988345,366.46455501292843,1907.321261558675,101.73591801639401,1780.8872739211552,1739.0980973454296,1591.7776382917941,299.8043326050838,1257.368167208134,238.07894077769774,2.8831016296291647,686.645348839408,1679.805476601569,993.3373419028038,1145.601661284824,1752.3671715594623,39.152382238725735,457.29397671974306,111.38682241894422,993.6827652191121,1051.2654221788853,744.7438783436354,1958.3647665588576,1569.4010674672256,574.6387315615958,987.2099892471945,1972.7364239927244,653.9131596472735,186.8472900649997,343.4404642280303,1825.961198987774,103.20146536091258,1736.3423489908764,1083.1184584825617,1408.719698929853,1257.7437716117715,107.39070564545018,286.8537410031398,728.8359247332327,1186.3383354437585,410.65811036443324,225.25956422985718,787.2750768712585,1739.3083173098398,1515.5728235289716,483.5094675854863,267.3675196823,9.657170359140698,1705.6629608472351,540.5836230598793,742.1010341314266,1867.1398656996064,141.9890282036082,742.0242293459098,1788.1173639103997,1868.5025028016146,67.70088014207002,321.3946693047395,1417.8163548824507,1737.655362774744,676.1659848248976,1608.7345602348307,1256.8740548984558,829.2034932506806,1540.0989421212682,1475.7687374295713,1688.568061336541,685.5986209248167,1547.1087228793826,1244.5458965444548,1942.3152614903695,478.70716837422947,103.78560167977757,1732.6249591769154,609.1434160083311,1606.890889865758,1268.2237479721991
long-conventional,0.024546665152697322,-39826.77595009431,201.82352012795747,851.0145782494101,142.03438602093638,1703.0266671367117,166.19675919784893,1804.569191605061,1698.3246769556192,1219.6649710946099,64.42423910739413,1383.4040689305766,1542.1028518741468,997.1228348841885,158.87628132330357,896.898227004088,1243.8870618079043,1118.0253823043886,909.3743793887413,1792.8739464451417,821.8880847283566,984.1509615113866,354.8093036772336,1019.7938464336816,1878.6339518697562,775.3902196258554,570.2699780003048,1568.8737397048242,1657.3222834716412,330.08843142336036,1553.7996097722942,507.71478213624016,485.1040288421262,413.57005854622895,337.6099569918252,93.16025703989871,1733.663304663416,1689.934508405344,1173.8223847745262,1848.0026744294908,1421.9281801578989,1023.7730410114458,1998.3014859283564,339.2759595344951,1688.8156362282223,765.1482930836414,1143.5610906760508,1690.330984097949,180.0502045964597,97.55977133534023,1589.0349927553566,1883.3729000979304,1716.2431769163481,1820.7292324665239,1559.0483643938435,888.6594142278148,528.7913319888194,876.353111440482,1418.0131287750926,100.06707589679266,250.85119930339616,1280.1009229461556,842.5281482371684,1260.3222224335002,841.621061075217,1404.9402480633514,1841.48720266483,1662.6373197874036,988.2469543196547,1461.846070518717,159.43924045561354,1575.0929101619854,204.30582658254622,1887.5925394318926,174.97758974572704,457.3243428534736,19.248494625226897,1222.945266229826,941.9766626320387,277.88387963125825,1046.140107953809,126.94219664508852,444.52151808380063,732.602024397108,565.6338403729065,1912.9827299026442,83.02213979972892,338.7519417290254,1927.8968321768234,1714.5270087494248,1653.6329108830278,1392.5474831251636,565.0250086434554,1726.3377560792028,1514.219774547001,53.18290411982373,636.5738756016614,1764.3407333749508,1475.6948264784562,342.495330664593,303.3148317624846,1068.5550611000624,1659.3245619815464,588.5855246166719,1461.0629208358473,1780.6638664233162,400.4206822412747,816.8439687971689,1271.9946481738107,1596.1917418016487,1468.935646263627,1443.2810579875063,554.8916706486931,878.9554964098431,1969.1411010230056,1621.6982404753808,1491.339609881464,1549.874472782028,258.01129844809674,1214.9878894182798,1367.8407932298169,1537.9029894489624,813.7329640421929,476.129947911488,496.69412742791684,1837.8051264716535,1535.3895773098616,324.92876309893836,101.0767594436498,1185.367046992421,1267.7374532696642,218.90720174432357,1191.8527824053494,975.385553623089,1206.6623525061364,830.5451348615078,1064.9392750304037,24.02905746050937,1884.7469813878654,1089.0532949351739,881.8846602286848,1820.3268734580574,882.3342628057969,299.3671729908456,1461.0379613359628
long-conventional,0.02269309018535659,-45581.92789033777,1816.831705343455,1028.364184804275,118.70022778640407,403.45815263947185,1657.8936786350625,1901.1802714049657,1754.6533737628677,140.84495691777548,343.55925747713,1715.2078915460388,1702.8583896062553,1490.8007076206554,471.02370400934853,844.2662364332633,1616.4172104750537,897.4804947151822,1225.6376213640874,1790.8885736369161,1019.0844507018992,1258.084981653366,111.40503177823507,1635.680578050561,577.0921768685497,1894.3119658490205,1054.2162074710914,939.9666394128265,1255.7431621523376,162.6137809488224,351.3022955887417,114.86997427939154,1885.285254688133,1686.5249728143117,1536.2928805111128,733.2040397524311,488.2966702856187,15.529772804897771,1351.6290089085264,832.060571894526,841.7740354139765,103.63025310280152,1087.6422796279783,1288.1710181309852,1186.2156522822186,729.2189565953992,977.8091453052475,1622.3675094382024,1332.253849363811,693.4084110987825,548.9601104042326,1142.4366171372376,876.172271473899,1476.4898001210793,1971.8606221554487,1213.4044231112234,1452.8374725032893,843.3820671212789,638.2590855336164,395.7883119716702,813.7375822306159,236.78014154702188,1391.2913902612238,1165.4314344766733,677.4773855558964,498.05698807027034,146.4620560264462,1770.372299509832,1284.6748487946888,1919.982600676159,20.93201917332771,325.09992738691835,1329.366481402501,1840.770924264283,557.4081036790891,899.3646355291713,668.1155601518979,455.22944551261315,1314.0220253294547,1720.7424475187602,1294.564973927902,507.6821884529808,677.5812409526925,360.0103903756987,402.2871314614291,800.614073180502,1006.0730511550198,358.9566102266593,834.7459561029788,341.8196903572583,612.6597628671152,397.58289786591274,1962.84634649795,1852.2146722391108,1675.4095486695887,234.36915831283451,1270.532585061622,1434.1100200363467,504.78721348892077,886.5799100274393,1013.4073390629857,1625.4502982591598,499.37777225112944,563.6664517385072,1556.8559180006112,1699.5106704098944,1882.6963495248056,1451.01197104548,962.3297983539346,1545.3542577950777,375.9083042661861,903.1624255342895,74.87009768400857,1313.0439635921716,1010.6241152880486,790.9911420287732,1952.188075414319,664.6233826267929,1133.8263264250684,799.271415181444,1892.369652716899,577.4248800585355,1901.1088807223848,458.9763780333095,1163.8588631157077,1638.7082519144772,1342.466252578478,1712.4094221049565,1460.448364332996,634.8282844014544,1751.7508521707086,522.136140427251,282.15379790554914,254.33211590826153,1116.5574520303069,896.1496853615059,1605.5086679214348,109.46054209969648,1445.705790548236,1836.2460696267306,1418.552633847868,1835.944014218036,4.742201330073927,563.7310510619914,1915.5996723300061,272.3762838852898,1459.472850366972,1084.0852766407297,811.1433265181113,807.0604153735258,1895.8961835638506,1595.5466470184952,709.4044393833941,96.05438486997144,312.0113734388346,1660.8438512619546,1568.6016103123488,1694.4538252144039,1086.8697278427262,1494.216329249289,1063.620346318924,569.5856041539973,443.44842921421434,269.4698312909027,537.9083057553831,178.92676778363403,961.3066763910072,791.4355599610398,894.4568210369222,1691.0948187006527,1004.5612727683452,1087.0953813795318,1284.6696116730855,1349.3086963473154,252.8990679500714,1907.657788870688,1769.6583993542463,182.5754875002264,1230.9104435354984,127.88022902462515,1009.1723081570116,1743.7790748015677,1946.699257805524,1770.838005712768,1685.394556826537,773.4833202784532,941.0255907603159,825.8852185649488,3.667599958625901,320.46771760586995,1810.833789620079,1074.581883887465,465.8421888722311,1656.4652108755347,1145.2659769548138,292.51384628893544,205.00430542502352,1466.5422404734668,1755.0511072668653,1605.1005741562155,1041.5062725749556,455.2128425396289,872.8983419032373,420.3899175424566,1268.6364196852855,1474.935009446819,578.8051125682673,553.7381660854202,81.81978271716956,514.0664816311904,893.6203959543275,695.4188567864201,1753.6787892999707,423.2977137291768,449.69422271956876,626.3478002390901,807.824936702421,739.590739911647,963.7066359667659,282.04679661429077,417.53968098485507,1626.7845594561397,672.9847680069859,578.6211326640296,1975.7375979611074,1547.471753814074,1188.6313085037457,995.527545214492,1647.8644868044432,1155.6214335648635,175.56459944051323,476.7330113126575,1579.5674760855586,1145.847179754282,1485.086622373577,1115.3011773959897,1148.0610887371342,1668.8767697015564,1926.5022015428533,460.4302941639395,1759.3227387186132,1224.3530376954461,357.11673379156235,352.4978235551663,781.4408159927394,1996.5002270199052,183.55561180691305,1031.2310387228633,1226.8354586749872,726.6177254774674,652.810765276126,1955.2368333628845,234.34295174752614,481.5374889996556,1810.3637082497225,57.922220909656815,643.9539175009991,553.3841969257705,922.7232513787724,1861.4209934699254,904.6107848945267,809.7034930106223,1634.2766257735448,904.1606554776287,1219.8347102683722,162.42606088098967,211.44998881409148,1252.1938571610588,278.6429155569557,1835.6689304747176,361.0742210868687,373.95442356542827,387.81446577851335,443.71667447446026,1811.5929896372975,66.36747226218885,594.5993920663778,1710.742777508863,939.5817643473036,379.67235540484586,1387.2390772811373,1422.4239297711242,1517.4999634523454,1160.6640648686096,1696.1884434510632,265.9198534857357,1495.1772042819657,442.80526762328475,704.4881224752465,1241.0316517103015,131.93680567006274,695.3313871427573,739.5566779687002,119.43911015887365,630.0358609495688,700.1832109716325,171.88331237445087,640.5579317144566,1781.344901351084,299.87950369148075,1056.0259383844582,78.05965227013694,1468.3142695252711,1653.469158591365,327.4618429965901,403.7362940583091,922.4224028387309,487.29895568413957,30.640996535420985,1294.820497165794,959.3157528450774,264.9626188035325,1084.4420277813035,388.26550497503496,1904.5067555911864,1584.5795190966944,898.8053833662412,776.031195840623,154.9816769310757,81.94855438541609,390.4900293238458,1167.682120720805,1452.490876016887,874.4523596103903,1088.4663603396411,501.09855527821736,1233.1910947665301,1082.23839629419,706.6102166678013,638.4496810968801,213.01085741890302,207.05265702504292,1765.0286661835157,1315.7447019802635,1320.1391711937981,1900.1019642173521,607.0688925024127,1004.2358284184087,693.4333716731929,48.724905696539494,766.7401166751957,247.0807117927887,599.3982075147502,283.8200930211679,151.86000287629903,1619.1038129042763,898.1908344613887,1015.1015890824415,1153.2197851927904,1926.0989775903208,1176.4587754552235,1651.5543841239225,124.1074888103002,7.1630185701264235,288.44013126494474,1778.7427229311622,1447.3569209728616,298.0503414688396,1876.6684273372907,1909.0840580968168,12.097435057525598,1894.7418285564759,825.7898387420287,232.04958402224509,158.8197084883517,572.1293485463561,1214.082822100872,1868.925812146312,1156.2733396444776,1635.8510227095787,646.6735602126712,1154.6856394918532,1142.2824934103255,1090.820105337021,1303.869151095615,1853.6521035775108,400.9176049765607,1913.0554875149478,348.55405085629894,1243.8369539352057,58.52513750745315,1180.9757130733035,545.5295568062734,7.020702986249422,624.2872690864889,1815.8919966393303,1724.3760325035694,428.4619401037978,1246.7597998934161,358.18978507230526,1100.952703998407
long-conventional,0.026275478069246905,-37824.981661765654,1448.9101365948168,519.9369534603883,1466.9821839678561,999.2090593330182,942.6423878353405,666.9087111523179,373.4187971681778,87.72909466798848,1822.1272284070615,1204.3876109116811,1290.3843562639972,426.2171224646382,1015.1431586256066,1505.8555218611225,198.54945445366693,1277.4070949981608,1516.72558803142,163.4562156969225,1711.0759957591172,1395.4206182633725,1608.2103396364935,1159.5678854475848,1563.8864857070396,1412.1768390650795,1427.009181764322,1585.3965752816403,1268.113152764085,570.1435841937631,32.85895420234584,349.2003021960726,1389.4504847169353,1281.2031896178348,600.1676779283998,395.34729056770965,362.3978827682478,285.6295376035166,1374.3551277839263,1471.855176666795,1376.8216585569724,1190.860762717583,1830.6981185172674,1182.5014277262544,1476.9524086726021,327.60003741639133,1588.6047159675236,663.8422757439498,1824.2932553015573,1150.5756339159204,1539.2820888514163,206.67560861711027,301.2445859442677,1644.9121527633208,1827.6981630640598,1413.162588586881,251.3210128564647,1970.6137540980735,779.2864610648116,787.1423850624178,1365.6255267348745,1222.4938472510232,1993.2056192083207,570.2741624906117,249.21632178791086,189.57279847795414,130.80897323362572,1803.7251056564642,1278.784336839068,750.3594347564783,1652.378138297067,1626.444755047943,120.31352795089653,1669.5556414308442,29.031544188216944,1173.7559573529663,1485.0837078924712,1035.376053763383,850.8120384416602,1345.8832141716114,871.7199113843051,7.801751955311063,623.3296526240212,1217.031912031506,491.26011196255496,470.16496959201635,320.90953352614514,359.4790494970796,841.1226608228205,1563.6468908199638,94.03360196907592,960.9698716592748,214.69819876869013,1632.5394840252377,176.675796167176,1882.1409840202432,754.7243562576366,1632.9916552676464,643.396016219383,437.85020026212567,370.0597675871369,234.84816965021125,1282.0748494093823,156.83192275495082,35.97624116493148,611.0649281073707,20.93430587963053,1122.0512474606503,398.4544759292264,1490.2046336492544,1611.0402079485639,494.191077734908,1822.4532355758158,451.11858684309533,784.046319880214,1847.1173262190036,436.4640366242274,133.7410706732407,1853.349489943755,962.9805821487732,524.636375029775,1330.591758589709,1408.1159176423976,197.04213916658074,1829.29366051409,103.14768878900902,1959.0432407615685,336.6642768464128,575.6617285037419,1507.7442542046995,114.0169006493038,748.1595113000419,1346.023400441633,151.07955344208077,1536.5014691866195,367.06529908391803,453.53323942190644,7.545395713217213,1989.6272024579957,369.14023207154304,1047.2564030667118,1600.35814964867,415.9393417473476,1594.377303223211,1001.1132326349089,422.53296739718337,69.835734924098,1454.358493310133,1182.5451784435522,1189.5137214527317,285.88267238686825,153.06574089806193,1201.159009235387,1093.0137654332516,1883.432280957638,1944.4296392215717,1155.1276432824288
long-conventional,0.031730946342290345,-33234.676440705975,1337.0459542919928,770.6620048409839,1059.8493164519132,362.7397338403824,28.897737112679604,1545.9035604591045,1710.7332756690464,1787.8073882972215,400.7724372154644,1554.1505135640605,49.595830025125316,906.9246244074363,197.60772997901378,460.1313185502973,1721.8184440795196,763.8839301895173,1256.4069555057108,1519.551399901319,826.6722359669905,797.8577329029981,1802.0513299847662,1537.67961403102,1492.7865418534063,99.30559164125646,1467.1777718571068,1456.7629662158733,1576.1492657914591,691.1985841315285,894.1238785630745,932.2072862201316,1967.8089768394482,1981.075092454886,1987.37638053021,293.8391035529694,33.64642343767975,1500.0570424617156,585.8614936439793,1861.7737955538898,1912.5497459642293,1107.8816041212592,1818.8869625951647,1151.076608898569,732.4963617721148,1900.3507088598722,185.96561138561432,1210.9976504290428,1391.1993170566357,1451.309339897884,916.5914884142436,371.57179779086096,86.06176457528899,927.2900592869221,33.670330459161136,1901.4410355636649,1798.6291520701354,1038.9623874713081,293.7819129647229,168.0394526711638,1605.6791093725496,914.9645429796899,955.4571192836032,1997.4364389680975,136.0374779869477,1836.837486026191,1226.410093362758,1238.6178396836826,768.9219970160333,269.06437832079735,65.44335326087412,1339.0272911769373,1400.2821929774818,1342.508411941872,116.70685712445741,1820.4309606711984,1698.598450208537,1756.0828812671077,1040.2545395085222,612.1809843977841,246.321702281448,1600.5792872288819,1986.7268249243423,423.9583041518666,1882.7631003466079,359.56862019506354,1228.261267362462,1237.4587694628535,861.2413106681935,1653.5819112252332,1558.461682119639,851.4746426313203,1770.967282566018,1376.8751411065223,1271.1350803428275,1226.9758905800506,1703.2117998447136,1799.7868257139485,199.0050214021789,1544.7762109095943,937.1054665493009,586.8855512281913,946.2482457838802,1885.6459574393105,315.7913811252089,837.2621949303347,1764.1045058577001,1981.3313091443054,693.7585372133472,1006.3168978807513,691.8758355802473,169.0495470405157,790.7831572706696,1260.4964504708325,904.0640226900206,1197.349251211421,1947.7509703882197,1583.6491020197313,375.07263368329075,1816.313998665011,21.863298782515173,507.4406408627067,401.10310247836077,231.5280751074989,1993.9850429653366,879.9779647160674,1779.4586176726887,1334.9115402271739,657.8760616007066,1536.3473262649109,1814.2460392057283,1042.7134741674265,38.14637813561238,448.2759642257898,1697.7175528592134,496.11552990171094,1277.03502630407,1924.3720080293215,929.3685748031113,1656.0643725684506,1491.7070682891506,1276.6924023562253,1914.0313258774756,1768.571185824139,1230.804829784701,244.07261089057596,219.56881942747987,300.6588681931874,290.76572501498185,1091.4416997862452,1005.1647484003989,1452.9399333420295,1814.4870014121768,1554.6985890300994,112.67424656516786,1804.468031024029
long-conventional,0.3697778862986194,-2901.7840844987013,1702.3255791884276,1142.0305232887142,23.348006857837962,430.5847672445238,881.8013401436036,1696.8613608892556,936.7276363513491,1704.2667354883577,352.6582924368248,1901.6737571907354,1715.1392182745997,757.0560831888123,1219.0489004246901,1081.2339095964835,439.9263516058055,965.21445933062,991.5509386780153,697.3186222619305,1983.9064253075717,1973.0427198018585,867.0451742411931,931.3465925101935,1525.9987100929145,98.02703390418344,1521.926275821092,67.25182849407986,1801.7730005023986,1814.025356575569,981.8579161280132,185.92070519217947,656.1589288283745,984.1445964665398,741.7614017888159,828.4184787553597,1208.4469008401693,1811.0322817275678,1760.7635048105221,133.05938769018644,1206.0578613513287,117.69805016700556,1438.8256340559092,580.0733652309793,1872.5059229512372,1630.5699228164979,1744.1450530514692,346.7175284038415,1455.5694988313417,53.08720297208934,1710.4124000884478,394.91473212139556,923.284026821055,1089.217249535534,374.60974635330354,1178.5577857282467,696.5831881428818,698.8624843694014,1219.0649265235352,341.29502747842474,1678.52827204156,1734.8823146908496,299.9249799991271,1747.517204653397,1702.5134675706754,854.0031919216162,1300.146236607523,1642.896954633618,1802.2879354359377,1572.9347246768516,1688.2618792456906,1693.8963774868291,1996.6423536737052,662.7590335457476,1846.3258383734137,1181.2179542783538,885.8573609298155,1455.4194872436963,1581.603589603953,7.891686232043217,176.1881931171624,1662.534139794997,1316.6449031385357,154.1628271608045,1179.0022174511364,1869.7890515413064,1168.4938261455488,109.72848430663682
long-conventional,0.05473695868768891,-18194.06135023856,1693.7064853178122,121.83712655033449,1140.0492100869903,1472.3592205105235,1019.9847248977197,538.1252408244568,822.1815170009644,529.8700789606521,330.1659258068009,1652.6210295528938,1153.7371686560177,341.51135123203517,1648.4385228830342,1741.2176879621363,683.630190051936,702.3861253440117,1962.1064749660402,366.21296111008417,1298.5068630813535,1815.4997261535968,546.9129409310931,287.97118675168707,433.67463475836473,1828.638951743969,1297.3879585229583,52.990698353248,1198.7534916221782,1543.165973478264,631.220723897368,1941.9338601687894,769.6429797036463,1079.9203219450717,393.1156941573043,1058.572106019539,10.028145776537775,1023.5596051608396,706.2831724505002,1528.1123178931798,453.88824407777565,1040.3114265161614,1667.8500142950104,713.0179371366455,323.58209828671,1480.196633739455,1430.0707467895347,1086.243838660269,811.0104196362822,1449.5495804028837,1665.906659266347,989.4952012064847,1880.32117760516,1971.0331702460542,1037.7296730030682,205.06195345523696,1098.8522497196498,639.4057487411995,643.1702999983456,119.787499853908,528.3666224086985,1752.7759657422296,1036.2074754611444,937.0647212485881,1854.3731972100736,1033.604569327478,55.48072112947779,669.4553610481805,1189.9955146444513,1251.3283484705612,191.66184992931412,1531.7141390356749,1073.0969242329754,769.8685124840165,757.5745146444555,1816.5818786414757,112.02126086041119,1247.8698171300096,540.5276221107282,1619.994076525113,543.6217062547653,612.9693980034573,683.1744155386472,940.0355481527635,1562.2329814634795,1062.155276855563,373.7073544058536,1400.8210050568812,326.70804040273106,723.9142386173546,586.0271234425434,1515.6201258501687,1877.1803094651757,760.0914498756174,1285.5359851416579,300.4777871103875,1082.1372627392934,1691.4405401773588,1332.855199550331,1849.2391314146357,1648.0787840058408,1022.4198692340308,986.2528754987258,671.3179005206099,1448.41819268373,421.7224315470043,410.444719485509,1849.410681398802,1958.0456529166786,966.9243315154588,906.5066360918726,932.5097028193651,1352.6461896563803,1059.6619974725772,401.60720535919546,1349.913039121266,1144.5830818350485,989.6231919879917,548.5908391326496,670.2046100633595,1917.8072924423832,886.4094363478376,820.309009279179,1827.2550692900663,1227.219158126268,1546.824734937456,994.9758766114502,1804.8908783867462,1345.5373187328314,360.9224543257455,1370.7820546390928,444.73004708413674,1132.8640100992761,1616.662043761861,454.32153415783245,1778.6619225792472,794.0086795904298,1591.9643210245397,504.0580279274746,1393.3004887318789,1120.6473490119702,1150.7676026770157,46.88644361495617,893.4969006690808,1458.6238312983423,688.076763268344,750.3507205068895,1424.9675203115987,333.16202382074994,28.552521665193005,777.9371986827535,830.5411598025571,1515.1290512310045,225.7808167062614,609.8734517287606,288.9268380418884,1846.6936217473303,1736.2173552378742,1360.7905660202641,1282.7243715337877,393.07137368959764,533.4032500659117,821.8387189316174,947.9004237742874,1454.048913968457,1995.9223975710718,1191.511576901761,863.1940352268098,1092.1521734802843,1530.0593138600868,719.4266194003802,1771.505421820288,1950.0954973559212,792.3175243584977,1020.0510752945548,1899.355031813806,1998.525556908714,671.600104159868,1160.2484149607892,1432.9882257575443,1780.2225371092711,520.593563593889,1398.5004439881354,287.22150638854674,1413.2522764049563,1764.595279272582,481.63852065568847,620.6264028675527,683.3158362289267,1254.0375704141338,128.00961490939054,302.5588369288872,1558.2298615290047,278.268973221929,1999.7362007349125,1898.1523722736777,1666.6024831010557,1879.6412943357504,1242.7004612220308,551.1545916588869,627.6484216018176,1939.6775020030213,431.1286372245491,1313.6097979220913,1391.2848696895712,1641.4612513559775,363.23997891462784,679.1864693424369,1827.657673710367,1673.077295883457,738.4324268084061,147.31433321528039,1057.3056492854896,136.0521085068873,1545.6694176896242,970.7760750004416,223.74876297746184,588.3903139423041,1993.281527633736,1381.4938218388997,939.1213480928093,715.1578461962775,1719.5523960559578,1618.5969478302109,1442.0838857309504,251.85789394556198,612.4825873790703,680.7190732514987,766.7071290404319,1654.2918579749555,342.12928652960056,500.3364050974035,1334.6458080054945,694.7388511039925,565.5376975961502,1306.883338473858,1010.8403409322858,509.44238199064415,487.1201841914317,1492.2584587295407,908.3735852138343,207.0648346721718,1661.8111679337258,1007.6842980712651,776.3910564688254,1600.2656026768825,1887.263125186665,423.69033527774945,1078.967848023603,1580.8776841698634,1300.6932541509825,1159.7256683152916,386.66086436772406,1615.1910121822175,941.3572086656035,679.7571830194051,405.189670397965,1119.185549216622,1899.3695930702695,371.3668570633266,1133.1941109527343,1337.9673100203174,949.7874408724354,464.593666781705,1092.9396148283795,719.4075522155163,1714.0536227132736,1027.4961477203408,529.7135863809169,1561.695912003851,1119.9998015680044,1637.624001944502,66.86954107055539,407.9207993592533,364.39739790085196,1207.307241294308,1664.4791359183448,1668.7034404203782,905.0145566737156,864.8933254844817,343.398413504942,1496.0429887790292,899.1229690201016,98.53228424568522,216.34254637603863,537.0382098325692,706.5076473121335,1648.0020446858407,438.98656013824353,1972.1243810330939,1176.6799361430674,782.0680534166372,759.9318198909397,23.64980248523821,1241.1967833471022,943.1828786702297,1257.93673085446,1028.8514513997827,1041.3924580539722,1385.4245634234398,1435.2880939333297,1289.1072016547914,1576.4589238608621,1863.6616274228109,488.91792568457447,1314.6478885584215,1654.4143859903252,903.6956430993166,676.763138325089,962.992931883067,409.6158917814051,1270.6190100509882,716.5458734614286,787.1541036640743,1471.311276096669,341.7490579460738,1908.2770487823507,353.78085898396927,1452.1970652029065,542.162780680489,147.81405954287058,1544.122763866813,1632.9876331978146,1223.8690930373,320.0708314612183,842.9754989902284,1993.87170123424,92.54151223208821,931.9510140914894,1695.505918587623,1242.7888631105855,1556.7976010076125,1321.6816608737772,748.2149866181276,860.2049332058671,1163.1178098592238,1127.6554765795001,1319.9097484366673,808.0158915168006
long-conventional,0.07284328638092274,-15501.078336805072,1437.8094313383608,1603.4331919800875,1504.0344689981782,605.82425556067,1513.846322046813,1132.2400385238402,1900.2490700432688,135.50679898194932,416.61270941298017,419.16449889815,994.9715882687881,1723.6624060862578,1708.1990865234734,944.6081789840503,232.79907226912866,849.8101192464947,1855.1200179059636,179.37753580628734,1845.9903813312928,313.7327176301814,1297.4674011415962,1853.841675868656,1847.1815397294465,243.98143397107347,1247.6061669164737,372.66044231008306,1321.940472924167,553.4763446462799,897.401966456011,1210.3112702927779,1623.4890901134822,1003.6593203477651,896.5743189196795,1636.511132658886,702.7983464925833,1042.3940899752665,1652.828680175356,301.41599220986336,1919.8300096594846,797.2611558170611,1231.0157587374185,950.7507750728619,1801.3059866499232,191.93538209069993,1006.7809979554655,1928.643350686405,1552.283184701491,1468.4548533445559,1698.6322734917048,1904.8568830161519,867.1602136408487,525.3854936949456,1171.9113471563585,678.9828580297293,1844.1503463915335,128.06362109500463,1141.0399551838193,1378.0553113940464,1917.917324697075,411.2823940643253,1114.9447020346117,256.3068070799171,1743.4007432737985,86.92415417218815,1553.7691211665924,1378.63383810668,12.36741517226932,845.3413514680624,840.8479711722963,119.01881473689161,474.9340277044643,188.08745331185577,1072.929046026309,576.5861507818167,1931.4717112604555,1283.4895202851142,1719.4839330030748,1693.4700516046184,693.0986272301548,1703.5281276890923,497.4992842713873,1749.6842402275854,1724.3225482659284,1912.8672265501814,560.9903316955574,1247.4758410387753,814.6497144313018,1303.6969121861719,1290.232005552849,1743.665377883205,391.59631833701155,251.15976629800755,1547.5142931680475,779.7159272352479,697.850439738641,463.35126977008696,560.4122276613674,1790.7221375289819,987.851236312161,1717.5018651639086,524.462817045515,1772.957981716394,111.40175764183684,253.4055267917008,845.1664257674939,1303.6999838651875,77.04420417405547,1041.7989303915274,1904.833028812961,45.53857718216491,538.913650170917,677.4573935930017,1256.2259623564628,1972.092910624125,921.5701943407636,1916.243239552246,1934.7127268443808,634.7078276521827,1987.9828478729298,1147.2057133541593,1460.9121517451506,1488.144323106706,369.6585265344004,502.5979138368232,692.3626775168547,1850.113399470227,1378.9776851763584,148.94323170013868,439.9105029915393,1881.87654622517,1693.898616525974,1372.073399333755,1077.0561549633937,775.7438067814439,540.0025981831532,1668.6049467121027,144.50597180783464,189.0564816080819,844.0333162977075,1315.5159458058026,1277.477956051511,1849.9000477063055,955.6648752308664,763.7733721600197,1147.3892884225406,77.4220799084529,1392.5298353852445,1170.2076764851522,1479.5119664265728,1395.9207734380468,913.6788971287492,1279.9669299355087,1949.5138469562187,1007.5681295431419,1092.8719671908477,304.48900960181254,1811.583500043784,1824.4782194909774,1532.1211026325493,1220.6952250752513,1215.874017640657,1719.4156876862585,171.92758709658074,1870.1625175063623,1029.7805792761906,487.24284404778,1414.621914493279,399.8060930512473,1940.5360126001906,647.1819854759665,920.8267364903436,1747.284659324702,1804.8208239737603,260.33326116862185,1126.9683697400808,456.117592499181,1378.7184645276918,1168.229629742822,561.4397716869784,1188.2587527271944,436.37940464603776,1984.3234677090516,1294.565948271489,1399.5897762031254,721.7916760306381,912.7534892992252,504.7901222866772,1720.154936022889,107.30672523113421,1155.3696062070585,1390.7062689181184,1552.566520784295,569.6978661930733,1668.371751928675,419.5350694991692,327.69778484025665,1897.6336583739433,1750.5319997219033,1518.5420598536916,972.3238873776088,1661.8390802672955,51.71378889152589,656.5120150815976,311.72657000803764,471.00929309679293,843.2665502226757,1705.4294684526747,140.60411844046698,446.2932641877942,934.9364991357329,1065.689204666583,314.9742201725966,352.0350018910131,1276.0033897413753,131.36729919830861,1364.6948854991906,1675.670563185146,910.1113462028533,1977.2094331154374,1436.1618118258468,1834.715481445984,896.8949153024195,1973.1953102513035,845.1416952144899,1493.8337002945643,1107.3548556603344,351.2671139243564,633.0179439809885,1472.0600110120197,1280.6060543009773,936.7491363808813,633.7601846284703,257.2335876560748,261.3244383362677,1798.475794644122,632.9717284719029,620.4910836597394,1472.4993078937005,1938.4382889490835,564.5959014453653,646.9559227359051,234.20264453094464,1608.2321225022974,571.7623091858773,642.4230181291767,918.7222669286077,911.6235936426865,1483.9714716944504,274.1108602494301,207.1599662159712,527.3350294088395,570.537831022341,780.5457117058033,696.4504122015111,1562.0526060475188,221.8421139839392,1213.1146737679016,974.3661507364624,796.3242428862068,276.7297105823233,433.02641884904034,1016.2521548861087,1227.1204560623344,1954.917722578803,1530.4609022788848,904.9809069761739,150.98438993123997,1755.3220009162894,1615.5067218739196,936.0454428506961,609.2824305292137,1486.3829079574964,893.7954406095225,391.69226387585127,425.55920541036033,650.3577344071227,580.9402325975528,1567.7877587308583,1688.840428923677,382.50023800542226,1752.58924200678,1020.1354570986601,54.90147760186895,996.4672705072638,1470.1909033136496,16.62842692935572,870.5910812854132,1860.2366782808315,1471.7184550106824,1451.9751096920083,1926.7372306267896,1372.861226262703,935.4886895082916,1220.6205687678416,800.8569076617907,1915.842673593592,756.8281232395124,1241.9545532961222,1257.916575179173,1495.1625696817277,1187.4455738659553,972.4937547962434,1159.7415030250097,152.72407620495676,944.5627969680947,1335.379234651078,1203.2407559664036,1280.288368263208,22.88149339202815,762.4137124621998,1934.9851408942584,880.6959913352774,960.1886062826724,768.0014794210364,839.2302236320244,1968.9525437784575,1409.3361169648194,1417.2924806473252,1737.5501167309892,1164.9304589436379,282.411048303617,202.90083713613112,1836.7552468636538,722.5158448267199,630.1767196248562,1509.5211315060105,556.277667462449,1876.6596821035064,267.474169006276,235.80382433188464,672.9296745044315
long-conventional,0.04313167987607258,-22837.971936477847,1585.7013937896572,1762.4204293064493,287.85891694403466,12.766167078012579,738.3482113383222,422.0806209001201,851.6718156162982,1546.802389348094,686.4026072222139,7.277953116640778,969.8881270568475,1387.1441714425312,1938.7102301039315,805.7613874480462,1361.772423814433,147.46796485032726,658.3246877734636,667.506770654648,1949.116266303489,975.7882614884184,144.81647753733495,973.318923943434,545.8597291553043,1045.914346697179,1259.5313240922858,254.9766328410416,518.4511910871131,1411.6389469288501,1679.6966285159147,1183.2538985642957,1400.3138680792213,869.4632969362974,1058.580648689018,1563.5684666817333,1544.2337686242329,1792.3785542048886,1283.9237006159697,323.63919770329494,1653.012861119398,915.7634257360047,1713.8978254134527,1386.2660957555117,1877.8246897731185,1208.7808174089248,1204.504216316368,1840.6563987208635,750.35157622049,1916.8917720734134,1867.534050242796,1510.500922394181,88.58380191577793,637.9825060719003,648.4723715276938,29.15135878219162,194.79677433182965,1404.7183844184717,945.1995617669296,972.6022428813085,1022.6563521335577,1350.761113338002,288.67335307729354,1606.622799788189,676.3205262268935,1677.9987643279321,325.96928859899003,1624.9135821615105,1794.2775232692948,1994.1103300230454,421.0891496199372,1611.431497452954,1235.0908779725964,1001.3014012023278,436.8690868877709,552.9200319044122,179.89813541565343,992.8251856974999,1149.5055276086691,472.63264918947294,1447.802682382057,1096.0908632009412,327.21075075123866,1591.9570196799682,527.4283825426086,151.59287890341722,576.7956673288877,1731.2599107898684,1650.5918562924396,934.4075387203768,1645.312259923155,1027.0782942752944,329.5366387989158,12.727338956220315,460.8242641700552,1271.918706730624,1609.666329150566,549.7816154600589,579.3700063441911,843.7196642724984,1767.6061612088151,1431.3101145030673,623.881650886593,153.94521776445012,1740.883736578428,1845.1938861815438,20.57837098938966,1193.8866381437097,1925.1920411915553,1787.7769098157023,1399.687907822302,1095.6078298638977,753.0476526644484,592.3784919840082,1022.3673893866057,1341.850184267536,866.5073705549153,181.76631220695504,1861.7341462790428,537.9977882691982,341.218761036293,649.7105437344791,1298.6031700217084,1998.6610165815982,390.382195258009,726.3440359720425,260.82540792672336,312.4779240188644,1661.9573869919511,1309.776394068877,1403.0599826424261,688.1878860406358,1197.1170575061199,1991.2027692261831,555.2832665581884,1030.1534513634313,111.76234276571175,95.00526300074105,1056.157541554583,930.3495647737004,1625.9885377205678,1182.3494386080483,1128.3818403196467,1595.0743351239507,518.1147722416137,896.75217112398,771.1470982581867,1500.7616815076194,1594.7140876993137,948.8445495963451,1006.5081716192427,1929.4834680942272,825.7798857196075,1174.4083273500105,1419.776295904678,664.7893653354589,1799.5818865750084,946.6139843400572,253.75421800142917,676.782141626102,1687.418880421778,144.13437990044108,358.8429957229753,1677.485488472268,683.3605481199018,84.43814096631401,1823.4677126899915,425.25168224946475,627.2149198375923,1267.6805653129484,768.1417175432267,1092.036985953938,748.5452655620112,1839.735109584705,1393.6893073103786,801.7090165844704,98.18227777475923,1564.3049972672427,1641.175611776841,329.74085634277844,893.2654769094326,442.83746913840633,774.9956887405876,1203.491691316999,1480.3387049281241,1571.4353522866438,331.7282754269418,1194.2632161452811,1526.2394459264797,131.64301017294255,1837.4245021669622,1655.4472245415839,476.99511957311046,1593.4500471954552,1686.5991183398576,119.66266551485919,317.5908446733376,1631.071364008541,1783.867866689989,918.2928923911877,1269.2466716212955,669.5439379389665,1162.5999626244998,1338.471928262966,1029.5693999556586,563.6636619181418,86.37530500413867,339.5487306506123,1999.6001814795661,618.7781743937738,1749.2555739544775,637.699187019175,621.9773056623961,172.07208047635967,504.66353342817047,926.4744866103267,1574.312130110776,1234.1645147906097,1040.800243419685,1435.9318619473536,1201.1045016588128,1513.634897375937,1207.5072608870325,1199.5245161262794,512.3045631511766,1307.6638590785012,1485.5239356746154,201.97332317264755,889.2672257297775,697.6608240539313,1985.872930366216,1666.9147951839448,1926.296176419226,1764.6634770260637
long-conventional,0.029717426414489267,-37374.44896008194,1952.2213796311414,1361.482112017075,859.823106607731,1505.700069240834,957.5933776843564,1467.745512613439,1115.2343002859222,1314.173319124047,1538.4742372255387,1799.1487120903018,1141.8547533733952,350.9105356974583,398.73206419460377,1663.2722482386835,249.68430326201084,1394.4927745262758,515.3221412449867,1346.9359053484989,1783.0165517654339,1511.267250379567,1558.7276965057274,162.64491117148282,1995.8516433659347,668.44599834502,1752.0269839629455,533.5064595629286,1598.897055081355,1004.4126709788919,38.007660952596694,53.57176002109567,804.9787520963218,1119.032641191915,1805.5328405047221,1448.0597134052487,621.1738946539299,1985.166857939429,1160.4213930385743,519.4836277448366,1159.8091570522827,562.048478539216,1323.721473456239,344.47260301291806,920.0454589073603,1833.4269536190056,1739.621224609035,96.88332772157332,832.4012755433703,968.157435228348,210.90812785337505,1636.462526978957,855.5484969643963,920.6778802565518,1094.0624959319614,1329.0065281312536,783.0541863926485,297.49387045383565,1885.1928311904185,487.859884614636,400.12189244623215,736.7469883752356,771.3520276918049,1673.2983507701406,968.3843430236183,826.2460511115655,951.9241007615752,1606.480570549193,699.2749679098328,1740.1433067612707,1061.506599748549,836.4335004476453,309.23010922843855,660.5157460930798,1152.694025458737,1433.758611544395,1701.068434267754,1636.9611838814055,411.2150695804641,1130.989651445402,1395.321805323148,1454.2145236975227,736.0749583297646,893.0205458850321,228.064164994567,1639.3996943741802,234.30747297582053,1658.0116844459894,501.0865316288627,1954.7001750299423,91.32321791293688,1084.8767023462947,838.9027409706573,1561.0030627772385,1238.3236392779256,1910.9258912860575,871.106801593971,824.673365914617,192.98817649591234,915.3522798233686,471.06119730273053,1685.4527010279412,1041.9568125033925,454.85692382180963,56.74114550406964,1149.1966776971635,1295.1764380431132,1854.8364887406733,1977.4177489292147,1264.5555463771561,1426.60376308413,1100.3429977190792,1852.8144797829057,1368.3013104109,224.17261580309105,597.1634273928584,1801.6962484985363,327.3429765980471,763.430884288791,1075.1766443016086,145.5227248758414,1871.8398717336584,1268.2045715269242,1941.5775644640485,1368.0107747237494,500.2922033552185,474.708124596399,540.2927415982327,875.8418460615745,409.52762504545433,1567.9038536084124,1528.1439915730018,1216.2467399078912,622.3389530815373,570.3735706033926,1714.2537248443753,748.2054207459902,1272.1841098435114,1333.4050422910864,1537.2732261453662,1487.7877081117713,212.3340443743438,1382.7456156272747,612.8372079373486,1616.9517659548244,766.8247718840589,20.524856307909058,1275.6433456978427,770.7316456897067,265.6939939514293,1903.5632102934426,219.91459614648764,1483.9542682369092,1960.828734731795,592.9371674234355,705.9424538557316,602.9004757537098,902.8298396582303,1220.761918835601,1219.7318998895064,749.9286924768214,115.92736799388545,760.9434346020181,717.8842460234481,559.5877859255186,342.15297372602487,1282.513244417845,634.428118736211,641.0665801647951,363.05228960912325,347.39320768485226,477.8035021514191,206.011170364824,1875.475108929274,1308.4775627411695,1451.955627896848,775.8710560041417,1959.676138435649,1507.4083755852923,190.1375546314954,1587.0502197019591,1462.2814571114159,1894.1093906658925,829.7698975575385,457.07923712219036,1533.7619562125078,1955.9474070743418,102.27145730151415,950.5796941213518,1044.122723988566,644.0757639852837,668.1764444718704,52.27331087899666,1521.2173389749644,1701.420767656377,150.60090573621116,849.7348698906147,1490.0153508897047,1363.1519445122492,68.76161183764474,380.56230223148714,886.033231945657,1142.1737062916768,1964.4380189312085,1880.3754601395476,1857.91696759322,657.3059331389975,230.26356106424288,827.5488834754273,1567.8838050695538,96.04848098896619,294.26174400528566,40.5056322897673,1421.7841441620233,1937.2376671353304,1756.0370600564909,1989.9883290553066,1579.8727013365503,1340.266305926294,177.81837184482254,1246.9091288479276,1966.8598083266345,1674.515512890948,1857.1856173586762,1050.8948521705365,95.69327791270163,63.06624599054524,1621.6087758412273,63.6976591353631,1995.5403647416179,1296.3630066616324,26.695820318919917,595.1971947923007,1644.483541273623,1103.3489527939853,1870.999479104802,1166.3612215656026,247.5996175010326,306.1595315808664,528.3861098704836,1051.6868183437023,551.1881344779906,1034.5632771356504,1366.9161613412691,1250.8757739317437,1440.5915275867108,1952.3155503550583,531.0880684660283,1332.9390133036663,1402.9896249919457,348.57525879034347,1744.4928732860353,1168.170340390911,1962.3133861337612,151.884086131766,1345.4125124446732,283.64463510625546,649.4406474141844,1331.3636954059366,459.85245653946384,721.4377278379823,121.13777249244589,1617.0583131140845,1419.8022889738427,1427.5113245244092,483.8677380882353,612.4866356669722,1902.13007608318,982.4630550143074,1734.1489206671336,146.94191751955736,1112.8415037497582,925.5021564190744,1217.9755927921751,1879.532919422098,68.94002935027845,513.221808530219,184.495710415293,648.3245118306156,1887.0516622778637,120.78971343099512,517.593692612315,1563.3120949783959,541.0820690729398,688.9465095662015,917.8654056005356,427.0479175235215,1981.1453017238464,1051.2666553393633,54.8974590111651,958.7567119659225,1543.1632785288168,1939.1368967982153,1556.4673981135838,618.6629681225163,1544.3655601977891,574.0146937803967,1937.3845399655697,1686.1890254427403,1091.0701952570334,243.01656713709534,1971.6562031518295,1632.6972352526593,1340.368696487564,709.4643586285246,1304.9950689783193,1705.740224666994,1828.6812074212958,740.1681360148004,1742.7680485673359,1904.508306287394,7.605422699252534,1881.2928061888767,1518.9020298278613,1755.8530963081084,1179.0911980316143,809.9620650236825,1186.692659262797,1794.3611393751125,331.36376799608183,1913.4608151461416,1417.3971578899766,527.0264349836848,1563.0504397697005,192.51765255829974,101.89566026668389,1600.9590464372068,1397.6099991258936,434.06501303374904,1916.812600350809,1225.2997060512523,127.32131817663092,594.1210272885519,818.763916932671,1801.5878521004229,1449.609892479483,179.53497669625273,176.90442126773664,1777.4193556421192,140.6473158093497,310.05647509677146,1333.3895086280136,1986.392905203715,99.69258286654333,749.5993800317661,961.441591550434,7.740172619282989,1825.9717869924748,157.61317308186432,463.51830171241266,1387.5284148292649,478.0447702280984,1457.2791169332963,1930.2283731475547,1059.4158394689064,1124.200713455492,1695.30760539629,758.5288653048605,654.6756291069054,1889.559570494624,216.0304508571265,1588.227538276253,66.06017544782368,854.2644375992743,1757.1423178598602,264.476401509599,434.81910189043447,523.7187334674404,1423.2372295939792,93.8406144913363,542.1288157644575,714.3031487847098,1500.3730563786678,22.183537169591105,1416.6457626523572,1048.739649729882,1716.0578811729288,755.292484771376,1798.2740396913114,1580.6296902376234
long-conventional,0.04394052278934568,-26716.50566663959,1365.0050975814504,1774.4100535269633,1540.5789739735962,866.6348224543635,1636.1994866556447,1515.5107335279326,825.2074732643534,1455.980137302394,1847.850895822411,1868.5379348562,1572.1419324842875,118.5624884446474,1521.9991332180075,474.6596525806218,28.677797372249394,728.4620632306153,1013.207052409671,1336.7499289974544,1270.5939537750678,290.46029719322433,415.97492190395906,1285.0138923923364,1926.1547455444613,1009.8174085354325,1178.3010842752465,878.165987689492,1567.9064584959333,924.214197106976,1683.0351081213257,1451.717615910743,675.4556954279044,1536.2417842944449,2.0449782694290852,1796.287795414068,1763.7852533277028,319.5694719130661,1611.2124666418722,779.604640685211,1437.9711978570976,207.55763131612625,1890.7766903079469,1153.4621626388814,1620.2051905929584,1786.6015236010987,1753.3182812828463,293.5827882705971,1613.309266070076,800.8849935136079,1273.310708570732,1672.4678488812522,218.92654957978735,1230.38919199848,356.85901252061353,377.4788007284689,1780.0276951452897,1210.2219400326608,207.5560570519184,674.1149544744413,1103.4387298159675,470.8010182275058,377.22501711281524,1459.992220549357,611.6651779912627,1434.669980405197,1273.6482513724766,1405.3415961032347,1253.7918276179691,1402.8021981541337,1475.5084890231908,1247.1818377317836,956.7858308574888,930.806149230438,544.8292552758618,1200.21007657817,1589.164924007855,213.00099986218538,1015.4275865315924,1815.079065814995,572.7416744764853,655.8437708014197,31.153105983097912,1268.5850127839822,368.6966170093706,952.7664424230599,1287.7680885447649,224.03708126394915,1926.4075298420028,428.03469483289524,170.14710482970008,870.5622855662652,310.7647046751293,1396.4843750672364,596.5073357024949,974.3479753831973,1877.4747315495547,35.25475405329918,182.09976872985362,1908.3178036947465,977.2881038890812,483.2624036210188,71.4099307489515,1213.0636777042544,667.7209226139913,1090.3618676743679,592.3936740955104,1735.1193955528774,1616.3256976584462,453.9601439406737,924.8952457776045,1181.0635658965093,1880.0968470732464,1693.1773737991043,454.22084088076576,343.19470019526904,1138.898472378068,1750.7500740490907,981.1471011422731,1492.6109151642434,279.4381588560487,1497.2702279082364,1001.2477665431053,1061.9659204629559,865.0617288269597,576.5650057054149,244.33290572078997,1909.3662810348446,42.52294966647866,1810.2257943660934,1559.9315160403924,935.6752956160659,1762.4458805508057,514.6937911842623,1298.246684150792,1274.3399979169546,1267.3049891001938,1659.130269585438,1632.5898663160585,296.542604925091,731.473296065135,1187.1315510992483,857.5563112916963,485.4167429418207,1062.8690448916632,909.510031162196,665.7538266119473,357.46799497062756,1116.386314203142,1292.4603406984384,1181.986363309278,1975.3296479688722,1259.5217545438218,951.6892106276291,575.7602240670567,1587.0508863574146,1723.94548202094,1793.2494310941995,198.26736283871003,1921.1774983665127,1887.8112215975245,939.6272845865033,1324.3048110196978,1396.7269454824159,1645.384058641088,1206.2349177294782,1150.1216048570816,649.2463073692279,1104.75332773615,1976.8965541895707,1996.0457684351697,1111.7965624892852,1503.2180660419972,1686.7863633842455,979.348257569907,7.672369940338535,1569.048491565566,1173.172472606492,919.3426291101509,913.306261137629,1664.018483312642,1279.7920706695636,1113.9999379164296,88.57300786007306,1271.6068918440074,617.5528909553598,1763.0110797910763,953.8516822533024,935.3369980989405,648.8354156373897,1293.02216555665,1325.1130877386843,951.4136688235236,1693.4949966882168,627.3892186136264,1601.8428124069042,854.1907508222914,428.65294996583253,599.9361993914974,75.5359088009304,381.8792845792032,816.9674736496078
long-conventional,0.021249189130124968,-45412.98497870547,717.8807848676956,154.6057378293821,1918.6937329097827,629.4374086603417,848.7695757050519,1923.0003927139242,1227.9079154106344,1706.9369149831732,1303.2877242671118,1149.9933960690237,200.991607275732,1744.7052224978163,449.30097927050076,954.5139496251105,1057.6392868118871,142.15589685532217,1614.0343378973498,51.381911095293844,559.1325175733177,689.7888920338804,268.35012069373903,128.2041533751964,711.5467658649155,1064.147007123693,1760.7504213350912,640.2697835268617,65.4571771894824,630.2787246927566,990.8527969667231,722.2828483542277,959.1424405250511,1448.2367255380063,1196.4506413660818,615.4110494078195,422.58867824163696,574.9645677087786,1784.5313592122695,1857.0152805199505,480.3750131481331,240.40877079467472,1797.0331610216592,1817.7857185303037,430.57672796253206,1653.7517885712455,1631.3853964579318,521.8026412425725,19.376681625666905,367.24508298384,1150.1557459329788,1394.643630012922,703.7729145168773,1937.2560937469043,1980.9430577627027,1618.5303779773637,1412.0991042585304,1739.2866581732403,1906.582936909423,611.1326462737544,849.9235994682784,1392.6614594141224,1952.1965070770982,212.93161111134444,1743.5757202940106,270.06736532108255,416.86026455999024,946.9354896121409,1394.003376450202,231.3973519593206,1543.8554833059807,1131.6776060151817,394.17140426115344,1317.7966578311534,527.8597342315937,1384.9857812825426,634.0942209307615,310.0239450239542,1282.1222352095986,1962.163851853687,75.22297370866565,1086.2806726305805,1009.6510105349042,1441.7510863692587,400.2160983442877,1385.1309747693401,1109.4647745534958,274.95556602797365,514.2848853994306,1806.4573056614397,330.40044142958766,40.521004085779786,1994.9895201889383,529.4881565917442,148.1855120840016,1487.9813392342921,1257.026318279405,631.9448678304514,384.4292033244863,664.1642959617435,520.8393301931104,1014.8591529353117,1896.5227504947397,1022.5576274909287,670.7220390332839,806.1300977407396,1493.0340541116284,899.559068283724,571.2662437400942,1007.9374198970067,858.4330826325815,1268.2312057713305,208.2084110756655,1427.5508054759625,1698.657766314655,476.44518768938156,59.335075296963794,755.7971768440781,1414.1304329397037,368.66749463808867,796.0609813146707,1597.7030557156197,693.2568521897538,1755.730372331868,1451.8774009700367,1059.0279186637604,540.9539380780442,916.7835424311389,594.2044027120719,1292.1363132397692,383.8720185488463,1920.255405533591,1781.8852804844216,623.058090388326,507.42089062494045,893.8029978858297,489.9566879467036,99.55917279802136,1429.442337185799,1553.623387545846,596.6201354594067,887.1866372585677,440.5403193777235,1871.6285243954342,349.45507012146214,1806.19173017691,1782.1513278743698,10.391840025848595,1456.3344287163309,573.748583463736,1275.117025090654,330.51869466674646,1160.4528708184762,483.26426855764447,1443.8011781567313,1243.2811268128523,275.36160638554617,876.5020822037876,1753.9983197997267,106.39065566841809,503.630792691038,1286.3301615831665,1471.8029973477464,1623.9886288508792,1762.0518788239972,358.7164013005512,131.0305333805475,593.5695166497726,401.71282982231327,620.9125796716964,681.4605071742086,1285.6763690900955,600.7918232182958,1036.71708563866,231.83731700082942,1254.6599515174178,1632.012358084358,1380.9285511826427,1045.86020906605,814.3921760068351,51.05219110955144,105.48510730690542,858.3976565234616,1660.6919560861986,1618.8329883835922,1456.3144890458148,698.8648260030999,682.437684184573,1140.721078761742,50.86937773095847,348.38513255572855,163.1170591079167,1997.0048009707496,742.869473002449,1660.3868204055516,159.85093462667612,1899.482153678626,1380.1190337933,1608.1600891988692,1590.7599089496762,4.186377984555278,1988.169891790193,1378.180832435239,1957.4918544911823,715.079250384771,111.15077983329013,1704.9067062616991,1393.4038071789212,1182.4402259201704,980.6459662171735,1494.3366784830357,975.8463527733014,1894.166018536457,1216.8885591209619,320.255098417787,1568.9668926847028,401.07075741823996,1205.4512860122156,298.81894543329344,287.8269031552474,1809.4439817232324,1672.0202060830063,665.9835824305678,1629.0485511705172,43.98842508623401,1352.1618185960813,720.834812708538,1625.3887967842777,1667.2093008160623,1087.5669690084924,1423.793331738452,711.8495913150275,1031.3660053900549,943.7330042579423,1010.3338497886174,27.45512581548229,980.6406332900242,80.82371292902658,1905.186459789257,1128.1653681028909,1614.2613520431596,1310.764928467034,626.550086632521,1024.340997983776,1604.719446695168,971.4218761640329,726.0242831117797,1646.9374398560212,1555.2853208368315,496.1716959478167,1634.5520119592577,1571.2944493046832,912.5101867377286,673.6868369487672,1632.530057853808,1868.7554055245696,118.92268091670539,1944.3170275925565,725.2685585561414,750.3077481033016,1914.069568580487,1238.1793027919907,553.9647130313889,228.00379398061673,116.19271832652477,1511.538845348644,2.239284968777314,1385.7114951355534,134.5827735001559,406.2619310776504,1411.29921665404,188.5748846334966,193.62780207265766,1142.303321709895,329.371569553547,274.2321903918316,193.75798384209978,935.6168534635543,1812.4909411943452,540.0828696910835,1998.564918633432,364.3139176383821,164.87787821719377,925.3295793449946,614.5360067560079,495.0745414582717,1845.312719906603,936.7267876155518,1809.9600117111638,452.1904549624184,1223.864159359151,773.3329499791279,1055.383325295241,954.5845150648528,1353.0656278396164,1732.8015110825288,1943.537565224567,515.803616642834,258.60440034338086,940.1539442098566,242.63960233744692,1623.052196338425,405.7611608384257,1240.103581208278,951.1056749626068,1959.5819315315255,892.6346028487591,731.8336236896585,1409.9356370104824,901.768903091719,955.2704083747581,97.22984256916419,1480.4022213046412,1545.4105030262454,1175.3949391691085,1793.66519930088,897.1454171229229,380.69167503554996,277.709428905894,1994.7689815333008,1440.6881641293285,326.57971812467645,175.41614551235273,985.3246558656135,1221.5816110667415,283.96885572164234,1115.1949821628427,1933.728718362423,1699.9296263516744,1709.884745212511,527.0520323562234,426.042748457724,1933.8741406367403
long-conventional,0.021949490138543082,-41165.078577634486,329.94408616833294,819.3605782440795,1099.1100185432404,1126.7255054468937,150.91955557582136,397.8073598840354,1368.5528533609663,793.5364853279577,457.8044035179175,1777.7146823673775,287.6716911136448,726.4174013589997,1367.0065833591466,1378.0062729144015,1690.8625566302594,354.6398838233602,150.73736112732584,26.712507990888042,1708.5371401700243,95.06859561121985,1107.8152664564095,1540.4473888046557,843.7643068804591,441.78493231720256,663.5002882754646,1495.9799019986183,426.9479141718157,1195.5315983735968,1416.37428918654,1097.0926772593273,1727.1631012140208,558.0477507443425,869.1255490802367,23.177728264795913,1601.9237316700587,256.70498679151655,1025.7280266319483,1203.520192801961,1456.60466976639,221.91762815486888,750.3865750540973,154.6399493899737,1515.047733529297,1302.6756537979236,707.2683880216642,1706.353118544598,412.7618351793707,750.5299364767554,782.8219938190009,1308.9760013147106,24.170040681364387,410.5684274961397,1055.6468840949601,1424.7256655310282,611.7368916807789,957.8392209368359,1114.243307476775,292.5750485580316,849.0098188787263,839.9318291996034,400.0056183341483,453.02216024864276,1604.7731852208367,1654.159086146767,964.8685537232077,1447.3626465672196,1301.1632484747029,34.35369067430256,1248.1954877698386,1091.3792323510393,213.29494986098612,1576.425899064622,1137.7769605953706,1947.9388071214096,563.9964779131303,1541.7997283745856,946.5923834089871,684.6701056656458,66.74849155654822,1103.985910524253,1249.6397495863105,1060.1135557683144,1088.0509338364454,1927.5318261610294,1946.787993077084,370.8128245870288,1429.054024442833,715.8399812756603,3.9852348116187013,1271.6715572043759,817.988085006072,1949.3434461752306,1146.2566993820935,467.6718949191483,565.1106495091984,983.0511335125599,1202.1182429735775,1515.1717360579858,1935.964165177532,1686.648856677105,804.7608145843242,635.0564116745715,247.97384291419866,688.123617011136,1551.6460556156692,773.7142659548811,34.90351445204683,1052.8977843062723,877.5586318325469,131.70965402647565,488.06097179761395,1748.7453024745905,1374.1091489436953,45.482236675198585,1637.2217584127036,1077.7273168044233,721.6395196522448,353.52774973761416,1433.1264273505838,946.9914354957922,1685.3344146580962,1143.2673692715923,1425.814193772432,1199.666043808763,1205.784819610839,17.95194394228587,147.0811381901122,1162.4398611870085,38.00732101960471,1111.4350603999055,114.70623484916368,382.03298346090975,1779.6367471545773,1306.2870245350107,623.39873201418,762.285763689068,612.7019884040201,1140.01801944099,843.8367865281472,37.5281642057799,623.9360726884715,2.5594960829732476,1149.7071966561882,1192.583382662146,1748.9579185421046,1171.9893507427996,1506.5577049527067,1730.3672751147406,915.7825915431767,1314.426445786397,451.2269033879692,1806.9530660192568,240.73567375110164,46.30801094315796,593.324577357666,1473.918502773306,495.34067795103624,1037.8854222275636,1547.1964023286398,1119.0402458410294,1394.6144173214575,1365.4891361282891,451.97860019132736,1958.1998786435465,1175.6132061895607,1046.0312140163949,1832.1164893891926,300.82915829066474,330.6356879323615,525.9587039756886,1822.522992397223,1931.4437596541636,726.0153098277793,18.46517105696389,1492.9616721523214,1324.6346215185756,1853.8049560051093,986.9229264942422,1577.982111115383,281.2114235690237,1496.0917649336254,1051.4751325376894,1044.2087835300174,1527.0078307176514,1201.4847259977023,921.8720645734101,1933.9195297586555,1432.8569415935851,174.3657683069271,1168.3966099356317,1152.1773189620542,85.59473689932263,1328.5854760884802,1965.6885671889117,698.6720153236711,1943.075136428757,923.1234076574585,1883.1662307306894,1398.1285614383926,1473.360383324093,983.413809655572,891.0403536992267,546.9325627582872,620.4802883095642,1233.144925399993,183.75544369752944,1402.9886089771155,962.2172657203122,1685.3330357646898,1077.206083521933,1445.9775258557402,1389.8156021956408,1148.0290350275534,1085.4408876993966,1437.7862821375961,1195.7799537750527,445.4796586991926,1224.8129529105483,1010.4794374130418,534.7418730785411,1911.3213231585564,853.3793627523049,1528.0912175172389,1709.263617805406,1022.5193060140435,1652.8189876833665,1775.7572135730638,569.3538711381019,1060.7398000553421,951.5759839947087,617.287450621484,1916.5563203777265,1818.1634939055032,1143.7793329670762,250.49102632761395,877.0736888878193,230.4792006526483,77.36908393136446,245.73829426338267,255.1215345776152,999.3716952384121,1526.3707799105525,98.879672601432,916.8002143636038,1517.513069266504,86.20008737941681,680.6176449455543,1102.2852089281255,185.36105862091188,1459.8135257693548,1217.4828173332007,522.9531282998471,305.8344067191736,1063.5876952924596,1962.8827901262462,763.7763929825684,812.8558059444297,1224.7222928951032,9.442686180082795,1069.2149148008025,311.3638757702659,1443.461708042123,645.8890210687688,1197.6945306393418,325.900614408783,1040.9803366424853,1864.092799689957,1932.1206450122786,357.5935761214046,807.4585197399792,1245.0049034272934,1051.8544943051731,1568.7023312908657,20.745355772206832,34.10297874734135,228.09713272879628,929.4741093011377,1753.3322833329835,1924.2039355555798,989.015059483629,721.6281826903636,575.7197050751063,1743.582094124944,974.3572256723892,834.3630919302167,651.1278227131864,302.40835808789865,720.2332341002962,392.7546950217595,467.74121343676273,1511.9370358122542,1826.1042139474262,1036.766057636763,1443.6891719919402,1525.1563604236,1493.270356525195,350.6824920853436,732.69565379982,353.7803701728378,12.739914291662913,1667.7019898627614,1151.2947205800756,1054.6582040521407,1700.6023536946022,846.9150432516731,834.6907170921342,1838.4978045797911,811.8851257092911,829.1054627236181,813.2586254227001,519.0630603505837,1225.570471763575,800.3942598823407,104.91996341503645,153.8797542886537,1310.8274000242063,1003.9582782940187,701.1474502143104,1505.7640165085502,1602.3593959044645,1142.1433468365017,657.6418759784033,1122.0165864267692,919.0180512414801
long-conventional,0.026755037001165327,-39120.846893170645,493.29793156949313,1944.55951561618,397.35299747145206,1387.9096363314916,812.4888688290232,1699.2903349647327,1322.2269694389115,93.32682991039654,1674.0228788998377,1636.320064905955,726.5169431150042,923.3427787098568,420.06695085641337,1382.002318299314,1811.6945151986042,1818.5893110770144,199.3483993654626,1471.5069612717095,929.8656561613511,1360.7304210010464,1589.2215041411628,1225.728566818729,741.0567614255261,942.1036168976619,529.1120105271514,834.0113590199664,595.4682928596252,825.7548196495752,1649.8777240525267,39.02584476821075,1792.1636573979974,429.85552821476364,292.92245583639937,1981.9911008401345,401.1768495073828,1473.7480955866681,1433.7791389039705,1121.2847188034748,233.21262594345131,219.16585188069624,1839.0053933044835,1924.224362619107,823.9997734668849,349.964394604482,1224.5258168805772,1742.6689412365952,1574.3982725637532,216.46577627164064,1354.3391385854277,254.10108516929196,213.42370869259688,793.8988067006062,1266.9372462271897,1671.4043869170073,1919.5507984658861,672.4915052554578,1472.0494344744552,815.6854414311457,890.7440606226686,1136.877242243169,1208.1456529144953,233.98852536397877,1869.191338763247,489.3358419208989,1203.2920937477345,811.8844680665399,1879.6288325668304,1024.6697317128196,1907.7882176322873,134.86313677397862,1724.9854453168512,779.6823129493733,1037.7224307438846,211.1731024177885,1279.734504533048,1993.7568729114048,444.3872394218306,604.6151709612627,1940.3216796019447,931.4154850659479,208.60292190140882,516.7719695195835,434.88983137280894,82.89105660801643,442.2437490542983,324.69485788409105,1835.6427348188545,186.24610572936064,1048.7600912818207,1860.7435804635388,254.65441265394944,1648.5620195793497,563.9506148539195,1909.3299421021436,1355.8483908076066,722.3033492175242,1624.1561214860758,142.04709805273947,819.3030502675216,928.2516199056191,912.5756986931361,1693.535956551972,623.3132793078996,1710.0453989894936,237.6090545725397,1686.7821407842112,412.93580867708744,1650.5011997260347,1894.8173887925502,500.52546872084395,1858.4539458214635,626.4827124663874,983.486520905087,1612.3941029620805,816.084590857314,275.2116011638276,202.77401475571736,1079.18970034186,870.1974848944793,598.5591018779979,296.64668102566117,777.3125245145392,138.31867347708237,1161.6550603773308,1247.6128513412018,1.033482195512119,666.911024392066,1190.9676508539897,805.8181769224368,1769.1086758108827,1715.1094375156574,1737.3349023335663,886.4312011359166,1398.1938012133758,904.9875861723548,433.1600156661357,1364.077916348276,393.95913958309853,44.47772890933433,1301.2185711268648,1471.89105602948,1009.9333260235426,175.14071041942688,1173.4798517365195,1577.0571007934789,1865.4182226643302,1556.2469781985337,365.7081126400015,1874.3681977622962,789.3156068567077,1204.475706131518,32.31228975852596,1560.982643128465,707.421379543395,438.1460059190423,1718.835053419829,1209.1411460692095,376.6579307467084,1981.0762553409934,962.5785624556187,718.3058338634429,1977.4935012189258,171.48992773232288,526.1855352005459,74.9428678718139,1549.067275754729,1390.2283886026344,877.6389382288678,1632.3275358885692,1076.2422271086957,724.5621456768561,1910.002382394042,1020.9354301936097,501.96723759547797,350.04565463143507,1926.444108682239,1209.9688027932505,1655.5287669095696,1814.3570895949601,1698.82457356322,908.1273972797104,329.32464213709727,1496.8869517828743,1799.1895016127285,1087.3546708341976,742.4218713590906,1081.0071340594675,1630.7886990165796,453.48481265673865,1502.36792015916,204.28995294698126,275.9031043744999,99.56059712898018,1416.4953767263548,103.99065527196582,1809.4723866528561,1387.9588339506881,737.1528379030599,948.6858812391943,1478.8136977494426,224.9347448109043,1191.1351216711275,28.145961821864542,351.9095252126113,638.1570018488609,1955.2149877532293,806.4932120295636,724.890525206398,123.86651933333694,1318.3893123788027,1315.43215071114,1468.6337770266916,1704.112663310464,1553.1083862224646,896.9268263183019,623.5921107209056,1737.5799200851086,542.74446843532,494.2316024910952,226.45827889237466,1565.1575622421312,159.34925844858165,1038.052734493804,281.9288127210973,1070.4599806702468,1779.9565491591532,1972.4378829334503,1661.7862106696346,411.759338024065,303.76638353953774,1549.6673646368438,1629.700544946191,760.180274038288,980.5363187047359,749.1831876884833,565.177419855862,70.89319384911146,92.99629182192172,658.0795005358855,378.2539720665356,420.2608440291178,963.5545224458175,1437.1797168371993,496.5499813763848,1167.9060845994056,1545.7888130746308,1000.5018757564841,731.449540341412,1947.6005275397217,1891.3809477352588,854.0075683671397,776.5413442442754,476.3414717042498,336.94788799986867,898.4944750254242,103.02303663468024,608.1299170258366,182.79824856450077,1842.4779030769987,1165.973755463017,46.758304290977705,1387.8171798140722,1174.609788984111,272.0481487024128,1165.5531430487736,1135.3707173900473,346.66364125165177,974.0158042740594,849.4822986653182,1675.7765681039832,1030.4750507667093,1932.377857406171,1598.6396836816364,801.4171649338696,1379.9011323494879,118.90689331704117,1477.1266208572056,390.6191086734124,1271.9369965460849,1959.2164885168927,1037.464286569133,473.1932787464213,1668.4029703909157,403.9769909259068,1141.9132728670977,1856.8474034878714,1745.819122710305,1041.2786688844383,1162.821588995334,1230.0844063636398,156.72337686415372,245.34994938018124,1411.1899618512678,1899.0764571940779,1257.4053680295704,706.9812146946949,1862.3680775327844,861.567693913761,736.6363429792682,490.7407986203061,691.2902396617911,1613.0738111817172,1928.3226298861493,351.0577432755143,274.63667343440534,1089.3957041380388,1388.9176909479968,1263.829489591291,1555.333625317282,679.4320155137755,173.64050910975502,1540.0567802215562,1370.7587607716023,1703.2322090110006,27.233510885078342,431.71554781662854,524.8260019082338,1217.3596285112606,1661.1389744544824,839.8314026435391,62.33071294697965,66.60809662521964,229.42891041323483,822.1242335933919,957.6224980724722,462.57068502246665,1332.5915870098913,1234.163475423715,154.05914217036516,964.4703206489486,16.662641135152402,955.6344421997416,1613.880401596686,192.94391510782532,933.7834781861634,567.4439774776322,417.28925764754706,832.1307141667959,304.162140887183,1618.0733641737586,1323.9742855710044,604.5644833982064,880.340292131025,1292.0025809538313,1371.9647836837737,995.9146007290499
long-conventional,0.026817165134407128,-33730.95347441024,320.1783650782861,129.9481535625097,183.161244581028,44.237630420433426,1969.7876001352627,178.82792922393847,802.849843453441,907.1546214234752,415.88481954731304,1527.7698143083871,34.50454409967836,616.5704599031801,173.6622566534563,1073.8925251297726,1070.9556592719723,614.1587876168395,1582.3428016809603,1304.9065247709166,353.2201559620333,21.146403976075877,617.9134556370342,1540.5368897754577,804.7977663384137,1522.5213301752867,1855.5987615491083,296.51070398406534,1916.647116360067,1141.4182401139037,1702.392804026841,1522.2345425740718,1766.5899986677673,1264.91879277002,1093.0306194654493,779.7072290087909,1545.2930352836056,1535.3592941675934,1508.974472482869,138.9741342110412,1877.4481232951343,872.2678998042212,25.57324897304651,201.74451846110802,1110.0285929901602,169.616733378179,1217.250466974151,1429.7293825211295,947.5758756467861,1524.9479535582802,209.51749097421532,975.4257679969003,1836.394812309342,1197.9474282648969,217.68114495828954,1576.1323250270548,1431.3817886457198,1653.1454180699427,200.9264565919842,1532.2634214461877,156.11110413674993,1430.0033135723297,846.5768600003448,1765.1298592630144,1237.6762733838932,368.47239631837124,1611.9073415981693,49.566826253408195,15.868625250210057,253.17528944071154,1357.183615052821,78.53674126479343,711.8510858352208,1910.6160725667137,1508.4222956213541,648.2776991613765,815.2706963930278,529.3623627264416,560.6615075742992,61.81386599786746,1444.9754437099582,1071.7643001078238,360.9822296997992,1313.9696478296057,854.447976067784,1112.2826943723428,1266.986888142656,316.0434170239288,1526.553876154617,796.1417218270964,1976.987094750808,1082.36377037479,142.29796650267377,620.6918396554214,1428.5153406838729,1954.935775931331,88.28597689039273,1658.4543577409274,1357.788086851592,364.7120636887978,1830.9629091963077,760.4084450101124,719.3345420693587,1653.7465599293387,940.6165877953758,801.0737890523235,926.57580711125,1797.9408505185656,1711.2086595345368,459.1320889820662,1246.8267285496463,1515.23482237921,799.1867216282037,813.6713074774109,1689.6886022296942,916.6573313934325,1873.4609808257449,1668.6850543436763,1923.3514345971973,1155.326572437881,605.3961490573728,190.29987661272003,1970.3862848026417,145.95793907500325,1846.0178670939752,889.689232982454,1203.156126352366,986.8649140925005,721.9243481970095,1947.7378192441395,804.7857290298459,1494.944180184314,1313.808509760265,170.29659281474807,1317.1844912331246,809.6966094681873,1439.0346142499181,1412.9717507691407,1717.9408989100566,1830.9586106357315,1432.0658425131608,884.0192091114135,844.4997220558793,789.3829571397125,1716.1768785409088,1519.7194429179501,1202.917493989194,1691.9907762073033,1370.9039969469009,131.9949336608462,328.8921593723835,1769.3974509229884,1679.52595228617,109.49136545759055,1493.9877730862693,95.80444295481948,877.8432088787667,1264.7964303395604,300.7884047305067,1488.1008865315173,658.8574096556972,1628.2180295490177,905.7098774912754,16.629049407048587,645.5659019369871,1613.3895760332146,602.96792392095,465.8824150792334,954.8929505912073,44.69059266130878,1239.0623594174015,1834.9406113077582,1473.0436094777137,978.2631565011891,186.9587830045417,479.6609954710232,1130.441265766929,1872.0386105530893,93.8389150715979,1457.9205619792053,125.3944932215992,1618.2514282700834,1610.9365616337725,330.4835408645283,1496.1081988105584,485.1524763935334,859.1240930881087,233.16951008917937,1549.8569049905261,1081.9487558846733,1839.5215815396716,1068.5439244521199,573.6412680901115,1693.7656696361264,1867.8981398217081,596.1945652950952,1064.7911775105877,756.9705564592593,154.54649490814694,942.3939715092979,100.3929745524447,1226.7063227533151,1560.263676815204,1705.424402050472,789.736522343524,879.3639963229135,479.0985681209026,1346.0004973790308,574.745826049826,259.97300512848574,1414.2125954181563,1330.3420757625524,1521.899411477112,1526.2440011777126,1640.0721340127218,698.8296964766541,1887.8573331040413,1059.0784017477745,1263.3103669895943,397.59571494187634,394.4907778005109,603.4796585788789,1431.4276904323551,1155.4437793542495,650.5707193216493,200.29301998871262,1443.6287490108864,625.6694822183224,1292.4170044463951,1557.4116204370944,1314.2262729573738,1714.6504683501198,1120.3432519037303,1742.7674346334659,27.365398453539267,1115.6024716936722,340.1433324485569,986.298596155421,1404.5525860084595,1237.6757998781418,1907.171682167883,86.47623081276791,1443.8427458223537,357.0887392855808,1431.3944930087887,45.84249299330114,1155.9837170144892,168.47073975912164,829.8025722236752,504.59173789740345,624.1047836419302,511.89879210651065,1508.4130277125669,721.4779437176802
long-conventional,0.3247836013812928,-3970.7877306780097,1183.538046086598,1834.052381291689,1485.3639351213578,1050.0836495542655,1597.278555280305,907.6250289712589,1168.3006558959255,1842.778942789107,150.63320371779406,612.0990461279761,434.3044182136407,19.445579140813667,645.4485873944832,213.0296206919308,622.8623426745436,1689.909011118489,486.38988441342826,732.8126597160301,690.3713775157726,168.64010416347932,13.32752103655247,233.70282391232297,444.5298244341047,870.7783970741524,217.45231515910396,1825.8074917938525,908.5082194108102,1528.9413674905425,334.85444552032914,269.4335198549294,1131.3779586279932,663.374245477834,1906.9932566947477,805.678596200408,11.756114044755195,310.5337734978401,1101.0876167221525,1544.9877547750941,522.2350700645064,72.82647738311829,401.11749385744184,954.411020874419,453.17515999340293,1177.865318023168,1879.7159593788076,1306.2741245717978,1284.558346477297,1028.3683677125607,977.5222266714898,1285.5623708328642,689.233302382975
long-conventional,0.04989157692046464,-19462.63204023086,1007.3107385275832,724.1945216814681,519.9394473757161,380.00797057437217,1707.305504404894,1075.5436734629511,729.8182869723189,1996.82680298982,221.58861342593332,867.7947174567576,1361.4974271534452,156.47446451473516,795.1485034725503,463.6612211033516,385.351866923462,556.3715829431144,1533.5469957463677,1451.1770088767985,1164.2588915830165,1455.7488686555946,1072.3838433900112,955.2604622327456,1209.1961740523002,500.87891383823995,1706.0624321674948,191.3424126852199,23.066605650708883,1065.4305308444073,1815.2060571242484,1449.1347917737369,619.4006888484731,1793.3951714048226,1364.9697060885985,1271.9948564592105,437.63193847398753,1202.9275305005265,1208.94272728563,1904.2556904456385,1041.7760052948604,1150.0395334960983,1278.7993413407232,1821.3732137815225,325.93245635002427,1598.5888949872797,1025.6149947393537,634.2308136775137,1352.8578526732686,1815.2809414605972,160.490241895333,1674.7152307123902,310.2869051789708,1413.5290096963938,1594.100747237369,1037.8467408289018,425.26031237858905,1663.7873441547924,645.666472284858,1226.7145055086014,1341.72149120703,1314.7611431370553,628.9825164756447,1671.4457575703125,25.7259906148885,1382.6978450053502,832.0878217779714,321.14038649591265,876.8711490923479,1420.2347310882628,1815.145550812329,1585.9254127282345,1843.3386669931501,25.132815635784155,1144.5146006131768,1543.1230983637115,398.81446188952464,1749.2679535796424,868.068156998468,1674.8011298133274,267.642735290613,1249.008290996781,36.707620064529166,712.0376771922271,1558.095686593517,1475.0197488180813,180.70473187685832,815.2425853918531,1744.2150281781733,842.594237113057,1938.88517171505,278.06651096346724,1427.8167426802815,304.71770715208476,963.9226852859591,724.7676003816417,367.0596680327268,131.21838901792955,822.7989852447878,1039.6214947797087,1397.1484291722745,1435.9324460250848,885.796114028374,1250.4436853444547,600.8609662175726,355.1095003814498,1903.6544638110386,1997.1993479451833,1758.5281187344606,140.24588185323591,766.8060410845357,784.3302985920429,399.15794585678634,1205.7139639059596,165.51603858055373,1834.3213620029687,1068.701790915636,1253.2103953260696,1852.179729414829,920.8094066041298,1569.9472042131556,1229.5285121060235,358.67164101963215,1497.3953993788698,156.87547002333562,838.8660087868233,225.31715422214552,1395.2846981142056,1655.1098617073424,1160.705198634933,48.61388671398467,872.0729950796032,1399.5431586277678,1530.7886203417988,446.71931342389405,223.53694450554593,851.2058743982891,1911.6328570679295,1665.6486692606259,1780.7050540135226,484.37727569340336,844.103251429809,1328.0295418985006,1931.8548578821355,1578.8219873212631,1639.8535270783075,818.1949712683378,18.930477968007146,672.8804608000382,1951.7645035408614,714.0583081193395,1076.4690314083023,566.6819839195723,236.8472969069413,63.83982203613323,1761.848018132827,481.8400034049019,657.183601581705,611.0915818524816,1500.4042775921737,1771.2282585083892,126.45979777309246,759.1708848068993,979.0017044494506,276.28744288268217,1985.661085703409,833.552462200143,1800.0978159379706
long-conventional,0.43351942706868685,-2024.8893079098066,906.6013184776682,1759.5645047830392,379.75982926109,268.18200575575486,122.85308148395666,972.0202115298342,557.9035386881524,527.1664999161538,1109.06327649271,857.8730253901808,1444.7919635121518,935.2027644593587,1055.6074005684172,442.70433444976135,922.454366294778,1594.7593713051765,1758.0077406312325,107.69907104403636,1601.7742088122397,960.470271695454,1679.983920481763,307.4674144821178,1186.6826386193256,1804.651056970787,1768.9881240675547,883.809195603837,1771.262953441513,666.1690236502932,588.5148712747483,1041.2919219294877,924.7228229331167,280.0685384900127,1087.2301467829732,1683.4042310034938,1506.8362350055402,1397.96584216215,355.98721587204784,944.5633217078557,1588.286536581295,1837.3028133463422,130.82063815620256,1164.391161967436,844.6709698219469,1033.8567960290914,1769.7672118984724,1507.9432957638064,1289.8962499725255,1766.3698675659075,194.0651732925048,332.02718815383497,126.2797193228109,1375.2566191005403,1652.3587586189333,1189.1266015975602,1110.3871964233213,1975.328802233719,216.92840128054746,400.06663282689584,597.9135250831418,910.8447558560188,645.8612447928709,1021.5899522609212,1657.3922139127321,476.79080474388,413.38297151081775,1648.914652742769,1438.4227702330236,1145.375777794379,1399.9972727481975,1381.6408008154735,593.1890737911699,1785.2550908937944,58.22381910914871,1097.4477961430887,1449.6296710577349,1458.6098774732448,1337.7461107851516,1472.2586943097438,166.2358173675464,898.2090792095562,221.4963901694158,1269.4793286926447,118.122115754793,866.0918885798385,1391.2858417084706,1283.6129047428383,1585.1508898766685,1032.7633056143432,5.629622335172128,725.905240532598,226.37873752388873,1589.074777129746,843.7067038444468,1725.9029555480545,472.01076366704416,349.79819814870586,77.82537038189284,1434.7590023825232,1237.3020725426911,1334.1585730856182,1408.2038618766908,934.8946182052478,1956.607699976882,1853.644057276097,159.14327306185174,940.726948700946,1214.092524872471,645.0242093099273,1221.3992918596582,284.6550337015978,445.1294561146502,1402.9501967250906,274.6427985400286,1110.5986583399244,1156.9315923417307,893.3305099802448,131.0415922103227,54.73505151634691,1164.1202773504822,641.6121605986251,382.24481879089547,1688.445580630153,555.8472024430063,1637.6495379235707,1531.6673573337928,1232.5491073687374,1234.0464405092036,732.2994733762291,615.5115044738579,286.51825706039506,1230.3912428280971,336.90279183662574,1001.4807647137452,294.65034564271093,261.3300318797015,178.4724939950867,759.2884858976682,1048.3426387820186,834.2131745306561,1591.026097740835,950.7416321526291,379.0761648239571
long-conventional,0.021678985211145196,-43859.436625314585,187.03708077128985,1626.002566883372,1401.366079862666,1556.3643563090052,66.99900381686359,182.8870797927113,1734.1055452207497,1288.8338537655409,126.28989754125281,965.8564230277866,1536.6857163940847,79.74457953476892,820.1157490385345,938.3598171387861,1329.5829837071346,785.2455883353695,1482.6637886762824,338.65944420223184,1089.1190834570561,895.5431977660778,324.75329820616463,1777.1005731229502,943.890341836212,1592.619049829446,175.2127104144683,400.90924286574847,796.27238772655,817.250509908936,44.13055506593088,1714.0269450090611,1114.772410095959,1239.4831799962985,1348.4640395194858,1020.1202612353076,652.9874038966462,348.2477642053308,144.7313296001703,1935.6877135390487,231.80984293043338,941.7048902825687,1462.0616225141546,937.388541021293,67.73214283891414,1479.6745200644355,931.3430285366421,292.20995566937967,1612.9056499989376,781.297299064155,96.54170093968607,1294.4270825471685,1494.5316431443846,1997.2746732403095,1052.1435046319898,214.40313670850227,1641.38631346606,1009.0525426774072,1026.8020574066904,1966.5825020672505,807.9681770999795,53.75546846022246,1865.8751917629297,1845.3415506201113,1991.1626924175916,1887.805271419309,516.7610239357996,1106.039936632151,1612.6158819190641,781.408205145794,1679.4339896683107,1091.2931840259057,1910.310969031306,423.1141796597096,51.456311177925855,1526.1464917307508,1287.647270860708,656.499925565497,1841.102159522338,1159.3830690895272,1699.254315918735,464.7717799059628,411.6191926223672,348.12278608463015,916.5843891290093,1421.217469066042,97.93051115842161,9.20171797495431,1573.473816798551,1344.1176307733654,1634.6592344498056,960.3509856019151,1640.0950957068987,1634.7708393296334,1996.654682813491,1770.3903366752857,159.56190919980727,115.73682406887818,1799.6491503280174,603.9769860887212,555.6801117940028,1506.2518322573208,447.20935282896926,662.8503196652956,591.7218456580168,1079.5820035445831,69.22322319249619,1648.3348952715785,334.7297583751783,1999.8171573372365,332.7739677159956,671.8624110489249,814.7312271200715,423.48111060005,22.741289370899313,1124.558483811675,1142.501459698062,1007.5215650744641,93.84876105679199,124.19156018049459,1995.9131072817177,55.18961435459715,902.5436116110982,513.1219358507157,572.2311520016581,16.644459011738554,1747.5186550663268,1385.6233657672476,1213.9589482559884,1274.4738967618835,1016.3293306869103,94.59422749349598,863.7019923731597,521.6393368789691,1206.491455625123,1894.9844907798235,444.53534315707196,573.8173794346528,1157.2192681361919,581.487574156604,486.7513236235231,1386.7962957601158,920.9201140005066,164.0355015567228,395.0827957713119,1536.2469701774216,1633.9144760114305,453.1999723032666,621.575119597257,1929.4428195209186,1689.8636638011244,600.9548879162423,791.3017678948366,1606.736953380302,1741.6910716237842,446.6810900982278,880.4078370510367,1318.095241587602,1691.5402742301924,1178.62455248774,99.89970346830904,1269.4852348795341,305.69468518465726,868.7658177731188,458.3033939795634,757.1885490234364,1306.811512957032,392.9605630774947,1081.4423603499877,1266.653129883365,369.62929685733326,1801.7082473441303,1388.002135540695,740.1026381031324,915.6910253952335,1182.756585402607,1077.1519428059896,642.0264558255043,1370.007149752289,1292.4348859552254,32.710278687348634,1840.2931227900478,1556.4246797151345,542.8682301275876,988.5107334591461,535.39649732566,1324.4201177034963,141.6899432800689,1191.1913397081216,1506.7980645829768,1516.1396387915295,1131.245054875008,1931.5192958662672,287.05210704069856,682.3514544939886,118.7919173566326,137.9215489041734,1359.625447261551,595.8980206080902,1422.2292448713763,1812.0428978130246,827.4663843371452,1912.5311288462294,1545.7863392391487,835.8812907691198,258.64431994180984,260.84549851685347,316.039569416054,1544.1913353233904,1800.3581548042823
long-conventional,0.021287868864094284,-47569.34473975663,826.4673043148305,883.6854799641125,709.6233021485004,1635.0950363063869,1283.279156309259,612.6422201190971,1595.2277889416087,1110.4701610608909,1153.6961054599647,1039.50370355036,1695.0632801329084,546.100354680214,702.6599513612517,673.3252515208239,1666.6915091299488,1308.0735227272955,1587.6316516741333,1095.7569526719224,1037.331432977049,1421.8071757384405,782.5711756311596,10.664818274107153,1119.1839848104523,657.865762354033,1941.7720908096933,1505.0591270066845,1332.5722747632574,667.2887828337576,210.8405965725721,391.7932859258135,834.9361920083521,508.4388826183099,1532.886060744468,1267.9308399587244,1249.917071783773,1760.8952164321374,918.6197460063138,1138.659911941434,106.81920083755594,792.6833807956749,1818.6783017042878,75.83036457076558,541.3216020025321,378.2026765450852,6.273911879613406,903.0305280942632,1513.9793793223164,841.6937384283364,1989.8931395725267,1751.3975462046692,1368.8311876457524,419.53135277691774,771.749903636724,529.9749774971185,416.6479175782206,1208.889953362478,1823.9782914494085,493.5167241958679,625.8051455408294,1138.964429366927,1936.6942259286818,518.7860162281393,685.2743421219249,908.58183124592,1218.7595122520856,1525.9616363067537,1547.0255916485332,1458.0137296903856,973.4643308095833,1378.5541793703396,941.3212277569676,1902.4053282520224,753.6656769187268,1452.2016495258188,329.6680663485547,520.0007042894441,422.330930347514,1651.9082530479027,81.58878961353294,1529.1105091500237,974.0846836567107,1367.5308701323818,1131.2383910216015,1113.8215057799441,1173.3207023510297,384.5835713636009,884.4700351409094,1827.643533683336,91.00052893561093,1956.1045742109495,1131.4498227478512,840.2711112431156,313.01034741409717,1352.7251671133076,1354.8606965956976,684.4678516720888,52.085326751653575,224.1208262801507,667.752856973803,1811.4993104302253,627.2482145980359,827.6883757668935,749.0121609060473,833.0623644589374,82.09771851524495,55.21781855607798,282.7446166492768,130.49417543229313,834.0325903927262,769.3585638308252,1441.507446530914,143.66925900908,318.5891183022378,1661.796288750806,1228.2543391484896,1954.8133996645358,1333.9370459101237,1762.271031955353,486.27612840144997,994.4787285125527,1618.8318125288465,1504.8972648813249,280.1661781918389,707.1103287072399,1715.615714532533,1797.339585125734,45.77295834469566,1575.9108141335464,1468.4528778916476,648.143993803849,998.8179674758587,849.3838162772397,894.1017461848088,580.6652161014817,334.1184351792909,777.3139005135013,1944.2194532380329,501.62507252469135,486.6811072442454,1131.4598744789193,393.3186968209888,1548.1632198547998,1183.1061347306475,1357.2170730254334,676.757222169453,1938.9794429187937,606.1087225632627,1058.8807023807087,1316.6458820627447,235.54871827858435,1103.1724434337382,476.277604644457,926.766006708608,38.3497216344653,1736.5653944918326,131.5776019522882,99.1734451202195,755.9408915065615,1730.5892017353135,1340.703050415144,424.8035150704153,1928.7714625417086,305.79846801160807,1453.0304817732952,1284.9029862570803,241.75784914027162,1520.7224180809187,578.9239762336514,1237.5539919318169,1631.3602634910653,1114.9867721919136,1454.9826151898367,286.9518272575551,601.3862801741045,474.74091109861115,348.5917498489232,1520.943819242298,1075.1845610867247,394.25309420191707,220.63167900474951,781.443858055239,1465.3292821589682,275.98025994710815,1259.0078583278832,138.9712875181525,932.8764704411587,915.116274980323,442.35613857541347,1931.9845119577087,1083.2433592697016,1666.959660787397,1057.30326019395,624.1195079931301,1692.8243112190569,1709.2061469752612,1516.726079357155,43.35452633235868,1771.371405497467,32.41504894995715,850.9726555213086,1193.9285218666596,1578.6787524522026,1408.8274778803022,1882.946328077871,1977.0789104125988,803.4720287904496,1478.4090339208776,405.1537360091728,1548.285480493767,50.53854815730157,658.1474950729618,535.7728372614473,1778.2109181210722,542.758930784078,105.92453633342433,889.0581687052089,1092.503268053084,1698.2410639323107,1564.018476446328,1921.4624813881073,1441.128608955111,111.93029528706742,634.9063984241021,1160.4801387516436,602.2753961458868,869.5375236869951,980.2594117654467,1672.8512005247494,1228.829193751142,879.3660836378197,1082.920518454172,1995.1200424222825,1445.8330864378559,1402.7940095495842,16.780774222341,1346.812677891633,820.7557013407092,790.1144855989025,877.816688056395,360.4884497513299,271.3364068362902,1892.9314930692162,445.35321609861154,599.0338169360989,902.4340990417511,1218.2981375163092,937.6671057234499,948.4817367024609,1438.4291854196413,1866.7820607522858,165.4898989440808,766.1427170192908,311.24310119779955,283.16954201270556,1011.9910182560862,1893.3041037283695,7.440406274052794,1115.8089527039974,219.2466169984388,114.93441188183617,4.660344787158326,1187.527334516592,720.3487220432547,551.6863993578963,1924.7671150230544,463.1103520866569,216.14149609799796,102.8963681571232,976.9592918305098,1419.0230423624332,767.1090438213329,1305.8060777720154,505.5197703998497,1231.9899703792682,1027.463500904696,1184.9448128619242,402.27780966434943,108.80683453543104,1544.14987560375,1548.1433873599262,1770.092564127628,1671.3660702617042,114.35209310094194,837.6266512926911,211.97756569288543,1803.0140255592928,929.536696195911,1121.0912385396068,1349.5421640612433,831.0670036925987,753.5088440338536,1805.5891926663794,1843.816349021549,727.7438385574932,585.017247677837,680.6502191984501,1634.8988660402886,1037.3685914111354,964.3044566469865,1461.8129148066528,1679.679840727153,4.725423277349853,991.222572966737,294.39293498411973,544.7903148213376,599.552926568027,1818.989990090348,951.7317830765876,1648.31322345531,1952.6807244138388,342.11070924649124,520.6753807163212,1081.253395684353,1680.2010369789773,186.8120624302746,754.4462758235685,96.27021995951733,84.41065678771349,390.67829150518065,1061.1565226317034,1645.9819171256593,875.7443767207111,1762.069682862326,1746.212702757394,1105.868508652822,83.45635273201923,1670.9590409616353,1398.7640221132478,294.87952737943067,1804.2089127171018,1456.3815294612139,1816.8973179869158,935.0736203320204,1222.0328528420278,1278.0929007574769,1156.2219181571215,1640.5760161725564,912.0120251597436,1922.437401001174,1279.9793136553624,621.0708746690171,1152.041509919155,174.84734093517667,1185.1615119055932,1591.0544461629029,612.512398975371,899.7608382323509,54.191461957487654,75.33326057998721,1637.4305108344406,1880.5962920671172,1555.5030013135054,472.44268404100546,1286.5890738174517,1595.1233371039152,110.87712503465255,213.31890666256845,950.961660609089,1096.5789435600052,1030.500950868995,671.9151420347541,1838.09018028695,363.38473072877764,1553.0950237451978,1334.1778610760673,1993.5693342427153,26.444827226996715,154.5643934816983,228.01330593219188,733.3729460134273,958.4347657026998,1687.2810384546626,105.09125195688082,671.5462330053507,1685.6440212912319,1444.9488336873605,588.7404273425749,746.0955682220423,388.76671133352596,668.2225030237237,749.0173613716573,404.43441763338564,1635.9791610493614
long-conventional,0.02598405061394149,-37215.48095787226,1706.3903161169171,1777.638824507747,546.0085514736965,1618.2510036973965,1146.1971054067842,1912.8253563300302,75.05197097198948,859.7395811894671,34.901821607002034,224.55384446870696,561.3630100226864,1392.154535099368,681.3031702706638,637.7974700410374,1653.7001468550025,1514.6108796831015,1238.6148628808935,1018.8227752444565,157.867167685254,630.4525316470213,246.34108705162282,1880.9663302820102,1195.9291633592356,1110.6500925759342,186.96797481376845,1812.0265939688634,882.0796000745341,1572.9621629834728,330.17025597262005,1443.169358878548,2.955541961143738,1730.350182346041,244.49548303290265,910.8499482757671,113.16135336689184,737.1615491728886,1513.7293930814265,1914.747179398043,857.1311202993602,1730.1879775975613,224.20979201163928,13.867607072414238,432.4083344618676,179.87871369207969,232.20598392792655,1218.5710284234988,1898.6740295504007,1130.6610101099284,445.2337305410801,821.4486491270679,1531.360413122825,605.1626883218137,1300.0385861094137,1579.6905684249236,783.0586491478123,988.4756452469524,39.17243154259474,1866.8567817237408,1015.3603580247952,1320.6644769426657,298.0398360159395,1088.8937418820324,1534.3727561406256,1979.2716291266368,1381.350138068461,1211.1040840207293,434.73421010709495,132.45053664605067,851.9303082183422,1665.0322401390292,1779.2418075668566,134.4862524604124,444.0769805522985,1760.7288460923874,1606.1143364385428,605.6735707893331,323.02970876683344,513.15542279781,214.5887220931725,1405.7600917593193,325.05677441820666,1604.4493630551171,947.8745328957041,1267.4476596180095,1495.6349418358423,450.2880325857627,1553.9093626058213,1038.4591147450383,352.6189146433235,931.383542550687,650.4818376204038,923.3514335449732,1467.9262881145962,50.09749601706979,64.5374979942971,1297.2110519647536,1159.4595621445992,1944.8911452149437,1763.1890986273372,1915.9025029424895,156.97551992370398,72.845367377889,1370.622821535109,305.06625377760025,1713.7653365462918,303.71226063145224,197.68715793710916,135.08452368832306,405.4301795186959,465.84935381482444,1159.4374469298612,1153.5423597458948,897.4906293347642,976.3445378463862,1599.9579657207964,419.79500442020674,1352.3517637529224,607.512216329436,125.27108115060393,1949.5229679342713,187.57946980166628,735.7010567715407,1541.3436236469556,1881.864970771816,336.91321099367383,373.9141179171054,1275.2325610008695,1771.326722315121,567.2063266091811,795.9071465400501,1101.4039566466442,92.08342390447034,1324.7012721763792,141.31717047294066,1242.01876128374,1687.8941683332016,186.6995607709057,334.9320019216426,192.21581726434584,1928.001655394498,1578.1114788271448,726.8829421843134,179.01728075931982,163.5309242267987,1048.6238022474752,274.5896686320379,773.2519467196335,1639.6996836533676,166.70719692295543,601.5760703575788,1955.8163290280754,776.3227603209622,1290.0892604268852,1632.7011125008553,1938.560046576986,1053.6172088061423,536.1968546342155,210.90488892436412,505.1373810028717,801.7253355803766,1211.3891700636311,453.2448052803307,1081.6998784099808,1599.6538098591693,50.84508447306494,1129.4481865082269,494.79986287742685,1046.0853456768853,849.5611766483513,567.1959788794534,1583.7231231402916,840.3916214056516,567.042940943497,248.49027260838017,1787.849664227527,836.4197150430307,1628.5838267213912,701.7942278614256,1139.2716414505257,1390.1826538152914,462.05950283288,1251.5025712906738,59.00849792567368,1539.8621622819562,856.4424040553417,548.9007442685646,88.57892248223584,813.2073942215453,1903.6437767861073,850.4960085498029,1781.7702002708997,1216.6491995814606,1704.924740634569,1905.4144308602533,1362.010466957322,1219.515700927901,200.24932587060113,1670.0815517468498,373.5410965370932,843.8253547305962,1523.0010036828596,328.89308437516115,124.02028745535242,1632.9224782334036,580.033844392702,820.5155029628681,1084.642149470062,1515.7786144013573,898.3814309699544,671.0390509069375,38.291313052968114,1501.5165719291238,154.15581381548998,1525.3969226791687,1217.4217965233922,846.9137501743141,1045.3940604019815,615.0086021589569,1246.9934841880702,596.8901243981513,1782.5855843757492,1469.5528532586636,1605.249002530308,141.33697381324944,1030.7778421137486,1570.082612917838,472.4126552103689,1990.7693996767287,764.2380721019292,1697.7837769122632,1329.588035756813,1713.4701587007194,467.9404501103113,669.6767143164583,736.4284120788692,406.6154705660399,1947.5317001121853,1149.696173448278,1552.6493143674247,18.013793379112073,1794.2321766858367,1237.463644429638,1084.4165361315904,1732.1028288767488,121.40454576531896,1071.8734688664397,1722.0501803903098,1718.1462143521087,632.8789656596181,1971.0658847659822,1623.1024485389885,1899.243617229445,1851.2329970304318,1299.2290081258993,1410.0377747574396,974.5742682284988,878.5469051668846,1890.3885953042798,1402.4590503689235,511.26961754453583,1065.6429153127503,1213.046544544229,734.7500048739025,933.7042031556387,1164.7240536070688,1059.0549086958974,1812.0748657317065,583.8436693171022,492.3948420204334,319.61675372934917,721.2849481286452,1720.0646218661568,983.3980573273569,701.2533269701711,392.16845689071687,1792.6987626044279,1324.2548997316185,412.0862775666656,382.5157845128347,498.0769869235147,861.0764346397887,958.8290163532973,643.7062009603168,358.63244364446086,40.234290264886276,1646.273411637418,1059.0882680399218,1832.4601447757364,166.74600420406773,96.47578149730583,1463.5666927341474,977.9614553505492,609.1324390318116,768.5833347709297,5.3574035151525665,962.6017069493427,1209.3873128474158,1937.961223268942,654.2736959104363,1993.0133988563186,1499.6935406521607,742.7916352738793,29.83003519416645,741.6399289304745,1667.8424693430823,510.0374622863717,639.0467530895536,260.09449707400023,1120.816030133407,428.97479871980124,711.940322368185,1275.9082091806488,1378.4327887827035,1291.1242448704522,1061.2806623219956,25.334979513706134,1084.4243263119251,585.4636438185627,1133.5947426477846,949.2420108146729,847.1335362728117,595.5374145744574,577.1928387509257,399.6175411949043,421.5656891615059,536.388707530702,576.1726049380526,194.15270843636026,1613.9809322623182,476.23592880461274,1630.1851278966892,1135.9809860791274,503.6416008524967,193.09179997218925,312.6364954599693,1176.268480947488
long-conventional,0.052615220761145665,-18772.80190228481,937.0065398785007,1073.3798533814886,1962.7119433747337,403.0389732143759,540.5142725383515,1400.2022850890269,622.3777235363542,1063.0683654516588,1791.7752743438796,693.0524286459182,201.95063814360077,864.3576120923216,928.0805840703396,689.2312534525149,1050.142618477214,1928.6379919673018,197.81056140912798,1639.742158045409,1811.6976165619128,855.272811702029,514.1936262105274,967.3185781750897,860.5707811028203,230.07256968086742,1202.7997148887637,935.1101607455032,1785.963794188755,76.34932207218431,460.77889698547244,628.1974813010821,1743.5701995933844,286.91786662118074,1367.696948960864,1541.8931836338145,245.51170513097807,618.8774530709817,1841.3219979818625,1630.9352424128094,1314.8468610069808,662.4650114871425,85.7839860700958,587.0254178839576,1708.466706123448,388.60016083453183,1863.7156561320153,1440.3654952295192,615.7791178920786,925.7250069312308,719.7484854000261,1913.396147007482,258.1953718479577,1565.2986436860851,980.7108888501767,1604.5643429715062,1119.598305358,568.1566289891265,1640.8794450323653,372.9910588223859,880.3401515887392,1715.6236376152533,1324.2653685663545,1202.4331404501468,219.78165706645092,379.46001051638325,1618.5821072465096,1168.2499296460908,1201.6637323458558,707.9854764549319,1408.8206219546478,1797.5373457453725,495.322541954994,1920.9321468353558,401.62301952939646,552.8767549380889,1125.8318056425896,1146.9908881135304,1337.4373795945046,919.4900424078741,1508.1200034676965,1444.6810823311473,759.092169621004,995.4321355623669,1903.301607503344,1444.5574956238206,1818.678333979942,1194.6323595691813,159.98306856145612,1817.1356071088392,1150.5453240285144,250.0619451044046,217.9954173899899,1590.4951044163934,890.1464783658224,469.879489238984
long-conventional,0.02224075479207155,-43193.4485419137,242.08429407167452,353.3827218205322,94.61001972413996,96.45620751351765,1989.4951253276386,1358.5753058310231,1947.1671202179614,1649.907305017885,164.7238992849046,1431.4948067571606,1433.2906691090543,774.9741443448621,1363.0226468713242,1584.7592487982365,1509.4832940560084,1862.186459215981,618.2603472133169,1372.233567514142,1436.7487930668472,1581.9357215452364,112.33654285651625,277.83928471696674,847.9043044410485,1933.326656495113,764.7286393092152,990.1135108125668,1447.3666432192506,1761.9884225399746,508.89858508100235,231.86971851257059,1966.1309385358802,1115.498346413324,1525.1470101097466,973.1310740819757,72.66247489501738,1406.9319026072922,1370.406348642384,221.89742041153266,64.90275054481205,1376.8987258467914,1706.1883569720055,186.5651516017526,1633.7648539355157,919.0194967309719,753.5688335442386,1069.2978610230327,1222.5881390373324,472.1274799308915,923.403484416506,27.251972159971295,1385.5888927446213,570.1288227094101,1022.9980828443227,628.7660205027358,890.4329710801284,157.65261637973657,1480.829428447723,1181.3342143536415,1613.5119662860031,1930.0535744611025,1108.8992485478698,1795.8118562460409,1109.0114231465805,1632.1117309997612,1161.7224198852682,1283.2009629828453,153.69621031271964,277.47850422896585,1674.5338824960538,672.3510134494277,520.4349176788857,505.29346550971815,1075.5861747495233,576.6687053252289,1721.9969191732905,632.0165341954964,875.2789883920525,1390.4216352508467,352.3236002292686,1021.3089254023662,1938.4511872579471,897.6624762205248,1527.749780104209,1817.035077884361,1002.2762118483989,1326.019866006496,74.92875381284507,1579.6210609395735,1801.3059360602954,1244.3472654655682,1361.2624992912504,106.71730605061082,708.6699307977913,878.5795078279996,1991.3600857585297,786.6793914700891,1876.105605794923,1815.4877371316682,1303.2679898711729,1162.9315790519274,922.5323492114858,1468.1116245572352,1014.6525408016397,1179.2351766780675,1626.4607939137165,1016.9805118002331,712.9092011030449,1075.3146141255324,768.8965671914042,1622.514784848047,822.8472262090406,163.28257025708498,212.67945313853832,856.6010050732707,1753.3525070941143,1174.1280706860623
long-conventional,0.017642766633004348,-40954.075582933154,1360.7230448825198,801.4965413170647,551.6684758559944,1472.0375505579957,1473.8012766688926,1065.8277039825164,1151.1750050132773,26.061212527756762,1858.6191183712647,1863.7288982477319,1366.921737493656,1328.6647068909492,884.6741155831486,584.3521039409329,1782.729867764746,1336.3041344304424,163.8820039269011,1343.5210605713332,1653.4994602229585,1231.4711350195373,664.2050890558965,1113.7918166941924,59.55705046725169,593.7454239531112,1730.1009297026153,1905.3730373040646,1683.0123916075995,1252.090361631506,1514.8846694414674,1750.0460922788302,1101.3813094724494,1603.0187763470583,625.4837969433862,1772.2646163225997,992.8708815106173,1825.6492443122356,482.9090291816743,578.0305127615817,1775.7035026784554,1782.8320576503943,565.597112363051,709.3152660134797,401.67812935594816,1318.3032578703894,1061.5893112233587,567.7671649040735,659.0244727336185,947.1680899217533,1167.6672511033162,101.84336253305338,874.9568461570776,1551.2827324754696,1683.8826435843123,1999.2898232304974,1608.9129015364485,1692.41438285302
long-conventional,0.022832656555426212,-42243.50970434971,112.14797560041613,871.9322727703741,1678.635021280706,1199.4361686628088,812.4010904221519,1111.1948621414242,877.4676563077725,1871.1898090314576,659.6176809110617,1236.6450272031434,1170.3117178958532,585.5230274574259,232.3051197746598,756.1865206801,829.0699132204502,804.6872487019556,464.12467483102154,795.2276760103352,240.2096491514173,391.1127183798769,1702.6587912420869,425.56901700295674,1900.8715245827832,1596.5045181508376,71.84169457843215,474.24371801388725,1004.4194715262274,191.50619402868432,1917.231486936813,205.25380798630218,765.975352638204,865.2063924713775,1311.8503370070844,1589.6400051079468,1805.1716391967761,1806.440617908016,1070.3832553812829,1008.1685055402921,1849.7433197078121,270.25443386347365,1564.4322302382957,270.8532625096782,1627.7355356210787,1248.1232606995945,1782.5016021614924,1973.5054651856706,817.7131096916885,1359.4283552831955,1304.9170301051013,1157.6415145490157,612.7638978071527,131.1903794493628,471.20815099311284,1509.7684840529892,1541.7302690627218,1113.7593813088915,319.55616625332976,197.26330307060448,399.5909561515173,1906.7601711696352,1836.6247598472944,1680.9280075917288,1053.827204485166,756.8578268273692,1287.4160656698111,214.43333546525693,1866.5934710006065,614.5082710045466,1807.3872215863,1222.2693302407727,1302.5354174034524,950.5777737466088,1736.2303717126001,1666.5549827760603,290.3858121072294,705.6999138930117,1069.368337803985,1995.747517844374,1075.0699722540703,969.6191924715065,573.7394925069685,1517.2614632685704,1617.5314290328188,92.00210257875443,599.5645779485686,603.408209490261,566.4382092612607,149.58173955233485,1231.2644809082249,66.95074470787611,343.18217370164723,1979.1826160615417,1623.1618270351805,34.54434035618522,1752.851060266895,898.6045394433785,1392.8299465119937,598.2639169003894,954.4644478883929,1133.5380640721407,1066.7611423600474,348.31061743991006,1381.7569321275816,1165.108688683046,1777.8644181898333,1042.516008237465,894.6625381460788,225.61241414030775,349.1821082949766,39.43884718355514,1105.0873093858957,232.82740226420844,1930.1603481255866,156.5833905902608,1378.9263877242106,250.5257684876745,238.91354259154204,244.03779939843758,814.1767490679305,1409.883961862912,1520.1057108380896,175.32242135292208,1141.6161951639986,898.4786108773126,226.37830384016723,1397.842733799777,1403.558615539871,82.54658802600798,395.06637147670375,403.05009532520097,546.8794418823386,457.47742963727427,1948.989731469769,1898.8257137249477,1596.7626487428429,575.3056422476865,1864.724603621073,1224.8903186250702,715.7889586386,466.47299732528023,105.2069426189936,1981.8160113873814,299.04484490908413,455.2552185373967,1282.1860939168039,660.8685862099019,1853.309024144466,1143.1751447205565,1824.684254677399,779.4211475098159,985.2444880802537,1632.3632767024858,1241.5065064613407,1705.8939543142983,372.275667828712,1129.6707437455646,902.2797317676511,1723.6677458077947,757.6332336147495,1569.2016563880873,789.1198676796934,547.6602645935704,438.7172331428072,1909.134412984132,1158.6669643985495,1817.389958791485,1122.8874867856268,1173.9855976300892,98.64725197506257,664.7081588322002,1073.9640543286307,4.983348142683997
long-conventional,0.14393479575468993,-7254.200380415363,243.08445633653227,1473.2680266029415,1681.0235263476677,1644.338201628691,190.43571162504517,1170.106929292025,1723.230939381088,1825.4724449649405,118.61717831296023,1530.8187173571669,98.45851600920466,591.63585533545,570.1815190003695,989.6910701642721,1670.398351735342,771.3095695103864,791.8434608222046,1968.5211202953735,1668.1109291142648,13.69601138756895,175.31044635989699,107.34037305485721,1242.6867647793983,421.46761272585366,271.340415256986,1670.921640693137,1539.4573352032428,915.9546990545333,1424.1313683149094,1509.8239741766142,1341.843426651713,295.60039854879386,1340.6204056013123,1313.3205195938071,366.82685501305065,1201.7920966533786,1486.7017300982054,1715.2350600635918,1953.5268447908693,476.568913627831,1891.2993774370266,78.01254871919048,1627.6486816188715,173.07625886907348,886.6789896400724,633.945101895953,1458.441336598123,884.5105248295574,1981.5886666798663,139.18859847388305,184.31408050554472,189.15654698067848,365.30568927227847,1927.8234344658003,1060.343012466974,57.86840456986786,501.5499172527759,949.228258955246,1549.0948902263935,478.90985503529646,25.053520025918097,850.3035589046806,197.30832186623257,598.756136299786,514.6879427876396,1561.730481283685,954.3083963814412,1675.8615368742685,1108.4236256697604,306.0763434401847,239.88501387556235,152.33483300109177,709.0466773041283,1473.1779011035621,358.6080788439912,752.6847060309534,570.7829113399267,1585.8762541259955,1668.261096110105,1591.2619942510357,229.82986745946098,1981.5506200135078,509.2993127191865,1422.945632218537,1854.5408005278227,1854.9345839775492,917.198306891738,305.5057083416803,1401.7844889094908,812.0161871025841,1794.0419296243178,1153.228134177285,1264.9977602576314,533.2415719883822,170.61605090619355,254.93121341949654,1974.8827926272163,1158.8945147168365,1029.4178032079205,741.7405037777063,683.9227802879975,1665.09919520665,620.6674412354696,497.83649647478796,184.82118060180807,382.5837413444204,792.9662868703424,1796.196072356234,840.2546254645947,1492.1391058667884,1228.5393243266276,1453.2357388671935,179.09161099538244,1234.7836991790134,768.5784362435045,1167.9372788480384,844.9535766577096,290.20121164365656,1282.4659155187192,426.51417512249014,88.31693482111221,1884.032965661997,388.79052464204403,953.2729466460504,697.0943278662905,165.50908610800985,1693.5993515859102,939.964908918375,1472.7412458252284,836.2402893320063,1154.5353207538797,1205.4189187574261,1632.1109521438436,1764.4901928663712,1093.7816283575912,1243.0518166932425,943.5546697140162,1108.615158035343,1300.9979296322226,39.61901989422869,1341.6358458574884,1399.5113611152312,1652.086718211276,1052.2161314489992,1541.2654359984338,1483.2672547834027,313.10639196270887,51.01537036020496,699.9232688133602,1915.804636130499,173.32757304872598,619.0606109344022,500.83668253596755,1384.3716461813676,258.66800415962933,354.6072277867915,318.93219361261913,771.238045195023,648.9935282874919,1698.4570267076606,437.7033791895958,1687.4192256098875,1058.4940433305294,1454.5721936483951,1059.8952142881478,426.52403250558984,422.7406245062698,301.5975174677411,1478.7103708926622,144.06456807429257,974.4933367254603,83.52931607734972,804.1823745057981,1157.370566013716,977.8230310688239,213.41907163362518,1452.3344381115962,669.9162129845809,823.5816929847016,632.7648983768189,644.220321263747,498.7274112353563,1013.1317170658374,960.1078480662986,167.37483336671676,1474.057424074219,395.6742590676452,1847.9203955131165,1466.2922635599105,197.16954172914024
long-conventional,0.022645613368654338,-39893.71848627821,83.99187226781203,347.30634226169207,1799.5022123474453,934.1257233445833,1152.5858834974629,45.188059456112256,81.91032332949892,1531.707280697472,662.0170519703638,877.1995590085097,1648.7860457698368,1401.545587127412,226.20768714883081,767.9132846844877,1857.6799373656072,1548.4126573182014,1321.9067463828533,301.5063960018552,486.6528784384475,582.2599527591901,1474.7253786444276,526.3003927467856,64.43077493689373,673.5526202889401,1102.8633794432596,1855.682532638844,1689.6495576404095,612.5325678245231,1084.181509041599,771.2677745832796,1244.1191576254869,22.37891130660684,741.9682458833174,803.8007117760825,1826.8830345802337,964.6669354231144,1789.1722576922648,700.2761461335894,305.2494529681705,1310.6484545006297,16.325101660176266,301.7695063766302,1313.7444528200574,1348.6304548222324,119.13540085363854,854.1764473464689,1985.2364715263357,1293.887048098722,732.3867146188137,1132.649707341166,74.91802244772953,647.8739470765091,1669.2974860889983,1768.8144533046222,418.40754141370456,908.1264329548316,450.5014903600741,1653.2774825344964,664.7139543338967,1634.3166794410038,482.01539936591047,1620.5183433658813,1443.739418121291,1460.5226616172138,1529.312843764182,600.7562146675688,846.2191530347884,202.22603394575978,1346.3330190602846,16.546287997402782,1709.9787549645878,418.97343234130295,181.47638748846342,957.0741839370731,117.41503997752837,1341.0268033527864,814.1772543922984,1670.7501658146514,975.8347598182493,802.7787326000538,1507.7415943893259,1225.759927492584,989.0391062661835,1933.2277496709316,374.9340151032668,234.17596795209192,1217.8431154691248,800.6203483093117,436.0804487369718,415.99056487512973,1498.79875996058,1528.9194981942255,115.21136434912204,1892.4492900978605,752.5729447935515,1709.1808273769734,140.07804908870483,1559.9903380368337,781.2076265860434,555.615664378188,1027.6844940196088,1182.4658315702038,249.43717249906086,83.69512978355282,329.7131537828201,766.4219689495575,408.4095265054109,74.90717860069498,1578.985127686514,881.5727436321283,1804.6450175729483,1695.8913775088004,1923.7439357587866,950.9941709666067,1543.3534461430029,762.3080576954417,1431.57614419323,1520.8395903555743,521.639228556884,406.794863491222,1061.3243874737784,1934.5286992022463,1813.4563978041444,643.4518649317295,1625.2985241430904,1870.9488896061273,397.23378930237357,467.65307950538664,649.771424656377,272.51773773245867,1804.7339557210103,1865.4708094431273,1127.1572115625327,1267.6033208578035,1166.4183435179827,619.7219926294348,1218.0688823271003,779.1182733341467,1509.260079153894,1318.87004533657,1090.9804289264819,1646.2286885942228,1833.1540431434623,263.62133913462395,1218.7535671515698,370.204885256211,1557.0614775252009,1324.8199827835053,1626.9666311952099,27.28300457841402,750.0848097207123,404.4095783779097,1295.4867542974337,15.77073563128878,1179.8901210656754,649.3713196366848,1477.09604901502
long-conventional,0.023134925493270675,-42532.05107084589,531.755918559473,1676.2931653357543,1249.3152600398898,864.2664898262024,1355.0768432745774,1338.466601353096,1655.76193042626,1467.592269443018,1655.8268886357516,1099.4281943649257,735.9906541183888,147.52881738269522,481.7206673447892,717.3777067349175,1898.0885832125473,270.89726595323083,89.22481475590449,1262.3707251103483,158.17954889708253,312.49486002661934,923.7290188517035,1144.532710201536,52.375315210316145,1081.7890522933358,967.5804788010767,164.313108029978,460.86815517432365,1902.3660097407326,195.26213723014436,425.8077527522487,685.3036621123722,1998.2351800490724,134.1065514720125,576.4090330262155,487.2890447590879,194.59084434579628,1013.051386291355,152.9870876197936,1341.7857249016424,1695.3839906515084,1047.3668106185996,1744.5169400387606,1399.7982965518627,1253.9671886634574,1436.6103777013905,1630.650213913919,1718.8612156343954,1063.9563552475158,1766.9075715371503,454.00478157175553,1640.2660656166233,762.1713174474584,1522.2523255614415,1875.6262252254771,219.88121883893587,1363.4856292655732,1096.5907492261708,340.3646833178994,1855.453436733381,1693.4634769476286,205.72747846096905,1677.3346608966494,1307.8780976368691,1447.5221215903666,925.2018066312868,1315.0940340928717,1953.7738714039854,603.173319981792,779.6579379463042,138.7966933948361,457.0810654274893,763.8161491458798,1673.0587728011105,179.76004962378119,1995.8758290426065,139.39452613593957,473.3189692665564,952.4637920356419,643.0848464023732,1586.8549606974807,977.1793090915647,1802.5961542674318,655.3313864463133,1047.3944962749079,1336.6955043043831,1764.371654352513,1689.600075194364,624.2050906441175,67.4187026124889,880.9785497653852,1885.6301776658074,638.4211960969362,1137.8933421408606,818.8527469075739,27.849840459005932,417.79898085730343,377.3363123285204,52.987550576568644,298.0539370987469,1069.2168661238418,830.2419791854733,1705.9292526787938,1123.8898423426663,189.87572762931242,1395.5256501726021,743.7172709852873,1375.296046437259,889.3129393904869,1650.827106989963,202.9115711650471,1170.1922305268274,1949.2868201054382,1310.7768162194209,1131.0387978035599,1594.8598633256236,741.4053855538305,399.51061493351074,547.7057984465893,1935.1286159933472,194.73637635741508,933.0727888994431,1751.91202366516,861.9850492106073,1822.0381014292848,1668.029998443139,1824.9278206358008,1750.3295819258274,1823.0454492545575,1242.439030793593,1082.9782173905965,1741.2571338860475,361.71697773577654,827.8880517097332,1898.9133198630352,969.1740385224758,569.5065358081538,1850.9860098854374,1230.195862291732,90.22254520314027,1873.1806150824013,1109.722079772274,1234.5621909468593,31.485533789639323,295.09611560768747,103.39585367752227,372.05750010666634,569.4830104528404,758.0028044490621,1288.5181426147578,21.5326992911363,636.4598127916263,675.8460695551655,769.4782231851913,1959.5771601929762,1209.753209715113,1136.1908469524622,479.08085079415713,783.4102742895743,1250.9003990495237,1504.4351774142303,1190.5902779760443,352.85793384754584,543.4255495399732,474.2573610533827,207.43353228057228,572.7087703421041,1201.4783288514486,650.5814452699642,911.3499620495874,1398.3687280811023,1297.7343356734089,1109.5147132240131,664.316774104579,1553.0722420271006,1504.337811356714,1308.6102295165435,452.11073493826,1656.2106407891074,946.7242421319828,1538.8619244232773,378.82429109448003,582.0518680540295,1924.324316476943,1680.3816564604097,1378.8345128118308,1132.6180623945463,525.5141782049074,1370.2082674664957,199.37591225153753,780.4220081294882,551.3747497441145,1449.319546081714,498.9459054397335,704.740669126014,1374.0119615243661,1191.659715467379,1367.7375197949032,1752.2228865075429,1194.047287343381,1799.4169479435516,756.8679201064125,1696.9535276495212,1112.9308285777997,14.444741890087533,67.52210648998658,782.005131685978,1000.1781859784148,865.1879666200962,279.85057055762593,394.09007179583045,1319.4671293253805,352.90633670342476,161.20879182958623,282.903859529063,1170.2008118907784,1504.6676259705123,824.8307119300133,1428.1369855217094,1357.3803056565425,1642.136170335451,450.62662345471244,1849.7655044440355,178.87355629177796,159.47888564983265,1041.6991546832749,190.12505815716816,826.1423690341538,1418.2466251188887,1790.556936631117,1706.563539342901,1710.3835392172532,1181.3084800574293,794.1837186835739,1120.1311460149043,1473.8877840408538,1710.324501403976,1176.3061002237514,349.31485942902714,1661.593230832089,1628.373439425909,827.7953333351095,1754.418213027142,288.0748197510341,1004.1777782119932,761.6595844165673,255.80327474715213,1138.7201199455076,1850.7418193206113,1409.597815341964,903.8790014122088,286.6027194388637,452.18282225350475,970.6544975530873,1778.659811271232,1510.4777667433218,717.4410407014831,1328.3640828226748,1067.458783967424,1267.7341751432264,1131.4836340735637,303.3761423887469,468.19694272088475,1588.0443774887317,1825.9544470482501,1731.1802521352001,193.7241476254307,1135.7066658792537,51.16398629709929,417.4748625342205,68.10190983753938,1528.382683519134,221.58079884069406,1356.4738271163753,1004.5991331813412,1240.346395529705,146.77025851396343,981.9646444425587,775.228139407761,1757.5657795404084,285.83645863086764,255.8272013302705,1727.6766366581862,708.5128357058974,88.02857350770654,1761.952705069364,176.74879053992922,1364.0198807025208,250.59335294621,111.59814919186475,1224.6583213884182,1188.200200880432,1044.2785010931248,181.5262214798363,1106.7691101682535,888.3807987788565,1642.325829160415,311.90063066267584,1192.3139829267907,944.3118083072612,942.462458512389,730.272805234596,188.12102394957506,822.2454589790383,870.9508577410926,1887.5556509378416,914.7796632138114,1789.0680786044206,1792.4267600108917,1569.8611365962358,1944.663975586051,583.6337954986836,1015.2378425238417,1919.4222654905184,1700.5119331590806
long-conventional,0.06838995051029118,-14677.20303911348,1674.6300938365953,575.5722850523749,1585.959224768296,797.796136993234,510.45243264593046,345.31351803094833,457.40953861453045,1797.8372071103963,810.265272199485,1587.1346489380867,744.3595117131719,506.78561000864556,1487.220088621238,1283.249025012592,1889.6962547584808,668.4473074233666,874.7917110124367,82.9425563397447,513.124458517972,1614.27385538827,170.3137682803634,568.4524643036689,1812.2298006645647,1373.1479395406104,1442.8292828595233,693.6573419793509,1812.134611002529,511.5652965643166,1796.0260451455224,1189.0156645466714,307.96080597674194,1931.9226723572806,356.80214826300204,512.1007716800083,1173.6666360023894,513.283961525252,884.6849384365003,457.7573776661522,1609.9945386197978,1252.3676187046017,1138.4568492274109,665.2995713645173,850.3668495379967,250.6239431485779,1887.345919311134,49.76645003597137,1559.1246685954345,1693.1262893991657,829.0032755926454,1.3975778945906487,1734.746173518948,296.8889407541273,764.1706470774681,1966.1795628393356,1066.4782169458583,1527.7026252516732,1619.3373048783815,1513.7893970110447,401.1492213686848,974.0951070195214,1056.1074885700068,1851.4389101605948,348.75037220593055,559.8427467514522,709.0118770027048,1236.264595712258,81.26479009657953,1018.4492826933139,348.2062968175953,1115.6859353088123,1750.32572678632,185.11023566895685,680.9560574339877,1932.096378538183,860.9871044927744,1101.7901311270743,1778.252392736386,1718.7861605914923,466.5249485380745,324.57110739370773,911.1346348958847,608.1439086063008,1570.4561488330355,485.30319031296654,679.3598773133192,1376.779691333673,289.0842937904849,356.4359562449123,1295.2471755422694,1091.8388876645824,400.48249978521505,1487.3409124585583,304.2255103188651,1068.2253211839723,1331.8401537750979,1998.661585802806,766.4805701743388,1285.389187001149,1825.3100715355642,690.162507385225,1693.561429110478,923.3552576102118,156.1090288537888,101.1697366072516,873.3537922789682,17.854099028568903,1136.6998240660223,1470.1906674584375,223.2281160534663,1460.344572805393,1777.8571833187514,1771.3954085760715,1462.1903262981452,755.6531384430158,533.2876209118148,190.6609218588844,899.2031137833732,1575.463117356787,1115.7098660728393,782.5901726745603,209.7105925068677,1226.8645769988289,1783.2989491276753,552.9920312488339,1906.3818354988946,1952.1026733083575,1083.9177783648868,19.921814019866474,15.122651542870432,1615.6082478031574,922.5419095020362,359.2458706628415,1026.4254767064724,554.9440496184026,857.9589937911813,578.9091728600126,1007.6368599825257,1639.8154392818483,601.8072805012349,1080.3359432371353,633.9774482764215,356.70940339968075,1419.2321191031326,1599.5169859034102,1187.6885813923059,1670.637908198819,392.29181675757644,1026.5291228699775,1497.829235775184,221.73331928478396,1929.694759720282,1447.739689581804,1989.3158413211088,129.00684741827362,876.6205137908325,350.45565900590924,622.0217273153712,288.9258295608742,550.6887633404607,77.96063699309778,582.6393301172777,1547.6250168098975,499.2078233719718,118.87204232918208,527.1729751273012,1512.6954423213756,579.5485687185969,191.68681756045928,1358.1668315453933,330.20035662417916,1267.1117349870815,1027.3035048224908,254.35630110083798,1058.2256688719383,627.0243307948671,1834.9424254603146,1326.6539777953521,654.5947263177827,835.9051689953276,1785.2360124973818,554.3701646209942,204.89903366106444,1700.186925444589,1130.5595848909534,1361.2455202479678,1011.8773776420168,500.59431252520454,375.5301915995018,1268.0808853375631,1594.508084756749,1937.9918185420152,302.3514914606788,1994.5946186645624,192.4214811382804,1370.8809712029042,468.7173938342907,1329.9316097401365,171.55513526441558,287.88945728317884,67.3813075358891,300.81770017903096,1723.5797836826828,59.56683281842457,1126.167581242244,1555.2223386380742,537.6238867326342,1602.2373356205449,656.423725695646,650.4217578837486,127.82224327368718,1873.3000553001932,1782.5778108386899,528.7009602584312,1632.8877197804507,1528.2490317647569,99.54840653960358,322.479867146909,1812.6336336130532,1050.212405715831,1685.6649440005879,122.38043384866306,703.0244905051785,1104.318886258557,532.9674767348276,380.23625307050895,71.5050175536105,1799.4241227863768,29.74397017549488,154.52254246476178,895.9265986502655,1843.465055007569,659.3101254383494,1249.3766475977156,473.47863460527697,1866.625057624215,1423.5609942051792,1121.3218082436686,990.526757167403,876.5469668944927,1551.6387181372265,1947.2904643341287,1251.4939442905177,1567.123514708864,464.95839643849627,208.82679363702,203.70734287875055,490.605304799104,266.54400041542084,206.95225840054314,1097.8798101215884,611.5779506785749,938.169698543804,269.4057294433056,1391.908898253479,815.4821135579007,1573.6964184512594,875.1862347149889,1409.4445591229405,1323.0823815742292,1520.4045924797956,676.421876637438,89.90684434693482,974.5349220207999,1586.0241497149602,308.1001695630727,1232.859882497407,1398.5119885970946,687.8203141994029,431.16856297849023,1862.245211720191,899.5671520781339,768.7497194824124,1842.5292600193038,436.01554949405175,1011.0722744167897,1592.4002449982254,399.8610382304934,634.0681798199881,66.04569937738498,1488.8972078589395,1610.8916090541334,470.482252522171,445.2946443711041
long-conventional,0.032962668237075166,-29016.470348311534,1420.9715558214843,945.5832813590196,1494.1765732840893,1600.9042072680884,1419.11594579995,1054.4589922799157,1201.3906749406472,369.28600490547814,946.6690421442808,248.4476791615354,1053.0605398754303,970.1585514901423,1178.691868404967,1048.4342924858943,858.2865019560683,589.062916778464,690.1505301363401,1525.3703629368154,893.1065296389768,998.0922321548156,601.7992346171632,1224.5854047828527,162.52075715690523,1071.9405414076132,874.581491352947,87.67144443830625,360.90094665377836,303.80310323723074,874.3020310997006,1380.5021800325055,1032.573616844604,1044.8959898047783,1661.603663548036,770.6061284447716,1799.108892180475,221.6285704934517,1245.3798334981673,288.9164453251451,811.5085399102594,1001.9298575156608,1648.4271693141436,289.3788948702498,1302.2528145727483,388.4023386016082,1879.8377325095,1206.4036167995687,1952.2825043009689,1807.7575463876,10.930235425592047,1431.109282290154,319.8166592179759,1719.6199284455179,655.0033478393173,558.3895553190031,288.7475278902164,587.575227283722,1693.776642832667,426.4942134858664,585.5955973465485,1226.9992355419474,610.6804384656355,268.29699723927416,793.9601908775676,429.6430429614475,1232.3234878147239,808.5037254320068,962.8332278769723,1413.5389206659868,1496.751361353754,431.5741435532864,52.437038714884864,1490.2651341824446,407.2047328886984,1851.2330627068902,1138.0415656764708,1068.3985833093689,46.983872669655184,723.8648536939687,187.8837965558853,448.72433161340007,1297.2233967647385,688.855262696655,656.9432374282158,1932.6399353989,842.8815383322741,407.7964771681233,631.6252571512049,1772.6172130809307,1200.1235283325602,1217.6117260294186,1915.8855027725017,878.4645782078721,1606.6361760465159,750.5897567193979,1156.5943398591694,514.553978019299,457.94263311079766,1748.4555359218677,1944.3597747318875,221.36352671963905,860.7120306044095,874.2300089120168,1485.0322936155537,1888.9684046962027,992.700337732811,846.829676164745,283.00808610189705,899.9915057773163,632.8989421735464,1136.1027398170493,420.48492350883015,1902.4354512379462,1134.2051570871026,1650.7618246123627,1780.8882441659523,284.71108441100165,970.8064957435897,163.93997199599082,1191.3909094475455,670.164127474398,1855.0838350169597,1465.5278306071882,842.9170317105851,179.72543841526732,858.6704686299645,1288.5089236649726,1702.5238830890162
long-conventional,0.020593349384268267,-40668.56546817548,888.7912989352556,1698.1260780416667,1976.2943844144706,1250.8521894753392,482.76397429074746,470.78394994408677,546.7811631749238,476.51699044399965,742.247484681658,797.6766272052383,938.0203197450395,1641.1825093813488,1584.5649622958472,1920.112109191554,333.54733603734513,138.4736172982693,424.770976416572,543.1911024620097,321.8034922189296,1075.7076852780378,753.262440935311,1967.83752886538,783.9525257175009,151.2295308737446,304.7595068482265,1137.1268157040038,1670.5470450865914,1640.9080037528593,1962.355920988401,650.7050979840767,1594.7610278949157,1510.6579399234843,975.7820305247053,1446.6790263005491,1467.1438195527876,1098.461702818113,1429.8164038341079,406.8605534578443,1544.2823192522837,1924.5419953664348,983.758447817038,1358.5929282298807,753.7386648504611,1890.983264390165,903.1964531792706,239.8033798092589,1128.5549560054487,1688.1590227157988,1157.4517940279686,325.65767231083356,747.9570464455089,1423.664208620716,599.6528720155607,991.2611246917556,236.86859533851697,959.4878513755403,762.7373428755474,286.64843688714734,1310.1175659890025,1970.9285720169123,1575.835806042226,943.389541807719,1085.6628042138823,446.58411306177726,712.6901031087426,1767.0187237892383,713.6496737551878,431.17277432328746,1381.2299389747336,1506.5914166206633,92.2440884715248,1723.958776463629,1129.073872779278,238.93822239851218,705.9302402250307,1133.2905578070845,440.3389164836984,1619.2050364982247,179.34718514954773,383.99901910750145,1907.0715110182655,100.48630501634206,1662.2637317222348,1243.4862076468526
long-conventional,0.03410967857008895,-32048.74926079357,1950.2572063502296,1538.7848576106385,62.44575435971039,269.8020032595139,216.38075281699787,999.4469002129373,425.91799200039077,1696.9573194079703,1801.1760416126194,1051.8111006027964,545.9575413180497,1790.9549441060415,1698.0737592739163,1884.760311115311,1881.6300298215622,863.5814174208474,240.99858104280455,1487.0527675419537,1626.0348642584222,541.578581991813,266.2013948936127,669.055314749072,131.59366482422027,1561.5603902993657,1926.033477053902,803.8536441630621,1680.384583055267,1766.963931883823,1619.2361330976896,1784.8535408405623,712.8412271750549,1605.6000508075056,1619.2376337511641,1126.413021630463,1662.1883069485882,491.6210925459365,471.1059747832208,610.6780207582599,445.8093429424432,1243.955283134067,1073.7000674696624,726.7111759893855,25.981339964855945,1969.2848147942639,1279.577356672243,1812.0712895225342,935.2869009887673,437.3239973634687,445.3573250616392,547.6962384510558,125.66256938135044,1619.4313870608717,1241.4847202548624,1358.3659538705883,840.7302740257539,1476.654613996021,939.9601736068028,1181.8805569073404,1112.388386551797,640.3019311605118,1376.0952970841824,185.9343183532376,1642.0879731100592,685.9823346485662,9.18299393707879,1535.9074943345947,1280.3065908628573,1877.8805442083694,1057.31219839538,1764.573208573794,718.6906181088083,302.29232176839974,1976.2075607612899,1108.1541679497307,1179.479033966813,1579.4757369886051,76.80447650521161,1898.554590972817,1362.7328573731243,368.45414562991755,1533.9653064785737,1530.9324307745082,1711.1771168243326,763.9549639494988,1216.4699011027196,1908.802486419151,1623.874643635189,301.55271291640673,851.7264350475942,1798.389432855721,998.093606043187,1202.0155674369346,680.1791638190365,255.46106148839272,1009.6561938827293,1618.4423679660083,427.8319825159788,1347.3906745002005,1852.4624092460801,1431.039352491703,580.7199743808947,1230.5986927392078,1182.6818125588961,164.13741105361797,1201.2027952228543,1812.2284224727796,251.15727776670244,735.8206351214308,934.100291181377,1072.647207305832,1682.5662581580193,1163.222183786715,1089.4277911163383,332.2767133346478,1671.3047032688462,566.7296367801954,167.2285725676834,1419.3770412098515,739.1988206237316,1948.4829910261794,480.01418340965023,1716.1377473737089,154.01250814626403,1503.570320506169,1691.8547037399926,843.2731624604215,1949.9005238462166,1488.8856829789634,1964.0279576418218,253.00767048820327,1169.000922501727,385.80087508611047,877.7704821883452,1126.9580284019746,611.9697184350065,1321.726900041034,1070.99775970377,435.97592024078637,1868.6360825258491,1172.3750299707738,429.135773000148,967.416869548095,810.505137206992,212.79622746007334,935.9064644963984,445.5385363568042,237.55054803292566,1518.2135884123727,1811.5507599871403,1713.734825019232,1547.8095357747802,1870.910131574333,1110.776846954158,652.3789428973373,848.0570362530201,652.125484024547,497.9736036039034,590.1276001031098,1895.717324308578,1072.045163846928,303.1295844427956,950.9845782652077,901.6740920527934,1866.5750544539158,130.79296654753594,877.9570277740771,1012.5825350044597,1760.5871333261216,611.6726943959401,1549.2636697131866,125.5852864623381,859.7119943149129,195.5792563878641,1029.0920984189179,1785.5551972523017,1100.791172787437,1175.6938872238015,754.0509838324133,871.8936180291252,1423.503881214421,618.1890803086204,17.709113623499846,1716.7335562564863,168.78142461207247,644.2194656395392,900.7555529725277,1411.069538771767,1992.1620937492485,578.8992184348983,1898.7850435866544,1207.5926047011835,1069.7291640412295,658.4482326629412,1596.5109368522826,558.7212554622532,1320.1045593977801,444.2104590250324,1847.9304672884955,876.6134444143302,1912.9791849246988,1057.4707093625318,1533.0011176801597,1256.8101978632344,553.8698746492393,1205.8513097163823,175.42229166451733,1503.2708013672757,1965.4902790917922,1260.3770542018458,237.24764494373818,973.0502787282795,280.2509587377593,1289.7314763852494,53.89724744274706,1397.6779532119645,455.4565331405558,243.91506400114537,527.8583578421213,183.50518710201985,204.011956410105,1792.4028293866054,929.9241597688716,939.0628262762447,1715.4078484157571,1207.2250783780808,1761.32746460792,260.6106651512749,631.795387991577,357.93294995491885,599.7416397158036,343.0271390581928,18.64853525690164,433.02004736458184,547.1634178900382,1454.402924450928,1075.7922286028684,1953.8275861524278,852.8908261542587,1661.796695213605,1020.6941333991367,1360.7632056064467,1832.3754422885484,1284.5145654486228,1575.942811970333,128.7947556234921,1906.6461517686507,953.8522704335554,858.7941665040659,160.79316068075536,1135.7238120953918,432.17123280968366,1232.5721404139529,118.44722495194887,296.2588773045868,1074.8612061302533,1404.9079766757568,1028.597369401625,1975.5536054870388,1249.9365193166288,1279.0094409602375,8.41627024287479,1328.6324173786893,1696.067983314423,10.913637102026074,1710.4158513465136,411.749468131082,1663.0332550612682,380.93950262823364,526.6819434348064,1692.3107738672918,1090.9551999889447,1046.7906199532047,1830.8789356081816,1912.00615953781,293.5883646674081,1775.6157302889192,965.0762305977942,709.653607769202,1914.4381783877143,1066.6108450964036,1264.8220798053208,1889.4047659404425,1946.8722767514093,672.9521777868985,850.5443145861129,1571.8463734972318,206.04141825852366,903.7347072732877,671.767188346811,947.3618221144922,804.972759894438,1833.5057637268628,405.57782887524326,571.6145291072066,1932.1955805006812,518.0106136044215,761.1253497128356,1231.2501862183144,1002.6858172770011,1857.5487663918477,36.8932858163991,633.3399099583081,618.5462151204388,678.5030499802127,48.1716284166447,1699.5360113039287,1518.308533319783,1569.3210073692753,607.7776193668648,820.4405473218651,834.4903224681705,187.63696073863676,1323.8373444790025,257.5709002524692,612.8335199793423,1376.9386873689853,113.92139993562584,456.33485642255584,40.41916385965131,942.6180782553188,724.7107769821761,1239.7055440147265,1606.8114127484594,1751.7035996719883,1219.1841594186803,1734.3661906214752,1370.028203640026,1275.2388785849123,419.1530433698575,720.8437213240912,1128.3823180938791,1400.7297478879248,1918.5877456481066,1011.8436671455113
long-conventional,0.028983447504871807,-29707.818239812597,1199.263277730339,1154.6448642514888,22.00776922248886,905.8580982530364,1442.2055287179787,684.6308746507927,359.7204152932044,514.6572838517567,1000.8960355983534,1103.4362261585711,336.28069265481,11.361277436659375,1662.785837806304,496.6676434728122,1866.9043509609974,1396.6863834265764,1484.860127859163,1019.9610698607537,1655.315362687986,579.8377787552754,1319.142416925715,129.32519058595827,1634.8773409110586,721.0805929525965,323.78173665538054,854.3124731696814,1076.141771961393,665.0962043065725,1497.1130342197418,641.2863178692255,1105.9218246395124,599.6766451698315,1722.2215866683223,1988.2877356542642,1030.2718274778194,745.8762037419106,149.9657136378929,726.2521273462405,918.4991565705008,921.8889654756917,1010.0148059810288,1747.0643929263392,330.8614958787625,734.0794877405883,608.468196288853,1655.0355463324433,379.1343146433725,1292.8362243967338,1000.3857221171303,1731.8650540993563,1659.0549470476142,260.07584438732215,1321.7487131186183,878.4946205426007,495.19824629967263,1291.6133541731524,1310.5443209230405,1799.4849297752678,1633.0863378405907,880.1262253556544,1665.9551305876598,793.97733530804,1273.2174411572012,1187.0389547967422,1420.6131198375265,165.13182775444722,248.94482400642826,406.35633272259804,711.5791132069363,109.1030127339153,1846.7387155566325,1343.227438353383,1150.3530223457526,1526.3891553464216,941.4527895078664,1063.977983786508,1009.5696919790396,1710.2613756624219,611.7309679163138,798.7900208567465
long-conventional,0.08310904652793871,-13813.321962939028,758.5750575500941,1917.163093697798,1272.0361975993071,391.6916498764629,1718.9214034181698,1039.3993469154925,479.46768332911745,1808.3646085277187,1455.742221644225,820.4122090148859,1593.1683035035082,1278.4427669225515,1974.7488066123262,1129.578373804254,1237.956340363705,949.7391169733003,627.9261636411153,651.3578939594169,1033.1902484641378,452.83649190479497,526.9313413312332,1335.6631941217806,643.8134285493202,1786.3409757557388,1939.5692797395143,111.14471447690272,1508.6663894105177,1921.7972523792953,223.11683158998554,1394.8797827620701,421.89924453069216,1841.6018724043026,561.6539769779927,1996.3125117443494,899.0032378310178,706.2503665689193,1113.2366171764827,599.2576859748442,1215.6747688089522,123.77611791284698,1633.3874085565872,1208.8976089182752,733.4083229390561,1969.9519842907814,554.3704404879489,1458.6185208868926,1526.248934545067,687.827098878426,634.5586240710632,314.7893530650822,322.0264605703835,61.732834576032,57.989042577052096,1972.428178120968,363.95984121121796,50.80481525493348,1912.59182470718,1859.5329671719933,366.80313587382835,304.8864898772175,1375.437983043233,1944.1523844222475,346.7392408295399,1234.7896894839118,1645.507165380249,690.7533134900633,1767.8094918009062,730.7522074083475,804.0864972127081,506.23037834242785,1305.7295786598406,404.3847684862599,53.97541146506242,16.42969028462194,1695.5966997877306,1642.7074828105533,799.0007594906926,386.66058690042945,957.8407141380576,853.3874390924702,1756.7571992375176,1430.2142462541096,1478.470458459709,354.44708827356004,1849.5303793594483,1495.0015174081943,1951.3100083042157,378.4604983708568,1988.355394770747,1019.0126377083095,354.88950855016304,574.9323804768197,1056.5155161250807,1380.3463787463854,1869.3132448834792,1304.1030417254701,903.2264780623883,1457.8067287431022,1705.5077298540662,1112.9685791213642,486.2760559984858,1585.795903998075,794.2507336571734,1462.5839583830366,1261.166172909316,1082.4748838854948,1536.8825219429832,1833.683905752512,3.800030714512483,103.96265928315303,52.12713207871904,1303.729578315676,1238.8245405465382,1348.0752989864004,1426.7005514139944,314.8236682911039,1737.5085462731731,128.345804899084,41.74627323287672,857.6396290342833,1931.4406196541834,703.0424473506264,1539.1949130750781,1271.9740020014003,1787.5457928987269,1815.6092474201425,155.36977336685865,1762.3199288192766,254.14104954395316,1389.7560625709696,1741.2502199315288,1379.9614340184837,1870.8032405133818,1156.7211449195888,470.93771221511275,1235.1002436776066,1103.1438446146492,1889.384695943433,784.668242816041,535.5587322330413,1354.3317850268197,269.1459527403357,1281.6040299806305,916.7199493823358,142.75503292327355,966.6117165980887,966.6041931731803,1022.6715865013905,1050.2453976671193,1699.2355417730178,1172.224048622086,1836.8837896786156,1687.4988410162146,1432.3628484483766,1237.6447023188373,308.1358305173491,1697.88700503762,1435.8194762604865,975.6271470979068,1685.2968944989677,542.17991633284,1731.4386265098951,878.5403424893151,555.1769802408287,704.4487161983742,224.62988854759158,456.72095007862276,1058.2650157793328,14.724892916176081,1056.573337575647,268.4812982387584,968.7951521620597,1165.8703613272617,238.75562244641833,1957.6609194339042,1914.1986408930857,405.2195107245645,98.88710125209256,1818.6597413660363,1916.2376527161477,877.0779154205743,871.5501867699479,1481.6747436860421,314.90436034711735,1077.0530517718678,425.5699747671695,929.8518819181669,1448.9838495903084,1274.0965417881214,1012.0115860005247,946.1441610297333,608.784562277196,1719.7363306465359,1130.4666993681326,1986.7352762828482,425.90692470254726,250.52674867096243,297.60688421083086,290.57358717394015,1559.6016054074078,523.4148566689967,1943.168031121634,1467.357831822079,1310.0204957943827,965.6405233472053,851.6508558005187,1356.622704364628,1419.31703693818,1703.0515120381906,1045.674837942025,1793.2341294921416,242.8230815189547,1562.3647288530192,217.0494014227458,129.69625032339056,495.38042331637985,279.0904136924386,112.03432510900613,612.2358849444539,1896.9838305149744,1275.2194063426102,1854.5118840571715,1775.4189496533675,758.9779783696646,757.1254837347522,1727.4170057941865,1236.642586322059,852.5815379250078,1374.400507011722,503.3881738527426,616.5263704399398,1736.5617897894695,1191.9472884382444,1352.6176612950696,821.6302372712319,1966.2274648212506,1878.1743426311652,816.7163759585623,1993.9646386561747,887.6289227882535,215.29979048378428,286.1021238039162,1123.9179757789193,984.8508479601179,925.2940629667476,1365.330895670411,1888.1930844421272,1401.1834558614719,1180.0793026082947,961.9562097729,884.5055267181448,515.4575334901341,34.033838392129375,170.12481795016146,566.8457008901389,418.0355961870727,1697.4308637875777,1570.10251470466,1957.0837684285461,95.62627537710122,622.031963598056,1944.1211743252245,1996.1405679821953,602.0720236081545,183.1305379632553,590.2274575459761,1821.4124100998088,432.11313069344106,510.17441346693096,164.92058111157394,1825.9049328400597,1581.3084547095223,711.5091361411559,820.1882166957627,1497.7662837082407,1347.3788514858236,1189.2983573563408,992.0784669218546,513.152277245642,815.2314639967219,1029.6835652365853,726.5453557497596,1537.9719827684828,1791.8752108493734,1395.0914831027274,1776.3373713597182,437.5132354790242,1333.2742200879372,741.8011748919188,452.76668090336454,608.3019356673083,784.3097053401135,1356.0502916126657,1100.9877640085108,1169.7972447133784,1070.2267295112965,1348.46437979971,299.98432761705743,1626.6326287335294,136.08427224942182,735.6773825411769,570.6329643906347,1468.7854362078035,1581.1391402864808,432.69818738376864,1244.9127169963526,829.1781746648628,1227.009452496952,312.6977574632456,1258.5151835302358,1625.5810624612977,1016.4762521080959,985.5278328500495,541.1302850837571,630.1335018866871,221.31138726459656,1562.3346649486605,1560.4759876189828,191.82391195645366,202.94735627649942,1920.3548916981408,1766.7220700362127,62.35220352030314,420.98915864196425,187.23080895761885,1055.960691665392,1383.7222736683589,1050.0409252781526,1206.7919993811563,978.8352042801947,11.854872526345721,465.99487715195295,3.799690619507208,1373.5083679277159,1503.750028459897,1542.699611688194,1083.4966067780842,1118.129644334116,1167.9727659160656,1950.0394777103425,903.1534062159285,1287.1377833252154,1901.6394137514874,976.4320230318921,759.2577242549929,1345.2085104720618,1412.9933048011922,722.4666594500655,1653.8838348441168,545.9529412777418,1195.7277812444452,1448.0129909795287,1519.7134529920977,1913.1793959393012,36.35200114512801,62.659598166802134,899.9524652751959,1977.4854268979175,1740.479100158717,1385.583490324052
long-conventional,0.17344210983044284,-4474.049317007468,110.93313374153038,613.2032452085876,1426.7128394911506,1309.4282511347874,102.56512474849083,204.9795796159755,1791.3722533372113,749.2876151285567,790.836582313136,104.41089040842502,1108.3349549095801,1136.072226984805,1460.2828387250838,1002.5845964838279,1745.2235142101677,127.20537513937505,1895.8297217044844,920.1071867927126,1103.4225673812523,336.6312712359905,117.94801114707631,915.6439439835625,860.7894477536782,109.79112791983484,1621.326076361213,60.540837985499444,1628.5380387584494,691.0730110845266,617.1735925532302,1950.4197450107602,682.8486366910424,1148.8376508543,586.3007273708832,517.8852401166532,977.1898164598881,628.2642260056743,251.79796829405228,1555.17761753342,206.45799690775522,1252.745355487998,224.62871098471444,649.7201073661422,1904.0352956059753,938.51512498645,1090.643603690984,1903.9034297317842,1811.984710829816,905.4525574156181,451.007042381159,261.79611789519413,465.6748689487252,47.15563069906929,1881.5721911974933,19.504052040286762,187.8994326571958,542.380410071584,1348.6355800114284,300.1612019046137,1664.8226102463518,1230.585794126861,749.4876097497768,48.89461744557887,272.27334191109594,844.5891505374076,1146.4451386665623,4.314784037497837,1280.8241763352055,662.4295971130517,1125.2088904978348,689.0464245395601,338.01112983906313,1424.561445183721,1192.071413520028,1970.2948727998057,1416.312513756887,1452.1644884570942,1308.340963232184,643.6419609798435,1710.150679288276,1888.4418429492396,1867.61030074882,1482.896222572339,201.02083085002374,1159.1636740011845,340.1680018582348,324.0587153268574,671.2647595885878,1964.8282748543272,45.91641288378766,1596.2022488036237,1235.8827800724632,1513.7140469796136,1361.125857298341,36.353294778026466,421.6536880307303,1118.6872841971008
